The	O
transcription	O
factor	O
hepatocyte	O
nuclear	O
factor	O
(	O
HNF	O
)	O
-	O
6	O
is	O
an	O
upstream	O
regulator	O
of	O
several	O
genes	O
involved	O
in	O
the	O
pathogenesis	O
of	O
maturity	O
-	O
onset	O
diabetes	O
of	O
the	O
young	O
.	O
We	O
therefore	O
tested	O
the	O
hypothesis	O
that	O
variability	O
in	O
the	O
HNF	O
-	O
6	O
gene	O
is	O
associated	O
with	O
subsets	O
of	O
Type	O
II	O
(	O
non	O
-	O
insulin	O
-	O
dependent	O
)	O
diabetes	O
mellitus	O
and	O
estimates	O
of	O
insulin	O
secretion	O
in	O
glucose	B
tolerant	O
subjects	O
.	O
We	O
cloned	O
the	O
coding	O
region	O
as	O
well	O
as	O
the	O
intron	O
-	O
exon	O
boundaries	O
of	O
the	O
HNF	O
-	O
6	O
gene	O
.	O
We	O
then	O
examined	O
them	O
on	O
genomic	O
DNA	O
in	O
six	O
MODY	O
probands	O
without	O
mutations	O
in	O
the	O
MODY1	O
,	O
MODY3	O
and	O
MODY4	O
genes	O
and	O
in	O
54	O
patients	O
with	O
late	O
-	O
onset	O
Type	O
II	O
diabetes	O
by	O
combined	O
single	O
strand	O
conformational	O
polymorphism	O
-	O
heteroduplex	O
analysis	O
followed	O
by	O
direct	O
sequencing	O
of	O
identified	O
variants	O
.	O
An	O
identified	O
missense	O
variant	O
was	O
examined	O
in	O
association	O
studies	O
and	O
genotype	O
-	O
phenotype	O
studies	O
.	O
We	O
identified	O
two	O
silent	O
and	O
one	O
missense	O
(	O
Pro75	O
Ala	O
)	O
variant	O
.	O
In	O
an	O
association	O
study	O
the	O
allelic	O
frequency	O
of	O
the	O
Pro75Ala	O
polymorphism	O
was	O
3	O
.	O
2	O
%	O
(	O
95	O
%	O
confidence	O
interval	O
,	O
1	O
.	O
9	O
-	O
4	O
.	O
5	O
)	O
in	O
330	O
patients	O
with	O
Type	O
II	O
diabetes	O
mellitus	O
compared	O
with	O
4	O
.	O
2	O
%	O
(	O
2	O
.	O
4	O
-	O
6	O
.	O
0	O
)	O
in	O
238	O
age	O
-	O
matched	O
glucose	B
tolerant	O
control	O
subjects	O
.	O
Moreover	O
,	O
in	O
studies	O
of	O
238	O
middle	O
-	O
aged	O
glucose	B
tolerant	O
subjects	O
,	O
of	O
226	O
glucose	B
tolerant	O
offspring	O
of	O
Type	O
II	O
diabetic	O
patients	O
and	O
of	O
367	O
young	O
healthy	O
subjects	O
,	O
the	O
carriers	O
of	O
the	O
polymorphism	O
did	O
not	O
differ	O
from	O
non	O
-	O
carriers	O
in	O
glucose	B
induced	O
serum	O
insulin	O
or	O
C	O
-	O
peptide	O
responses	O
.	O
Mutations	O
in	O
the	O
coding	O
region	O
of	O
the	O
HNF	O
-	O
6	O
gene	O
are	O
not	O
associated	O
with	O
Type	O
II	O
diabetes	O
or	O
with	O
changes	O
in	O
insulin	O
responses	O
to	O
glucose	B
among	O
the	O
Caucasians	O
examined	O
.	O

We	O
have	O
identified	O
a	O
type	O
II	O
Ca2	O
+	O
-	O
dependent	O
lectin	O
displaying	O
mannose	B
-	O
binding	O
specificity	O
,	O
exclusively	O
expressed	O
by	O
Langerhans	O
cells	O
(	O
LC	O
)	O
,	O
and	O
named	O
Langerin	O
.	O
LC	O
are	O
uniquely	O
characterized	O
by	O
Birbeck	O
granules	O
(	O
BG	O
)	O
,	O
which	O
are	O
organelles	O
consisting	O
of	O
superimposed	O
and	O
zippered	O
membranes	O
.	O
Here	O
,	O
we	O
have	O
shown	O
that	O
Langerin	O
is	O
constitutively	O
associated	O
with	O
BG	O
and	O
that	O
antibody	O
to	O
Langerin	O
is	O
internalized	O
into	O
these	O
structures	O
.	O
Remarkably	O
,	O
transfection	O
of	O
Langerin	O
cDNA	O
into	O
fibroblasts	O
created	O
a	O
compact	O
network	O
of	O
membrane	O
structures	O
with	O
typical	O
features	O
of	O
BG	O
.	O
Langerin	O
is	O
thus	O
a	O
potent	O
inducer	O
of	O
membrane	O
superimposition	O
and	O
zippering	O
leading	O
to	O
BG	O
formation	O
.	O
Our	O
data	O
suggest	O
that	O
induction	O
of	O
BG	O
is	O
a	O
consequence	O
of	O
the	O
antigen	O
-	O
capture	O
function	O
of	O
Langerin	O
,	O
allowing	O
routing	O
into	O
these	O
organelles	O
and	O
providing	O
access	O
to	O
a	O
nonclassical	O
antigen	O
-	O
processing	O
pathway	O
.	O

Apomorphine	B
:	O
an	O
underutilized	O
therapy	O
for	O
Parkinson	O
'	O
s	O
disease	O
.	O

Apomorphine	B
was	O
the	O
first	O
dopaminergic	B
drug	I
ever	O
used	O
to	O
treat	O
symptoms	O
of	O
Parkinson	O
'	O
s	O
disease	O
.	O
While	O
powerful	O
antiparkinsonian	O
effects	O
had	O
been	O
observed	O
as	O
early	O
as	O
1951	O
,	O
the	O
potential	O
of	O
treating	O
fluctuating	O
Parkinson	O
'	O
s	O
disease	O
by	O
subcutaneous	O
administration	O
of	O
apomorphine	B
has	O
only	O
recently	O
become	O
the	O
subject	O
of	O
systematic	O
study	O
.	O
A	O
number	O
of	O
small	O
scale	O
clinical	O
trials	O
have	O
unequivocally	O
shown	O
that	O
intermittent	O
subcutaneous	O
apomorphine	B
injections	O
produce	O
antiparkinsonian	O
benefit	O
close	O
if	O
not	O
identical	O
to	O
that	O
seen	O
with	O
levodopa	B
and	O
that	O
apomorphine	B
rescue	O
injections	O
can	O
reliably	O
revert	O
off	O
-	O
periods	O
even	O
in	O
patients	O
with	O
complex	O
on	O
-	O
off	O
motor	O
swings	O
.	O
Continuous	O
subcutaneous	O
apomorphine	B
infusions	O
can	O
reduce	O
daily	O
off	O
-	O
time	O
by	O
more	O
than	O
50	O
%	O
in	O
this	O
group	O
of	O
patients	O
,	O
which	O
appears	O
to	O
be	O
a	O
stronger	O
effect	O
than	O
that	O
generally	O
seen	O
with	O
add	O
-	O
on	O
therapy	O
with	O
oral	O
dopamine	B
agonists	I
or	O
COMT	B
inhibitors	I
.	O
Extended	O
follow	O
-	O
up	O
studies	O
of	O
up	O
to	O
8	O
years	O
have	O
demonstrated	O
long	O
-	O
term	O
persistence	O
of	O
apomorphine	B
efficacy	O
.	O
In	O
addition	O
,	O
there	O
is	O
convincing	O
clinical	O
evidence	O
that	O
monotherapy	O
with	O
continuous	O
subcutaneous	O
apomorphine	B
infusions	O
is	O
associated	O
with	O
marked	O
reductions	O
of	O
preexisting	O
levodopa	B
-	O
induced	O
dyskinesias	O
.	O
The	O
main	O
side	O
effects	O
of	O
subcutaneous	O
apomorphine	B
treatment	O
are	O
related	O
to	O
cutaneous	O
tolerability	O
problems	O
,	O
whereas	O
sedation	O
and	O
psychiatric	O
complications	O
play	O
a	O
lesser	O
role	O
.	O
Given	O
the	O
marked	O
degree	O
of	O
efficacy	O
of	O
subcutaneous	O
apomorphine	B
treatment	O
in	O
fluctuating	O
Parkinson	O
'	O
s	O
disease	O
,	O
this	O
approach	O
seems	O
to	O
deserve	O
more	O
widespread	O
clinical	O
use	O
.	O

A	O
new	O
Rab6	O
homolog	O
cDNA	O
,	O
Rab6c	O
,	O
was	O
discovered	O
by	O
a	O
hypermethylated	O
DNA	O
fragment	O
probe	O
that	O
was	O
isolated	O
from	O
a	O
human	O
multidrug	O
resistant	O
(	O
MDR	O
)	O
breast	O
cancer	O
cell	O
line	O
,	O
MCF7	O
/	O
AdrR	O
,	O
by	O
the	O
methylation	O
sensitive	O
-	O
representational	O
difference	O
analysis	O
(	O
MS	O
-	O
RDA	O
)	O
technique	O
.	O
Rab6c	O
was	O
found	O
to	O
be	O
under	O
-	O
expressed	O
in	O
MCF7	O
/	O
AdrR	O
and	O
MES	O
-	O
SA	O
/	O
Dx5	O
(	O
a	O
human	O
MDR	O
uterine	O
sarcoma	O
cell	O
line	O
)	O
compared	O
with	O
their	O
non	O
-	O
MDR	O
parental	O
cell	O
lines	O
.	O
MCF7	O
/	O
AdrR	O
cells	O
expressing	O
the	O
exogenous	O
Rab6c	O
exhibited	O
less	O
resistance	O
to	O
several	O
anti	O
-	O
cancer	O
drugs	O
,	O
such	O
as	O
doxorubicin	B
(	O
DOX	B
)	O
,	O
taxol	B
,	O
vinblastine	B
,	O
and	O
vincristine	B
,	O
than	O
the	O
control	O
cells	O
containing	O
the	O
empty	O
vector	O
.	O
Flow	O
cytometry	O
experiments	O
confirmed	O
that	O
the	O
transfectants	O
'	O
diminished	O
resistance	O
to	O
DOX	B
was	O
caused	O
by	O
increased	O
drug	O
accumulation	O
induced	O
by	O
the	O
exogenous	O
Rab6c	O
.	O
These	O
results	O
indicate	O
that	O
Rab6c	O
is	O
involved	O
in	O
drug	O
resistance	O
in	O
MCF7	O
/	O
AdrR	O
cells	O
.	O

BACKGROUND	O
:	O
The	O
calcineurin	O
inhibitors	O
cyclosporine	B
and	O
tacrolimus	B
are	O
both	O
known	O
to	O
be	O
nephrotoxic	O
.	O
Their	O
use	O
in	O
orthotopic	O
liver	O
transplantation	O
(	O
OLTX	O
)	O
has	O
dramatically	O
improved	O
success	O
rates	O
.	O
Recently	O
,	O
however	O
,	O
we	O
have	O
had	O
an	O
increase	O
of	O
patients	O
who	O
are	O
presenting	O
after	O
OLTX	O
with	O
end	O
-	O
stage	O
renal	O
disease	O
(	O
ESRD	O
)	O
.	O
This	O
retrospective	O
study	O
examines	O
the	O
incidence	O
and	O
treatment	O
of	O
ESRD	O
and	O
chronic	O
renal	O
failure	O
(	O
CRF	O
)	O
in	O
OLTX	O
patients	O
.	O
METHODS	O
:	O
Patients	O
receiving	O
an	O
OLTX	O
only	O
from	O
June	O
1985	O
through	O
December	O
of	O
1994	O
who	O
survived	O
6	O
months	O
postoperatively	O
were	O
studied	O
(	O
n	O
=	O
834	O
)	O
.	O
Our	O
prospectively	O
collected	O
database	O
was	O
the	O
source	O
of	O
information	O
.	O
Patients	O
were	O
divided	O
into	O
three	O
groups	O
:	O
Controls	O
,	O
no	O
CRF	O
or	O
ESRD	O
,	O
n	O
=	O
748	O
;	O
CRF	O
,	O
sustained	O
serum	O
creatinine	B
>	O
2	O
.	O
5	O
mg	O
/	O
dl	O
,	O
n	O
=	O
41	O
;	O
and	O
ESRD	O
,	O
n	O
=	O
45	O
.	O
Groups	O
were	O
compared	O
for	O
preoperative	O
laboratory	O
variables	O
,	O
diagnosis	O
,	O
postoperative	O
variables	O
,	O
survival	O
,	O
type	O
of	O
ESRD	O
therapy	O
,	O
and	O
survival	O
from	O
onset	O
of	O
ESRD	O
.	O
RESULTS	O
:	O
At	O
13	O
years	O
after	O
OLTX	O
,	O
the	O
incidence	O
of	O
severe	O
renal	O
dysfunction	O
was	O
18	O
.	O
1	O
%	O
(	O
CRF	O
8	O
.	O
6	O
%	O
and	O
ESRD	O
9	O
.	O
5	O
%	O
)	O
.	O
Compared	O
with	O
control	O
patients	O
,	O
CRF	O
and	O
ESRD	O
patients	O
had	O
higher	O
preoperative	O
serum	O
creatinine	B
levels	O
,	O
a	O
greater	O
percentage	O
of	O
patients	O
with	O
hepatorenal	O
syndrome	O
,	O
higher	O
percentage	O
requirement	O
for	O
dialysis	O
in	O
the	O
first	O
3	O
months	O
postoperatively	O
,	O
and	O
a	O
higher	O
1	O
-	O
year	O
serum	O
creatinine	B
.	O
Multivariate	O
stepwise	O
logistic	O
regression	O
analysis	O
using	O
preoperative	O
and	O
postoperative	O
variables	O
identified	O
that	O
an	O
increase	O
of	O
serum	O
creatinine	B
compared	O
with	O
average	O
at	O
1	O
year	O
,	O
3	O
months	O
,	O
and	O
4	O
weeks	O
postoperatively	O
were	O
independent	O
risk	O
factors	O
for	O
the	O
development	O
of	O
CRF	O
or	O
ESRD	O
with	O
odds	O
ratios	O
of	O
2	O
.	O
6	O
,	O
2	O
.	O
2	O
,	O
and	O
1	O
.	O
6	O
,	O
respectively	O
.	O
Overall	O
survival	O
from	O
the	O
time	O
of	O
OLTX	O
was	O
not	O
significantly	O
different	O
among	O
groups	O
,	O
but	O
by	O
year	O
13	O
,	O
the	O
survival	O
of	O
the	O
patients	O
who	O
had	O
ESRD	O
was	O
only	O
28	O
.	O
2	O
%	O
compared	O
with	O
54	O
.	O
6	O
%	O
in	O
the	O
control	O
group	O
.	O
Patients	O
developing	O
ESRD	O
had	O
a	O
6	O
-	O
year	O
survival	O
after	O
onset	O
of	O
ESRD	O
of	O
27	O
%	O
for	O
the	O
patients	O
receiving	O
hemodialysis	O
versus	O
71	O
.	O
4	O
%	O
for	O
the	O
patients	O
developing	O
ESRD	O
who	O
subsequently	O
received	O
kidney	O
transplants	O
.	O
CONCLUSIONS	O
:	O
Patients	O
who	O
are	O
more	O
than	O
10	O
years	O
post	O
-	O
OLTX	O
have	O
CRF	O
and	O
ESRD	O
at	O
a	O
high	O
rate	O
.	O
The	O
development	O
of	O
ESRD	O
decreases	O
survival	O
,	O
particularly	O
in	O
those	O
patients	O
treated	O
with	O
dialysis	O
only	O
.	O
Patients	O
who	O
develop	O
ESRD	O
have	O
a	O
higher	O
preoperative	O
and	O
1	O
-	O
year	O
serum	O
creatinine	B
and	O
are	O
more	O
likely	O
to	O
have	O
hepatorenal	O
syndrome	O
.	O
However	O
,	O
an	O
increase	O
of	O
serum	O
creatinine	B
at	O
various	O
times	O
postoperatively	O
is	O
more	O
predictive	O
of	O
the	O
development	O
of	O
CRF	O
or	O
ESRD	O
.	O
New	O
strategies	O
for	O
long	O
-	O
term	O
immunosuppression	O
may	O
be	O
needed	O
to	O
decrease	O
this	O
complication	O
.	O

Proprotein	O
convertase	O
subtilisin	O
/	O
kexin	O
type	O
9	O
(	O
PCSK9	O
)	O
is	O
at	O
a	O
locus	O
for	O
autosomal	O
dominant	O
hypercholesterolemia	O
,	O
and	O
recent	O
data	O
indicate	O
that	O
the	O
PCSK9	O
gene	O
is	O
involved	O
in	O
cholesterol	B
biosynthesis	O
.	O
Mutations	O
within	O
this	O
gene	O
have	O
previously	O
been	O
found	O
to	O
segregate	O
with	O
hypercholesterolemia	O
.	O
In	O
this	O
study	O
,	O
DNA	O
sequencing	O
of	O
the	O
12	O
exons	O
of	O
the	O
PCSK9	O
gene	O
has	O
been	O
performed	O
in	O
51	O
Norwegian	O
subjects	O
with	O
a	O
clinical	O
diagnosis	O
of	O
familial	O
hypercholesterolemia	O
where	O
mutations	O
in	O
the	O
low	O
-	O
density	O
lipoprotein	O
receptor	O
gene	O
and	O
mutation	O
R3500Q	O
in	O
the	O
apolipoprotein	O
B	O
-	O
100	O
gene	O
had	O
been	O
excluded	O
.	O
Two	O
novel	O
missense	O
mutations	O
were	O
detected	O
in	O
the	O
catalytic	O
subdomain	O
of	O
the	O
PCSK9	O
gene	O
.	O
Two	O
patients	O
were	O
heterozygotes	O
for	O
D374Y	O
,	O
and	O
one	O
patient	O
was	O
a	O
double	O
heterozygote	O
for	O
D374Y	O
and	O
N157K	O
.	O
D374Y	O
segregated	O
with	O
hypercholesterolemia	O
in	O
the	O
two	O
former	O
families	O
where	O
family	O
members	O
were	O
available	O
for	O
study	O
.	O
Our	O
findings	O
support	O
the	O
notion	O
that	O
mutations	O
in	O
the	O
PCSK9	O
gene	O
cause	O
autosomal	O
dominant	O
hypercholesterolemia	O
.	O

Severe	O
reversible	O
left	O
ventricular	O
systolic	O
and	O
diastolic	O
dysfunction	O
due	O
to	O
accidental	O
iatrogenic	O
epinephrine	B
overdose	O
.	O

Catecholamine	B
-	O
induced	O
cardiomyopathy	O
due	O
to	O
chronic	O
excess	O
of	O
endogenous	O
catecholamines	B
has	O
been	O
recognized	O
for	O
decades	O
as	O
a	O
clinical	O
phenomenon	O
.	O
In	O
contrast	O
,	O
reports	O
of	O
myocardial	O
dysfunction	O
due	O
to	O
acute	O
iatrogenic	O
overdose	O
are	O
rare	O
.	O
A	O
35	O
-	O
year	O
-	O
old	O
woman	O
whose	O
cervix	O
uteri	O
was	O
inadvertently	O
injected	O
with	O
8	O
mg	O
of	O
epinephrine	B
developed	O
myocardial	O
stunning	O
that	O
was	O
characterized	O
by	O
severe	O
hemodynamic	O
compromise	O
,	O
profound	O
,	O
albeit	O
transient	O
,	O
left	O
ventricular	O
systolic	O
and	O
diastolic	O
dysfunction	O
,	O
and	O
only	O
modestly	O
elevated	O
biochemical	O
markers	O
of	O
myocardial	O
necrosis	O
.	O
Our	O
case	O
illustrates	O
the	O
serious	O
consequences	O
of	O
medical	O
errors	O
that	O
can	O
be	O
avoided	O
through	O
improved	O
medication	O
labeling	O
and	O
staff	O
supervision	O
.	O

Effects	O
of	O
the	O
cyclooxygenase	O
-	O
2	O
specific	O
inhibitor	O
valdecoxib	B
versus	O
nonsteroidal	B
antiinflammatory	I
agents	I
and	O
placebo	O
on	O
cardiovascular	O
thrombotic	O
events	O
in	O
patients	O
with	O
arthritis	O
.	O

There	O
have	O
been	O
concerns	O
that	O
the	O
risk	O
of	O
cardiovascular	O
thrombotic	O
events	O
may	O
be	O
higher	O
with	O
cyclooxygenase	O
(	O
COX	O
)	O
-	O
2	O
-	O
specific	O
inhibitors	O
than	O
nonselective	O
nonsteroidal	B
antiinflammatory	I
drugs	I
(	O
NSAIDs	B
)	O
.	O
We	O
evaluated	O
cardiovascular	O
event	O
data	O
for	O
valdecoxib	B
,	O
a	O
new	O
COX	O
-	O
2	O
-	O
specific	O
inhibitor	O
in	O
approximately	O
8000	O
patients	O
with	O
osteoarthritis	O
and	O
rheumatoid	O
arthritis	O
treated	O
with	O
this	O
agent	O
in	O
randomized	O
clinical	O
trials	O
.	O
The	O
incidence	O
of	O
cardiovascular	O
thrombotic	O
events	O
(	O
cardiac	O
,	O
cerebrovascular	O
and	O
peripheral	O
vascular	O
,	O
or	O
arterial	O
thrombotic	O
)	O
was	O
determined	O
by	O
analyzing	O
pooled	O
valdecoxib	B
(	O
10	O
-	O
80	O
mg	O
daily	O
)	O
,	O
nonselective	O
NSAID	B
(	O
diclofenac	B
75	O
mg	O
bid	O
,	O
ibuprofen	B
800	O
mg	O
tid	O
,	O
or	O
naproxen	B
500	O
mg	O
bid	O
)	O
and	O
placebo	O
data	O
from	O
10	O
randomized	O
osteoarthritis	O
and	O
rheumatoid	O
arthritis	O
trials	O
that	O
were	O
6	O
-	O
52	O
weeks	O
in	O
duration	O
.	O
The	O
incidence	O
rates	O
of	O
events	O
were	O
determined	O
in	O
all	O
patients	O
(	O
n	O
=	O
7934	O
)	O
and	O
in	O
users	O
of	O
low	O
-	O
dose	O
(	O
<	O
or	O
=	O
325	O
mg	O
daily	O
)	O
aspirin	B
(	O
n	O
=	O
1051	O
)	O
and	O
nonusers	O
of	O
aspirin	B
(	O
n	O
=	O
6883	O
)	O
.	O
Crude	O
and	O
exposure	O
-	O
adjusted	O
incidences	O
of	O
thrombotic	O
events	O
were	O
similar	O
for	O
valdecoxib	B
,	O
NSAIDs	B
,	O
and	O
placebo	O
.	O
The	O
risk	O
of	O
serious	O
thrombotic	O
events	O
was	O
also	O
similar	O
for	O
each	O
valdecoxib	B
dose	O
.	O
Thrombotic	O
risk	O
was	O
consistently	O
higher	O
for	O
users	O
of	O
aspirin	B
users	O
than	O
nonusers	O
of	O
aspirin	B
(	O
placebo	O
,	O
1	O
.	O
4	O
%	O
vs	O
.	O
0	O
%	O
;	O
valdecoxib	B
,	O
1	O
.	O
7	O
%	O
vs	O
.	O
0	O
.	O
2	O
%	O
;	O
NSAIDs	B
,	O
1	O
.	O
9	O
%	O
vs	O
.	O
0	O
.	O
5	O
%	O
)	O
.	O
The	O
rates	O
of	O
events	O
in	O
users	O
of	O
aspirin	B
were	O
similar	O
for	O
all	O
3	O
treatment	O
groups	O
and	O
across	O
valdecoxib	B
doses	O
.	O
Short	O
-	O
and	O
intermediate	O
-	O
term	O
treatment	O
with	O
therapeutic	O
(	O
10	O
or	O
20	O
mg	O
daily	O
)	O
and	O
supratherapeutic	O
(	O
40	O
or	O
80	O
mg	O
daily	O
)	O
valdecoxib	B
doses	O
was	O
not	O
associated	O
with	O
an	O
increased	O
incidence	O
of	O
thrombotic	O
events	O
relative	O
to	O
nonselective	O
NSAIDs	B
or	O
placebo	O
in	O
osteoarthritis	O
and	O
rheumatoid	O
arthritis	O
patients	O
in	O
controlled	O
clinical	O
trials	O
.	O

Migraine	O
is	O
a	O
common	O
debilitating	O
primary	O
headache	O
disorder	O
with	O
significant	O
mental	O
,	O
physical	O
and	O
social	O
health	O
implications	O
.	O
The	O
brain	O
neurotransmitter	B
5	B
-	I
hydroxytryptamine	I
(	O
5	B
-	I
HT	I
;	O
serotonin	B
)	O
is	O
involved	O
in	O
nociceptive	O
pathways	O
and	O
has	O
been	O
implicated	O
in	O
the	O
pathophysiology	O
of	O
migraine	O
.	O
With	O
few	O
genetic	O
studies	O
investigating	O
biosynthetic	O
and	O
metabolic	O
enzymes	O
governing	O
the	O
rate	O
of	O
5	B
-	I
HT	I
activity	O
and	O
their	O
relationship	O
to	O
migraine	O
,	O
it	O
was	O
the	O
objective	O
of	O
this	O
study	O
to	O
assess	O
genetic	O
variants	O
within	O
the	O
human	O
tryptophan	O
hydroxylase	O
(	O
TPH	O
)	O
,	O
amino	O
acid	O
decarboxylase	O
(	O
AADC	O
)	O
and	O
monoamine	O
oxidase	O
A	O
(	O
MAOA	O
)	O
genes	O
in	O
migraine	O
susceptibility	O
.	O
This	O
objective	O
was	O
undertaken	O
using	O
a	O
high	O
-	O
throughput	O
DNA	O
pooling	O
experimental	O
design	O
,	O
which	O
proved	O
to	O
be	O
a	O
very	O
accurate	O
,	O
sensitive	O
and	O
specific	O
method	O
of	O
estimating	O
allele	O
frequencies	O
for	O
single	O
nucleotide	O
polymorphism	O
,	O
insertion	O
deletion	O
and	O
variable	O
number	O
tandem	O
repeat	O
loci	O
.	O
Application	O
of	O
DNA	O
pooling	O
to	O
a	O
wide	O
array	O
of	O
genetic	O
loci	O
provides	O
greater	O
scope	O
in	O
the	O
assessment	O
of	O
population	O
-	O
based	O
genetic	O
association	O
study	O
designs	O
.	O
Despite	O
the	O
application	O
of	O
this	O
high	O
-	O
throughput	O
genotyping	O
method	O
,	O
negative	O
results	O
from	O
the	O
two	O
-	O
stage	O
DNA	O
pooling	O
design	O
used	O
to	O
screen	O
loci	O
within	O
the	O
TPH	O
,	O
AADC	O
and	O
MAOA	O
genes	O
did	O
not	O
support	O
their	O
role	O
in	O
migraine	O
susceptibility	O
.	O

5	B
-	I
Fluorouracil	I
cardiotoxicity	O
induced	O
by	O
alpha	B
-	I
fluoro	I
-	I
beta	I
-	I
alanine	I
.	O

Cardiotoxicity	O
is	O
a	O
rare	O
complication	O
occurring	O
during	O
5	B
-	I
fluorouracil	I
(	O
5	B
-	I
FU	I
)	O
treatment	O
for	O
malignancies	O
.	O
We	O
herein	O
report	O
the	O
case	O
of	O
a	O
70	O
-	O
year	O
-	O
old	O
man	O
with	O
5	B
-	I
FU	I
-	O
induced	O
cardiotoxicity	O
,	O
in	O
whom	O
a	O
high	O
serum	O
level	O
of	O
alpha	B
-	I
fluoro	I
-	I
beta	I
-	I
alanine	I
(	O
FBAL	B
)	O
was	O
observed	O
.	O
The	O
patient	O
,	O
who	O
had	O
unresectable	O
colon	O
cancer	O
metastases	O
to	O
the	O
liver	O
and	O
lung	O
,	O
was	O
referred	O
to	O
us	O
for	O
chemotherapy	O
from	O
an	O
affiliated	O
hospital	O
;	O
he	O
had	O
no	O
cardiac	O
history	O
.	O
After	O
admission	O
,	O
the	O
patient	O
received	O
a	O
continuous	O
intravenous	O
infusion	O
of	O
5	B
-	I
FU	I
(	O
1000	O
mg	O
/	O
day	O
)	O
,	O
during	O
which	O
precordial	O
pain	O
with	O
right	O
bundle	O
branch	O
block	O
occurred	O
concomitantly	O
with	O
a	O
high	O
serum	O
FBAL	B
concentration	O
of	O
1955	O
ng	O
/	O
ml	O
.	O
Both	O
the	O
precordial	O
pain	O
and	O
the	O
electrocardiographic	O
changes	O
disappeared	O
spontaneously	O
after	O
the	O
discontinuation	O
of	O
5	B
-	I
FU	I
.	O
As	O
the	O
precordial	O
pain	O
in	O
this	O
patient	O
was	O
considered	O
to	O
have	O
been	O
due	O
to	O
5	B
-	I
FU	I
-	O
induced	O
cardiotoxicity	O
,	O
the	O
administration	O
of	O
5	B
-	I
FU	I
was	O
abandoned	O
.	O
Instead	O
,	O
oral	O
administration	O
of	O
S	B
-	I
1	I
(	O
a	O
derivative	O
of	O
5	B
-	I
FU	I
)	O
,	O
at	O
200	O
mg	O
/	O
day	O
twice	O
a	O
week	O
,	O
was	O
instituted	O
,	O
because	O
S	B
-	I
1	I
has	O
a	O
strong	O
inhibitory	O
effect	O
on	O
dihydropyrimidine	B
dehydrogenase	O
,	O
which	O
catalyzes	O
the	O
degradative	O
of	O
5	B
-	I
FU	I
into	O
FBAL	B
.	O
The	O
serum	O
FBAL	B
concentration	O
subsequently	O
decreased	O
to	O
352	O
ng	O
/	O
ml	O
,	O
the	O
same	O
as	O
the	O
value	O
measured	O
on	O
the	O
first	O
day	O
of	O
S	B
-	I
1	I
administration	O
.	O
Thereafter	O
,	O
no	O
cardiac	O
symptoms	O
were	O
observed	O
.	O
The	O
patient	O
achieved	O
a	O
partial	O
response	O
6	O
months	O
after	O
the	O
initiation	O
of	O
the	O
S	B
-	I
1	I
treatment	O
.	O
The	O
experience	O
of	O
this	O
case	O
,	O
together	O
with	O
a	O
review	O
of	O
the	O
literature	O
,	O
suggests	O
that	O
FBAL	B
is	O
related	O
to	O
5	B
-	I
FU	I
-	O
induced	O
cardiotoxicity	O
.	O
S	B
-	I
1	I
may	O
be	O
administered	O
safely	O
to	O
patients	O
with	O
5	B
-	I
FU	I
-	O
induced	O
cardiotoxicity	O
.	O

Pilocarpine	B
seizures	O
cause	O
age	O
-	O
dependent	O
impairment	O
in	O
auditory	O
location	O
discrimination	O
.	O

Children	O
who	O
have	O
status	O
epilepticus	O
have	O
continuous	O
or	O
rapidly	O
repeating	O
seizures	O
that	O
may	O
be	O
life	O
-	O
threatening	O
and	O
may	O
cause	O
life	O
-	O
long	O
changes	O
in	O
brain	O
and	O
behavior	O
.	O
The	O
extent	O
to	O
which	O
status	O
epilepticus	O
causes	O
deficits	O
in	O
auditory	O
discrimination	O
is	O
unknown	O
.	O
A	O
naturalistic	O
auditory	O
location	O
discrimination	O
method	O
was	O
used	O
to	O
evaluate	O
this	O
question	O
using	O
an	O
animal	O
model	O
of	O
status	O
epilepticus	O
.	O
Male	O
Sprague	O
-	O
Dawley	O
rats	O
were	O
injected	O
with	O
saline	O
on	O
postnatal	O
day	O
(	O
P	O
)	O
20	O
,	O
or	O
a	O
convulsant	O
dose	O
of	O
pilocarpine	B
on	O
P20	O
or	O
P45	O
.	O
Pilocarpine	B
on	O
either	O
day	O
induced	O
status	O
epilepticus	O
;	O
status	O
epilepticus	O
at	O
P45	O
resulted	O
in	O
CA3	O
cell	O
loss	O
and	O
spontaneous	O
seizures	O
,	O
whereas	O
P20	O
rats	O
had	O
no	O
cell	O
loss	O
or	O
spontaneous	O
seizures	O
.	O
Mature	O
rats	O
were	O
trained	O
with	O
sound	O
-	O
source	O
location	O
and	O
sound	O
-	O
silence	O
discriminations	O
.	O
Control	O
(	O
saline	O
P20	O
)	O
rats	O
acquired	O
both	O
discriminations	O
immediately	O
.	O
In	O
status	O
epilepticus	O
(	O
P20	O
)	O
rats	O
,	O
acquisition	O
of	O
the	O
sound	O
-	O
source	O
location	O
discrimination	O
was	O
moderately	O
impaired	O
.	O
Status	O
epilepticus	O
(	O
P45	O
)	O
rats	O
failed	O
to	O
acquire	O
either	O
sound	O
-	O
source	O
location	O
or	O
sound	O
-	O
silence	O
discriminations	O
.	O
Status	O
epilepticus	O
in	O
rat	O
causes	O
an	O
age	O
-	O
dependent	O
,	O
long	O
-	O
term	O
impairment	O
in	O
auditory	O
discrimination	O
.	O
This	O
impairment	O
may	O
explain	O
one	O
cause	O
of	O
impaired	O
auditory	O
location	O
discrimination	O
in	O
humans	O
.	O

Chloroacetaldehyde	B
as	O
a	O
sulfhydryl	B
reagent	I
:	O
the	O
role	O
of	O
critical	O
thiol	B
groups	O
in	O
ifosfamide	B
nephropathy	O
.	O

Chloroacetaldehyde	B
(	O
CAA	B
)	O
is	O
a	O
metabolite	O
of	O
the	O
alkylating	B
agent	I
ifosfamide	B
(	O
IFO	B
)	O
and	O
putatively	O
responsible	O
for	O
renal	O
damage	O
following	O
anti	O
-	O
tumor	O
therapy	O
with	O
IFO	B
.	O
Depletion	O
of	O
sulfhydryl	B
(	O
SH	B
)	O
groups	O
has	O
been	O
reported	O
from	O
cell	O
culture	O
,	O
animal	O
and	O
clinical	O
studies	O
.	O
In	O
this	O
work	O
the	O
effect	O
of	O
CAA	B
on	O
human	O
proximal	O
tubule	O
cells	O
in	O
primary	O
culture	O
(	O
hRPTEC	O
)	O
was	O
investigated	O
.	O
Toxicity	O
of	O
CAA	B
was	O
determined	O
by	O
protein	O
content	O
,	O
cell	O
number	O
,	O
LDH	B
release	O
,	O
trypan	B
blue	I
exclusion	O
assay	O
and	O
caspase	O
-	O
3	O
activity	O
.	O
Free	O
thiols	B
were	O
measured	O
by	O
the	O
method	O
of	O
Ellman	O
.	O
CAA	B
reduced	O
hRPTEC	O
cell	O
number	O
and	O
protein	O
,	O
induced	O
a	O
loss	O
in	O
free	O
intracellular	O
thiols	B
and	O
an	O
increase	O
in	O
necrosis	O
markers	O
.	O
CAA	B
but	O
not	O
acrolein	B
inhibited	O
the	O
cysteine	O
proteases	O
caspase	O
-	O
3	O
,	O
caspase	O
-	O
8	O
and	O
cathepsin	O
B	O
.	O
Caspase	O
activation	O
by	O
cisplatin	B
was	O
inhibited	O
by	O
CAA	B
.	O
In	O
cells	O
stained	O
with	O
fluorescent	O
dyes	O
targeting	O
lysosomes	O
,	O
CAA	B
induced	O
an	O
increase	O
in	O
lysosomal	O
size	O
and	O
lysosomal	O
leakage	O
.	O
The	O
effects	O
of	O
CAA	B
on	O
cysteine	O
protease	O
activities	O
and	O
thiols	B
could	O
be	O
reproduced	O
in	O
cell	O
lysate	O
.	O
Acidification	O
,	O
which	O
slowed	O
the	O
reaction	O
of	O
CAA	B
with	O
thiol	B
donors	O
,	O
could	O
also	O
attenuate	O
effects	O
of	O
CAA	B
on	O
necrosis	O
markers	O
,	O
thiol	B
depletion	O
and	O
cysteine	O
protease	O
inhibition	O
in	O
living	O
cells	O
.	O
Thus	O
,	O
CAA	B
directly	O
reacts	O
with	O
cellular	O
protein	O
and	O
non	O
-	O
protein	O
thiols	B
,	O
mediating	O
its	O
toxicity	O
on	O
hRPTEC	O
.	O
This	O
effect	O
can	O
be	O
reduced	O
by	O
acidification	O
.	O
Therefore	O
,	O
urinary	O
acidification	O
could	O
be	O
an	O
option	O
to	O
prevent	O
IFO	B
nephropathy	O
in	O
patients	O
.	O

The	O
effect	O
of	O
induced	O
hypertension	O
instituted	O
after	O
a	O
2	O
-	O
h	O
delay	O
following	O
middle	O
cerebral	O
artery	O
occlusion	O
(	O
MCAO	O
)	O
on	O
brain	O
edema	O
formation	O
and	O
histochemical	O
injury	O
was	O
studied	O
.	O
Under	O
isoflurane	B
anesthesia	O
,	O
the	O
MCA	O
of	O
14	O
spontaneously	O
hypertensive	O
rats	O
was	O
occluded	O
.	O
In	O
the	O
control	O
group	O
(	O
n	O
=	O
7	O
)	O
,	O
the	O
mean	O
arterial	O
pressure	O
(	O
MAP	O
)	O
was	O
not	O
manipulated	O
.	O
In	O
the	O
hypertensive	O
group	O
(	O
n	O
=	O
7	O
)	O
,	O
the	O
MAP	O
was	O
elevated	O
by	O
25	O
-	O
30	O
mm	O
Hg	O
beginning	O
2	O
h	O
after	O
MCAO	O
.	O
Four	O
hours	O
after	O
MCAO	O
,	O
the	O
rats	O
were	O
killed	O
and	O
the	O
brains	O
harvested	O
.	O
The	O
brains	O
were	O
sectioned	O
along	O
coronal	O
planes	O
spanning	O
the	O
distribution	O
of	O
ischemia	O
produced	O
by	O
MCAO	O
.	O
Specific	O
gravity	O
(	O
SG	O
)	O
was	O
determined	O
in	O
the	O
subcortex	O
and	O
in	O
two	O
sites	O
in	O
the	O
cortex	O
(	O
core	O
and	O
periphery	O
of	O
the	O
ischemic	O
territory	O
)	O
.	O
The	O
extent	O
of	O
neuronal	O
injury	O
was	O
determined	O
by	O
2	B
,	I
3	I
,	I
5	I
-	I
triphenyltetrazolium	I
staining	O
.	O
In	O
the	O
ischemic	O
core	O
,	O
there	O
was	O
no	O
difference	O
in	O
SG	O
in	O
the	O
subcortex	O
and	O
cortex	O
in	O
the	O
two	O
groups	O
.	O
In	O
the	O
periphery	O
of	O
the	O
ischemic	O
territory	O
,	O
SG	O
in	O
the	O
cortex	O
was	O
greater	O
(	O
less	O
edema	O
accumulation	O
)	O
in	O
the	O
hypertensive	O
group	O
(	O
1	O
.	O
041	O
+	O
/	O
-	O
0	O
.	O
001	O
vs	O
1	O
.	O
039	O
+	O
/	O
-	O
0	O
.	O
001	O
,	O
P	O
less	O
than	O
0	O
.	O
05	O
)	O
.	O
The	O
area	O
of	O
histochemical	O
injury	O
(	O
as	O
a	O
percent	O
of	O
the	O
cross	O
-	O
sectional	O
area	O
of	O
the	O
hemisphere	O
)	O
was	O
less	O
in	O
the	O
hypertensive	O
group	O
(	O
33	O
+	O
/	O
-	O
3	O
%	O
vs	O
21	O
+	O
/	O
-	O
2	O
%	O
,	O
P	O
less	O
than	O
0	O
.	O
05	O
)	O
.	O
The	O
data	O
indicate	O
that	O
phenylephrine	B
-	O
induced	O
hypertension	O
instituted	O
2	O
h	O
after	O
MCAO	O
does	O
not	O
aggravate	O
edema	O
in	O
the	O
ischemic	O
core	O
,	O
that	O
it	O
improves	O
edema	O
in	O
the	O
periphery	O
of	O
the	O
ischemic	O
territory	O
,	O
and	O
that	O
it	O
reduces	O
the	O
area	O
of	O
histochemical	O
neuronal	O
dysfunction	O
.	O

BACKGROUND	O
/	O
AIMS	O
:	O
The	O
genetic	O
predisposition	O
on	O
the	O
development	O
of	O
nonalcoholic	O
steatohepatitis	O
(	O
NASH	O
)	O
has	O
been	O
poorly	O
understood	O
.	O
A	O
functional	O
polymorphism	O
Val175Met	O
was	O
reported	O
in	O
phosphatidylethanolamine	O
N	O
-	O
methyltransferase	O
(	O
PEMT	O
)	O
that	O
catalyzes	O
the	O
conversion	O
of	O
phosphatidylethanolamine	B
to	O
phosphatidylcholine	B
.	O
The	O
aim	O
of	O
this	O
study	O
was	O
to	O
investigate	O
whether	O
the	O
carriers	O
of	O
Val175Met	O
variant	O
impaired	O
in	O
PEMT	O
activity	O
are	O
more	O
susceptible	O
to	O
NASH	O
.	O
METHODS	O
:	O
Blood	O
samples	O
of	O
107	O
patients	O
with	O
biopsy	O
-	O
proven	O
NASH	O
and	O
of	O
150	O
healthy	O
volunteers	O
were	O
analyzed	O
by	O
the	O
polymerase	O
chain	O
reaction	O
(	O
PCR	O
)	O
and	O
restriction	O
fragment	O
length	O
polymorphism	O
.	O
RESULTS	O
:	O
Val175Met	O
variant	O
allele	O
of	O
the	O
PEMT	O
gene	O
was	O
significantly	O
more	O
frequent	O
in	O
NASH	O
patients	O
than	O
in	O
healthy	O
volunteers	O
(	O
p	O
<	O
0	O
.	O
001	O
)	O
,	O
and	O
carriers	O
of	O
Val175Met	O
variant	O
were	O
significantly	O
more	O
frequent	O
in	O
NASH	O
patients	O
than	O
in	O
healthy	O
volunteers	O
(	O
p	O
<	O
0	O
.	O
01	O
)	O
.	O
Among	O
NASH	O
patients	O
,	O
body	O
mass	O
index	O
was	O
significantly	O
lower	O
(	O
p	O
<	O
0	O
.	O
05	O
)	O
,	O
and	O
non	O
-	O
obese	O
patients	O
were	O
significantly	O
more	O
frequent	O
(	O
p	O
<	O
0	O
.	O
001	O
)	O
in	O
carriers	O
of	O
Val175Met	O
variant	O
than	O
in	O
homozygotes	O
of	O
wild	O
type	O
PEMT	O
.	O
CONCLUSIONS	O
:	O
Val175Met	O
variant	O
of	O
PEMT	O
could	O
be	O
a	O
candidate	O
molecule	O
that	O
determines	O
the	O
susceptibility	O
to	O
NASH	O
,	O
because	O
it	O
is	O
more	O
frequently	O
observed	O
in	O
NASH	O
patients	O
and	O
non	O
-	O
obese	O
persons	O
with	O
Val175Met	O
variant	O
of	O
PEMT	O
are	O
facilitated	O
to	O
develop	O
NASH	O
.	O

We	O
recently	O
showed	O
that	O
long	O
-	O
term	O
weight	O
reduction	O
changes	O
the	O
gene	O
expression	O
profile	O
of	O
adipose	O
tissue	O
in	O
overweight	O
individuals	O
with	O
impaired	O
glucose	O
tolerance	O
(	O
IGT	O
)	O
.	O
One	O
of	O
the	O
responding	O
genes	O
was	O
X	O
-	O
chromosomal	O
tenomodulin	O
(	O
TNMD	O
)	O
,	O
a	O
putative	O
angiogenesis	O
inhibitor	O
.	O
Our	O
aim	O
was	O
to	O
study	O
the	O
associations	O
of	O
individual	O
single	O
nucleotide	O
polymorphisms	O
and	O
haplotypes	O
with	O
adiposity	O
,	O
glucose	B
metabolism	O
,	O
and	O
the	O
risk	O
of	O
type	O
2	O
diabetes	O
(	O
T2D	O
)	O
.	O
Seven	O
single	O
nucleotide	O
polymorphisms	O
from	O
two	O
different	O
haploblocks	O
were	O
genotyped	O
from	O
507	O
participants	O
of	O
the	O
Finnish	O
Diabetes	O
Prevention	O
Study	O
(	O
DPS	O
)	O
.	O
Sex	O
-	O
specific	O
genotype	O
effects	O
were	O
observed	O
.	O
Three	O
markers	O
of	O
haploblock	O
1	O
were	O
associated	O
with	O
features	O
of	O
adiposity	O
in	O
women	O
(	O
rs5966709	O
,	O
rs4828037	O
)	O
and	O
men	O
(	O
rs11798018	O
)	O
.	O
Markers	O
rs2073163	O
and	O
rs1155794	O
from	O
haploblock	O
2	O
were	O
associated	O
with	O
2	O
-	O
hour	O
plasma	O
glucose	B
levels	O
in	O
men	O
during	O
the	O
3	O
-	O
year	O
follow	O
-	O
up	O
.	O
The	O
same	O
two	O
markers	O
together	O
with	O
rs2073162	O
associated	O
with	O
the	O
conversion	O
of	O
IGT	O
to	O
T2D	O
in	O
men	O
.	O
The	O
risk	O
of	O
developing	O
T2D	O
was	O
approximately	O
2	O
-	O
fold	O
in	O
individuals	O
with	O
genotypes	O
associated	O
with	O
higher	O
2	O
-	O
hour	O
plasma	O
glucose	B
levels	O
;	O
the	O
hazard	O
ratios	O
were	O
2	O
.	O
192	O
(	O
p	O
=	O
0	O
.	O
025	O
)	O
for	O
rs2073162	O
-	O
A	O
,	O
2	O
.	O
191	O
(	O
p	O
=	O
0	O
.	O
027	O
)	O
for	O
rs2073163	O
-	O
C	O
,	O
and	O
1	O
.	O
998	O
(	O
p	O
=	O
0	O
.	O
054	O
)	O
for	O
rs1155974	O
-	O
T	O
.	O
These	O
results	O
suggest	O
that	O
TNMD	O
polymorphisms	O
are	O
associated	O
with	O
adiposity	O
and	O
also	O
with	O
glucose	B
metabolism	O
and	O
conversion	O
from	O
IGT	O
to	O
T2D	O
in	O
men	O
.	O

Detailed	O
spectral	O
profile	O
analysis	O
of	O
penicillin	B
-	O
induced	O
epileptiform	O
activity	O
in	O
anesthetized	O
rats	O
.	O

Penicillin	B
model	O
is	O
a	O
widely	O
used	O
experimental	O
model	O
for	O
epilepsy	O
research	O
.	O
In	O
the	O
present	O
study	O
we	O
aimed	O
to	O
portray	O
a	O
detailed	O
spectral	O
analysis	O
of	O
penicillin	B
-	O
induced	O
epileptiform	O
activity	O
in	O
comparison	O
with	O
basal	O
brain	O
activity	O
in	O
anesthetized	O
Wistar	O
rats	O
.	O
Male	O
Wistar	O
rats	O
were	O
anesthetized	O
with	O
i	O
.	O
p	O
.	O
urethane	B
and	O
connected	O
to	O
an	O
electrocorticogram	O
setup	O
.	O
After	O
a	O
short	O
period	O
of	O
basal	O
activity	O
recording	O
,	O
epileptic	O
focus	O
was	O
induced	O
by	O
injecting	O
400IU	O
/	O
2	O
microl	O
penicillin	B
-	I
G	I
potassium	I
into	O
the	O
left	O
lateral	O
ventricle	O
while	O
the	O
cortical	O
activity	O
was	O
continuously	O
recorded	O
.	O
Basal	O
activity	O
,	O
latent	O
period	O
and	O
the	O
penicillin	B
-	O
induced	O
epileptiform	O
activity	O
periods	O
were	O
then	O
analyzed	O
using	O
both	O
conventional	O
methods	O
and	O
spectral	O
analysis	O
.	O
Spectral	O
analyses	O
were	O
conducted	O
by	O
dividing	O
the	O
whole	O
spectrum	O
into	O
different	O
frequency	O
bands	O
including	O
delta	O
,	O
theta	O
(	O
slow	O
and	O
fast	O
)	O
,	O
alpha	O
-	O
sigma	O
,	O
beta	O
(	O
1	O
and	O
2	O
)	O
and	O
gamma	O
(	O
1	O
and	O
2	O
)	O
bands	O
.	O
Our	O
results	O
show	O
that	O
the	O
most	O
affected	O
frequency	O
bands	O
were	O
delta	O
,	O
theta	O
,	O
beta	O
-	O
2	O
and	O
gamma	O
-	O
2	O
bands	O
during	O
the	O
epileptiform	O
activity	O
and	O
there	O
were	O
marked	O
differences	O
in	O
terms	O
of	O
spectral	O
densities	O
between	O
three	O
investigated	O
episodes	O
(	O
basal	O
activity	O
,	O
latent	O
period	O
and	O
epileptiform	O
activity	O
)	O
.	O
Our	O
results	O
may	O
help	O
to	O
analyze	O
novel	O
data	O
obtained	O
using	O
similar	O
experimental	O
models	O
and	O
the	O
simple	O
analysis	O
method	O
described	O
here	O
can	O
be	O
used	O
in	O
similar	O
studies	O
to	O
investigate	O
the	O
basic	O
neuronal	O
mechanism	O
of	O
this	O
or	O
other	O
types	O
of	O
experimental	O
epilepsies	O
.	O

Hemodynamic	O
parameters	O
and	O
heart	O
rate	O
variability	O
during	O
a	O
tilt	O
test	O
in	O
relation	O
to	O
gene	O
polymorphism	O
of	O
renin	O
-	O
angiotensin	O
and	O
serotonin	B
system	O
.	O

BACKGROUND	O
:	O
To	O
review	O
evidence	O
-	O
based	O
treatment	O
options	O
in	O
patients	O
with	O
cerebral	O
edema	O
complicating	O
fulminant	O
hepatic	O
failure	O
(	O
FHF	O
)	O
and	O
discuss	O
the	O
potential	O
applications	O
of	O
hypothermia	O
.	O
METHOD	O
:	O
Case	O
-	O
based	O
observations	O
from	O
a	O
medical	O
intensive	O
care	O
unit	O
(	O
MICU	O
)	O
in	O
a	O
tertiary	O
care	O
facility	O
in	O
a	O
27	O
-	O
year	O
-	O
old	O
female	O
with	O
FHF	O
from	O
acetaminophen	B
and	O
resultant	O
cerebral	O
edema	O
.	O
RESULTS	O
:	O
Our	O
patient	O
was	O
admitted	O
to	O
the	O
MICU	O
after	O
being	O
found	O
unresponsive	O
with	O
presumed	O
toxicity	O
from	O
acetaminophen	B
which	O
was	O
ingested	O
over	O
a	O
2	O
-	O
day	O
period	O
.	O
The	O
patient	O
had	O
depressed	O
of	O
mental	O
status	O
lasting	O
at	O
least	O
24	O
h	O
prior	O
to	O
admission	O
.	O
Initial	O
evaluation	O
confirmed	O
FHF	O
from	O
acetaminophen	B
and	O
cerebral	O
edema	O
.	O
The	O
patient	O
was	O
treated	O
with	O
hyperosmolar	O
therapy	O
,	O
hyperventilation	O
,	O
sedation	O
,	O
and	O
chemical	O
paralysis	O
.	O
Her	O
intracranial	O
pressure	O
remained	O
elevated	O
despite	O
maximal	O
medical	O
therapy	O
.	O
We	O
then	O
initiated	O
therapeutic	O
hypothermia	O
which	O
was	O
continued	O
for	O
5	O
days	O
.	O
At	O
re	O
-	O
warming	O
,	O
patient	O
had	O
resolution	O
of	O
her	O
cerebral	O
edema	O
and	O
intracranial	O
hypertension	O
.	O
At	O
discharge	O
,	O
she	O
had	O
complete	O
recovery	O
of	O
neurological	O
and	O
hepatic	O
functions	O
.	O
CONCLUSION	O
:	O
In	O
patients	O
with	O
FHF	O
and	O
cerebral	O
edema	O
from	O
acetaminophen	B
overdose	O
,	O
prolonged	O
therapeutic	O
hypothermia	O
could	O
potentially	O
be	O
used	O
as	O
a	O
life	O
saving	O
therapy	O
and	O
a	O
bridge	O
to	O
hepatic	O
and	O
neurological	O
recovery	O
.	O
A	O
clinical	O
trial	O
of	O
hypothermia	O
in	O
patients	O
with	O
this	O
condition	O
is	O
warranted	O
.	O

Human	O
8	O
-	O
oxoguanine	O
DNA	O
glycosylase	O
1	O
(	O
hOGG1	O
)	O
has	O
a	O
major	O
role	O
in	O
the	O
repair	O
of	O
8	B
-	I
hydroxyguanine	I
,	O
a	O
major	O
promutagenic	O
DNA	O
lesion	O
.	O
The	O
genetic	O
polymorphism	O
rs1052133	O
,	O
which	O
leads	O
to	O
substitution	O
of	O
the	O
amino	O
acid	O
at	O
codon	O
326	O
from	O
Ser	O
to	O
Cys	O
,	O
shows	O
functional	O
differences	O
,	O
namely	O
a	O
decrease	O
in	O
enzyme	O
activity	O
in	O
hOGG1	O
-	O
Cys326	O
.	O
Although	O
several	O
studies	O
have	O
investigated	O
the	O
association	O
between	O
rs1052133	O
and	O
lung	O
cancer	O
susceptibility	O
,	O
the	O
effect	O
of	O
this	O
locus	O
on	O
lung	O
cancer	O
according	O
to	O
histology	O
remains	O
unclear	O
.	O
We	O
therefore	O
conducted	O
a	O
case	O
-	O
control	O
study	O
with	O
515	O
incident	O
lung	O
cancer	O
cases	O
and	O
1030	O
age	O
-	O
and	O
sex	O
-	O
matched	O
controls	O
without	O
cancer	O
,	O
and	O
further	O
conducted	O
a	O
meta	O
-	O
analysis	O
.	O
In	O
overall	O
analysis	O
,	O
the	O
homozygous	O
Cys	O
/	O
Cys	O
genotype	O
showed	O
a	O
significant	O
association	O
with	O
lung	O
cancer	O
compared	O
to	O
Ser	O
allele	O
carrier	O
status	O
(	O
odds	O
ratio	O
(	O
OR	O
)	O
=	O
1	O
.	O
31	O
,	O
95	O
%	O
confidence	O
interval	O
(	O
CI	O
)	O
=	O
1	O
.	O
02	O
-	O
1	O
.	O
69	O
)	O
.	O
By	O
histology	O
-	O
based	O
analysis	O
,	O
the	O
Cys	O
/	O
Cys	O
genotype	O
showed	O
a	O
significantly	O
positive	O
association	O
with	O
small	O
-	O
cell	O
carcinoma	O
(	O
OR	O
=	O
2	O
.	O
40	O
,	O
95	O
%	O
CI	O
=	O
1	O
.	O
32	O
-	O
4	O
.	O
49	O
)	O
and	O
marginally	O
significant	O
association	O
with	O
adenocarcinoma	O
(	O
OR	O
=	O
1	O
.	O
32	O
,	O
95	O
%	O
CI	O
=	O
0	O
.	O
98	O
-	O
1	O
.	O
77	O
)	O
.	O
A	O
meta	O
-	O
analysis	O
of	O
previous	O
and	O
our	O
present	O
study	O
revealed	O
that	O
this	O
polymorphism	O
is	O
positively	O
associated	O
with	O
adenocarcinoma	O
,	O
although	O
suggestive	O
associations	O
were	O
also	O
found	O
for	O
squamous	O
-	O
and	O
small	O
-	O
cell	O
lung	O
cancers	O
.	O
These	O
results	O
indicate	O
that	O
rs1052133	O
contributes	O
to	O
the	O
risk	O
of	O
adenocarcinoma	O
of	O
lung	O
.	O

Chemokine	O
CCL2	O
and	O
its	O
receptor	O
CCR2	O
are	O
increased	O
in	O
the	O
hippocampus	O
following	O
pilocarpine	B
-	O
induced	O
status	O
epilepticus	O
.	O

BACKGROUND	O
:	O
Neuroinflammation	O
occurs	O
after	O
seizures	O
and	O
is	O
implicated	O
in	O
epileptogenesis	O
.	O
CCR2	O
is	O
a	O
chemokine	O
receptor	O
for	O
CCL2	O
and	O
their	O
interaction	O
mediates	O
monocyte	O
infiltration	O
in	O
the	O
neuroinflammatory	O
cascade	O
triggered	O
in	O
different	O
brain	O
pathologies	O
.	O
In	O
this	O
work	O
CCR2	O
and	O
CCL2	O
expression	O
were	O
examined	O
following	O
status	O
epilepticus	O
(	O
SE	O
)	O
induced	O
by	O
pilocarpine	B
injection	O
.	O
METHODS	O
:	O
SE	O
was	O
induced	O
by	O
pilocarpine	B
injection	O
.	O
Control	O
rats	O
were	O
injected	O
with	O
saline	O
instead	O
of	O
pilocarpine	B
.	O
Five	O
days	O
after	O
SE	O
,	O
CCR2	O
staining	O
in	O
neurons	O
and	O
glial	O
cells	O
was	O
examined	O
using	O
imunohistochemical	O
analyses	O
.	O
The	O
number	O
of	O
CCR2	O
positive	O
cells	O
was	O
determined	O
using	O
stereology	O
probes	O
in	O
the	O
hippocampus	O
.	O
CCL2	O
expression	O
in	O
the	O
hippocampus	O
was	O
examined	O
by	O
molecular	O
assay	O
.	O
RESULTS	O
:	O
Increased	O
CCR2	O
was	O
observed	O
in	O
the	O
hippocampus	O
after	O
SE	O
.	O
Seizures	O
also	O
resulted	O
in	O
alterations	O
to	O
the	O
cell	O
types	O
expressing	O
CCR2	O
.	O
Increased	O
numbers	O
of	O
neurons	O
that	O
expressed	O
CCR2	O
was	O
observed	O
following	O
SE	O
.	O
Microglial	O
cells	O
were	O
more	O
closely	O
apposed	O
to	O
the	O
CCR2	O
-	O
labeled	O
cells	O
in	O
SE	O
rats	O
.	O
In	O
addition	O
,	O
rats	O
that	O
experienced	O
SE	O
exhibited	O
CCR2	O
-	O
labeling	O
in	O
populations	O
of	O
hypertrophied	O
astrocytes	O
,	O
especially	O
in	O
CA1	O
and	O
dentate	O
gyrus	O
.	O
These	O
CCR2	O
+	O
astroctytes	O
were	O
not	O
observed	O
in	O
control	O
rats	O
.	O
Examination	O
of	O
CCL2	O
expression	O
showed	O
that	O
it	O
was	O
elevated	O
in	O
the	O
hippocampus	O
following	O
SE	O
.	O
CONCLUSION	O
:	O
The	O
data	O
show	O
that	O
CCR2	O
and	O
CCL2	O
are	O
up	O
-	O
regulated	O
in	O
the	O
hippocampus	O
after	O
pilocarpine	B
-	O
induced	O
SE	O
.	O
Seizures	O
also	O
result	O
in	O
changes	O
to	O
CCR2	O
receptor	O
expression	O
in	O
neurons	O
and	O
astrocytes	O
.	O
These	O
changes	O
might	O
be	O
involved	O
in	O
detrimental	O
neuroplasticity	O
and	O
neuroinflammatory	O
changes	O
that	O
occur	O
following	O
seizures	O
.	O

BACKGROUND	O
:	O
Prevalence	O
of	O
obesity	O
is	O
increasing	O
to	O
pandemic	O
proportions	O
.	O
However	O
,	O
obese	O
subjects	O
differ	O
in	O
insulin	O
resistance	O
,	O
adipokine	O
production	O
and	O
co	O
-	O
morbidities	O
.	O
Based	O
on	O
fasting	O
plasma	O
analysis	O
,	O
obese	O
subjects	O
were	O
grouped	O
as	O
Low	O
Acylation	O
Stimulating	O
protein	O
(	O
ASP	O
)	O
and	O
Triglyceride	B
(	O
TG	B
)	O
(	O
LAT	O
)	O
vs	O
High	O
ASP	O
and	O
TG	B
(	O
HAT	O
)	O
.	O
Subcutaneous	O
(	O
SC	O
)	O
and	O
omental	O
(	O
OM	O
)	O
adipose	O
tissues	O
(	O
n	O
=	O
21	O
)	O
were	O
analysed	O
by	O
microarray	O
,	O
and	O
biologic	O
pathways	O
in	O
lipid	B
metabolism	O
and	O
inflammation	O
were	O
specifically	O
examined	O
.	O
METHODS	O
:	O
LAT	O
and	O
HAT	O
groups	O
were	O
matched	O
in	O
age	O
,	O
obesity	O
,	O
insulin	O
,	O
and	O
glucose	B
,	O
and	O
had	O
similar	O
expression	O
of	O
insulin	O
-	O
related	O
genes	O
(	O
InsR	O
,	O
IRS	O
-	O
1	O
)	O
.	O
ASP	O
related	O
genes	O
tended	O
to	O
be	O
increased	O
in	O
the	O
HAT	O
group	O
and	O
were	O
correlated	O
(	O
factor	O
B	O
,	O
adipsin	O
,	O
complement	O
C3	O
,	O
p	O
<	O
0	O
.	O
01	O
each	O
)	O
.	O
Differences	O
between	O
LAT	O
and	O
HAT	O
group	O
were	O
almost	O
exclusively	O
in	O
SC	O
tissue	O
,	O
with	O
little	O
difference	O
in	O
OM	O
tissue	O
.	O
Increased	O
C5L2	O
(	O
p	O
<	O
0	O
.	O
01	O
)	O
,	O
an	O
ASP	O
receptor	O
,	O
in	O
HAT	O
suggests	O
a	O
compensatory	O
ASP	O
pathway	O
,	O
associated	O
with	O
increased	O
TG	B
storage	O
.	O
RESULTS	O
:	O
HAT	O
adipose	O
tissue	O
demonstrated	O
increased	O
lipid	B
related	O
genes	O
for	O
storage	O
(	O
CD36	O
,	O
DGAT1	O
,	O
DGAT2	O
,	O
SCD1	O
,	O
FASN	O
,	O
and	O
LPL	O
)	O
,	O
lipolysis	O
(	O
HSL	O
,	O
CES1	O
,	O
perilipin	O
)	O
,	O
fatty	O
acid	O
binding	O
proteins	O
(	O
FABP1	O
,	O
FABP3	O
)	O
and	O
adipocyte	O
differentiation	O
markers	O
(	O
CEBPalpha	O
,	O
CEBPbeta	O
,	O
PPARgamma	O
)	O
.	O
By	O
contrast	O
,	O
oxidation	O
related	O
genes	O
were	O
decreased	O
(	O
AMPK	O
,	O
UCP1	O
,	O
CPT1	O
,	O
FABP7	O
)	O
.	O
HAT	O
subjects	O
had	O
increased	O
anti	O
-	O
inflammatory	O
genes	O
TGFB1	O
,	O
TIMP1	O
,	O
TIMP3	O
,	O
and	O
TIMP4	O
while	O
proinflammatory	O
PIG7	O
and	O
MMP2	O
were	O
also	O
significantly	O
increased	O
;	O
all	O
genes	O
,	O
p	O
<	O
0	O
.	O
025	O
.	O
CONCLUSION	O
:	O
Taken	O
together	O
,	O
the	O
profile	O
of	O
C5L2	O
receptor	O
,	O
ASP	O
gene	O
expression	O
and	O
metabolic	O
factors	O
in	O
adipose	O
tissue	O
from	O
morbidly	O
obese	O
HAT	O
subjects	O
suggests	O
a	O
compensatory	O
response	O
associated	O
with	O
the	O
increased	O
plasma	O
ASP	O
and	O
TG	B
.	O

INTRODUCTION	O
:	O
Hypertrophic	O
cardiomyopathy	O
(	O
HCM	O
)	O
is	O
a	O
complex	O
disorder	O
and	O
genetically	O
transmitted	O
cardiac	O
disease	O
with	O
a	O
diverse	O
clinical	O
course	O
.	O
The	O
objective	O
of	O
the	O
present	O
study	O
was	O
to	O
examine	O
the	O
association	O
of	O
the	O
T704C	O
polymorphism	O
of	O
exon	O
2	O
of	O
the	O
angiotensinogen	O
(	O
AGT	O
)	O
gene	O
with	O
HCM	O
in	O
a	O
South	O
Indian	O
population	O
from	O
Andhra	O
Pradesh	O
.	O
Subjects	O
and	O
methods	O
.	O
One	O
-	O
hundred	O
and	O
fifty	O
HCM	O
(	O
90	O
sporadic	O
hypertrophic	O
cardiomyopathy	O
[	O
SHCM	O
]	O
and	O
60	O
familial	O
hypertrophic	O
cardiomyopathy	O
[	O
FHCM	O
]	O
)	O
patients	O
and	O
165	O
age	O
-	O
and	O
sex	O
-	O
matched	O
normal	O
healthy	O
controls	O
without	O
known	O
hypertension	O
and	O
left	O
ventricular	O
hypertrophy	O
were	O
included	O
in	O
the	O
study	O
.	O
DNA	O
was	O
isolated	O
from	O
peripheral	O
leukocytes	O
and	O
the	O
region	O
of	O
interest	O
in	O
the	O
AGT	O
gene	O
bearing	O
a	O
missense	O
mutation	O
methionine	O
to	O
threonine	O
substitution	O
at	O
codon	O
235	O
(	O
M235T	O
)	O
of	O
exon	O
2	O
,	O
was	O
amplified	O
by	O
polymerase	O
chain	O
reaction	O
(	O
PCR	O
)	O
.	O
The	O
PCR	O
products	O
were	O
subjected	O
to	O
restriction	O
digestion	O
with	O
the	O
enzyme	O
SfaNI	B
.	O
RESULTS	O
:	O
Significant	O
differences	O
were	O
detected	O
in	O
genotypic	O
distribution	O
(	O
p	O
=	O
0	O
.	O
04	O
)	O
as	O
well	O
as	O
the	O
allelic	O
frequency	O
(	O
p	O
=	O
0	O
.	O
003	O
)	O
between	O
the	O
SHCM	O
patients	O
and	O
controls	O
.	O
The	O
polymorphism	O
did	O
not	O
show	O
any	O
association	O
with	O
FHCM	O
.	O
CONCLUSION	O
:	O
Our	O
results	O
suggest	O
that	O
the	O
T	O
allele	O
of	O
the	O
AGT	O
gene	O
is	O
significantly	O
associated	O
with	O
SHCM	O
in	O
a	O
South	O
Indian	O
population	O
from	O
Andhra	O
Pradesh	O
.	O
However	O
,	O
we	O
did	O
not	O
find	O
significant	O
association	O
of	O
this	O
polymorphism	O
with	O
FHCM	O
.	O

Association	O
of	O
common	O
genetic	O
variants	O
of	O
HOMER1	O
gene	O
with	O
levodopa	B
adverse	O
effects	O
in	O
Parkinson	O
'	O
s	O
disease	O
patients	O
.	O

Levodopa	B
is	O
the	O
most	O
effective	O
symptomatic	O
therapy	O
for	O
Parkinson	O
'	O
s	O
disease	O
,	O
but	O
its	O
chronic	O
use	O
could	O
lead	O
to	O
chronic	O
adverse	O
outcomes	O
,	O
such	O
as	O
motor	O
fluctuations	O
,	O
dyskinesia	O
and	O
visual	O
hallucinations	O
.	O
HOMER1	O
is	O
a	O
protein	O
with	O
pivotal	O
function	O
in	O
glutamate	B
transmission	O
,	O
which	O
has	O
been	O
related	O
to	O
the	O
pathogenesis	O
of	O
these	O
complications	O
.	O
This	O
study	O
investigates	O
whether	O
polymorphisms	O
in	O
the	O
HOMER1	O
gene	O
promoter	O
region	O
are	O
associated	O
with	O
the	O
occurrence	O
of	O
the	O
chronic	O
complications	O
of	O
levodopa	B
therapy	O
.	O
A	O
total	O
of	O
205	O
patients	O
with	O
idiopathic	O
Parkinson	O
'	O
s	O
disease	O
were	O
investigated	O
.	O
Patients	O
were	O
genotyped	O
for	O
rs4704559	O
,	O
rs10942891	O
and	O
rs4704560	O
by	O
allelic	O
discrimination	O
with	O
Taqman	O
assays	O
.	O
The	O
rs4704559	O
G	O
allele	O
was	O
associated	O
with	O
a	O
lower	O
prevalence	O
of	O
dyskinesia	O
(	O
prevalence	O
ratio	O
(	O
PR	O
)	O
=	O
0	O
.	O
615	O
,	O
95	O
%	O
confidence	O
interval	O
(	O
CI	O
)	O
0	O
.	O
426	O
-	O
0	O
.	O
887	O
,	O
P	O
=	O
0	O
.	O
009	O
)	O
and	O
visual	O
hallucinations	O
(	O
PR	O
=	O
0	O
.	O
515	O
,	O
95	O
%	O
CI	O
0	O
.	O
295	O
-	O
0	O
.	O
899	O
,	O
P	O
=	O
0	O
.	O
020	O
)	O
.	O
Our	O
data	O
suggest	O
that	O
HOMER1	O
rs4704559	O
G	O
allele	O
has	O
a	O
protective	O
role	O
for	O
the	O
development	O
of	O
levodopa	B
adverse	O
effects	O
.	O

Midline	O
B3	O
serotonin	B
nerves	O
in	O
rat	O
medulla	O
are	O
involved	O
in	O
hypotensive	O
effect	O
of	O
methyldopa	B
.	O

Previous	O
experiments	O
in	O
this	O
laboratory	O
have	O
shown	O
that	O
microinjection	O
of	O
methyldopa	B
onto	O
the	O
ventrolateral	O
cells	O
of	O
the	O
B3	O
serotonin	B
neurons	O
in	O
the	O
medulla	O
elicits	O
a	O
hypotensive	O
response	O
mediated	O
by	O
a	O
projection	O
descending	O
into	O
the	O
spinal	O
cord	O
.	O
The	O
present	O
experiments	O
were	O
designed	O
to	O
investigate	O
the	O
role	O
of	O
the	O
midline	O
cells	O
of	O
the	O
B3	O
serotonin	B
neurons	O
in	O
the	O
medulla	O
,	O
coinciding	O
with	O
the	O
raphe	O
magnus	O
.	O
In	O
spontaneously	O
hypertensive	O
,	O
stroke	O
-	O
prone	O
rats	O
,	O
microinjection	O
of	O
methyldopa	B
into	O
the	O
area	O
of	O
the	O
midline	O
B3	O
serotonin	B
cell	O
group	O
in	O
the	O
ventral	O
medulla	O
caused	O
a	O
potent	O
hypotension	O
of	O
30	O
-	O
40	O
mm	O
Hg	O
,	O
which	O
was	O
maximal	O
2	O
-	O
3	O
h	O
after	O
administration	O
and	O
was	O
abolished	O
by	O
the	O
serotonin	B
neurotoxin	O
5	B
,	I
7	I
-	I
dihydroxytryptamine	I
(	O
5	B
,	I
7	I
-	I
DHT	I
)	O
injected	O
intracerebroventricularly	O
.	O
However	O
,	O
intraspinal	O
injection	O
of	O
5	B
,	I
7	I
-	I
DHT	I
to	O
produce	O
a	O
more	O
selective	O
lesion	O
of	O
only	O
descending	O
serotonin	B
projections	O
in	O
the	O
spinal	O
cord	O
did	O
not	O
affect	O
this	O
hypotension	O
.	O
Further	O
,	O
5	B
,	I
7	I
-	I
DHT	I
lesion	O
of	O
serotonin	B
nerves	O
travelling	O
in	O
the	O
median	O
forebrain	O
bundle	O
,	O
one	O
of	O
the	O
main	O
ascending	O
pathways	O
from	O
the	O
B3	O
serotonin	B
cells	O
,	O
did	O
not	O
affect	O
the	O
fall	O
in	O
blood	O
pressure	O
associated	O
with	O
a	O
midline	O
B3	O
serotonin	B
methyldopa	B
injection	O
.	O
It	O
is	O
concluded	O
therefore	O
that	O
,	O
unlike	O
the	O
ventrolateral	O
B3	O
cells	O
which	O
mediate	O
a	O
methyldopa	B
-	O
induced	O
hypotension	O
via	O
descending	O
projections	O
,	O
the	O
midline	O
serotonin	B
B3	O
cells	O
in	O
the	O
medulla	O
contribute	O
to	O
the	O
hypotensive	O
action	O
of	O
methyldopa	B
,	O
either	O
by	O
way	O
of	O
an	O
ascending	O
projection	O
which	O
does	O
not	O
pass	O
through	O
the	O
median	O
forebrain	O
bundle	O
,	O
or	O
through	O
a	O
projection	O
restricted	O
to	O
the	O
caudal	O
brainstem	O
.	O

PURPOSE	O
:	O
NADPH	O
oxidase	O
-	O
generated	O
reactive	B
oxygen	I
species	I
(	O
ROS	B
)	O
are	O
implicated	O
in	O
angiogenesis	O
.	O
Isoforms	O
of	O
NADPH	O
oxidase	O
NOX1	O
,	O
NOX2	O
,	O
and	O
NOX4	O
are	O
reported	O
to	O
be	O
expressed	O
in	O
endothelial	O
cells	O
(	O
ECs	O
)	O
.	O
Of	O
these	O
,	O
NOX1	O
and	O
NOX2	O
have	O
been	O
reported	O
to	O
contribute	O
to	O
intravitreal	O
neovascularization	O
(	O
IVNV	O
)	O
in	O
oxygen	B
-	O
induced	O
retinopathy	O
(	O
OIR	O
)	O
models	O
.	O
In	O
this	O
study	O
,	O
we	O
tested	O
the	O
hypothesis	O
that	O
the	O
isoform	O
NOX4	O
in	O
ECs	O
contributed	O
to	O
vascular	O
endothelial	O
growth	O
factor	O
(	O
VEGF	O
)	O
-	O
induced	O
angiogenesis	O
and	O
IVNV	O
.	O
METHODS	O
:	O
Isoforms	O
of	O
NADPH	O
oxidase	O
MRNA	O
were	O
measured	O
in	O
several	O
types	O
of	O
cultured	O
vascular	O
ecs	O
:	O
human	O
retinal	O
microvascular	O
ECs	O
(	O
hRMVECs	O
)	O
,	O
choroidal	O
ECs	O
(	O
CECs	O
)	O
,	O
and	O
human	O
umbilical	O
vascular	O
ECs	O
(	O
HUVECs	O
)	O
using	O
real	O
-	O
time	O
PCR	O
.	O
Newborn	O
rat	O
pups	O
and	O
dams	O
were	O
placed	O
into	O
an	O
OIR	O
model	O
that	O
cycled	O
oxygen	B
concentration	O
between	O
50	O
%	O
and	O
10	O
%	O
every	O
24	O
h	O
for	O
14	O
days	O
,	O
and	O
then	O
were	O
placed	O
in	O
room	O
air	O
(	O
RA	O
)	O
for	O
an	O
additional	O
4	O
days	O
(	O
rat	O
OIR	O
model	O
)	O
.	O
NOX4	O
expression	O
in	O
retinal	O
lysates	O
from	O
the	O
RA	O
-	O
raised	O
pups	O
at	O
postnatal	O
day	O
0	O
(	O
P0	O
)	O
,	O
P14	O
,	O
and	O
P18	O
was	O
determined	O
with	O
western	O
blots	O
.	O
STAT3	O
activation	O
was	O
determined	O
as	O
the	O
ratio	O
of	O
phosphorylated	O
STAT3	O
to	O
total	O
STAT3	O
with	O
western	O
blot	O
analysis	O
of	O
retinal	O
lysates	O
from	O
pups	O
raised	O
in	O
RA	O
or	O
from	O
the	O
rat	O
OIR	O
model	O
at	O
P18	O
.	O
Semiquantitative	O
assessment	O
of	O
the	O
density	O
of	O
NOX4	O
colabeling	O
with	O
lectin	O
-	O
stained	O
retinal	O
ECs	O
was	O
determined	O
by	O
immunolabeling	O
of	O
retinal	O
cryosections	O
from	O
P18	O
pups	O
in	O
OIR	O
or	O
in	O
RA	O
.	O
In	O
hRMVECs	O
transfected	O
with	O
NOX4	O
siRNA	O
and	O
treated	O
with	O
VEGF	O
or	O
control	O
,	O
1	O
)	O
ROS	B
generation	O
was	O
measured	O
using	O
the	O
5	B
-	I
(	I
and	I
-	I
6	I
)	I
-	I
chloromethyl	I
-	I
2	I
'	I
,	I
7	I
'	I
-	I
dichlorodihydrofluorescein	I
diacetate	I
,	I
acetyl	I
ester	I
fluorescence	O
assay	O
and	O
2	O
)	O
phosphorylated	O
VEGF	O
receptor	O
2	O
and	O
STAT3	O
,	O
and	O
total	O
VEGFR2	O
and	O
STAT3	O
were	O
measured	O
in	O
western	O
blot	O
analyses	O
.	O
VEGF	O
-	O
stimulated	O
hRMVEC	O
proliferation	O
was	O
measured	O
following	O
transfection	O
with	O
NOX4	O
siRNA	O
or	O
STAT3	O
siRNA	O
,	O
or	O
respective	O
controls	O
.	O
RESULTS	O
:	O
NOX4	O
was	O
the	O
most	O
prevalent	O
isoform	O
of	O
NADPH	O
oxidase	O
in	O
vascular	O
ECs	O
.	O
NOX4	O
expression	O
in	O
retinal	O
lysates	O
was	O
significantly	O
decreased	O
during	O
development	O
in	O
RA	O
.	O
Compared	O
to	O
RA	O
,	O
the	O
expression	O
of	O
retinal	O
NOX4	O
increased	O
at	O
P18	O
.	O
At	O
p18	O
OIR	O
,	O
semiquantitative	O
assessment	O
of	O
the	O
density	O
of	O
lectin	O
and	O
NOX4	O
colabeling	O
in	O
retinal	O
vascular	O
ECs	O
was	O
greater	O
in	O
retinal	O
cryosections	O
and	O
activated	O
STAT3	O
was	O
greater	O
in	O
retinal	O
lysates	O
when	O
compared	O
to	O
the	O
RA	O
-	O
raised	O
pups	O
.	O
In	O
cultured	O
hRMVECs	O
,	O
knockdown	O
of	O
NOX4	O
by	O
siRNA	O
transfection	O
inhibited	O
VEGF	O
-	O
induced	O
ROS	B
generation	O
.	O
VEGF	O
induced	O
a	O
physical	O
interaction	O
of	O
phosphorylated	O
-	O
VEGFR2	O
and	O
NOX4	O
.	O
Knockdown	O
of	O
NOX4	O
:	O
1	O
)	O
reduced	O
VEGFR2	O
activation	O
but	O
did	O
not	O
abolish	O
it	O
and	O
2	O
)	O
abolished	O
STAT3	O
activation	O
in	O
response	O
to	O
VEGF	O
.	O
Knockdown	O
of	O
either	O
NOX4	O
or	O
STAT3	O
inhibited	O
VEGF	O
-	O
induced	O
EC	O
proliferation	O
.	O
CONCLUSIONS	O
:	O
Our	O
data	O
suggest	O
that	O
in	O
a	O
model	O
representative	O
of	O
human	O
retinopathy	O
of	O
prematurity	O
,	O
NOX4	O
was	O
increased	O
at	O
a	O
time	O
point	O
when	O
IVNV	O
developed	O
.	O
VEGF	O
-	O
activated	O
NOX4	O
led	O
to	O
an	O
interaction	O
between	O
VEGF	O
-	O
activated	O
VEGFR2	O
and	O
NOX4	O
that	O
mediated	O
EC	O
proliferation	O
via	O
activation	O
of	O
STAT3	O
.	O
Altogether	O
,	O
our	O
results	O
suggest	O
that	O
NOX4	O
may	O
regulate	O
VEGFR2	O
-	O
mediated	O
IVNV	O
through	O
activated	O
STAT3	O
.	O

The	O
cloaca	O
is	O
temporally	O
formed	O
and	O
eventually	O
divided	O
by	O
the	O
urorectal	O
septum	O
(	O
URS	O
)	O
during	O
urogenital	O
and	O
anorectal	O
organ	O
development	O
.	O
Although	O
congenital	O
malformations	O
,	O
such	O
as	O
anorectal	O
malformations	O
(	O
ARMs	O
)	O
,	O
are	O
frequently	O
observed	O
during	O
this	O
process	O
,	O
the	O
underlying	O
pathogenic	O
mechanisms	O
remain	O
unclear	O
.	O
b	O
-	O
Catenin	O
is	O
a	O
critical	O
component	O
of	O
canonical	O
Wnt	O
signaling	O
and	O
is	O
essential	O
for	O
the	O
regulation	O
of	O
cell	O
differentiation	O
and	O
morphogenesis	O
during	O
embryogenesis	O
.	O
The	O
expression	O
of	O
b	O
-	O
catenin	O
is	O
observed	O
in	O
endodermal	O
epithelia	O
,	O
including	O
URS	O
epithelia	O
.	O
We	O
modulated	O
the	O
b	O
-	O
catenin	O
gene	O
conditionally	O
in	O
endodermal	O
epithelia	O
by	O
utilizing	O
tamoxifen	B
-	O
inducible	O
Cre	O
driver	O
line	O
(	O
Shh	O
(	O
CreERT2	O
)	O
)	O
.	O
Both	O
b	O
-	O
catenin	O
loss	O
-	O
and	O
gain	O
-	O
of	O
-	O
function	O
(	O
LOF	O
and	O
GOF	O
)	O
mutants	O
displayed	O
abnormal	O
clefts	O
in	O
the	O
perineal	O
region	O
and	O
hypoplastic	O
elongation	O
of	O
the	O
URS	O
.	O
The	O
mutants	O
also	O
displayed	O
reduced	O
cell	O
proliferation	O
in	O
the	O
URS	O
mesenchyme	O
.	O
In	O
addition	O
,	O
the	O
b	O
-	O
catenin	O
GOF	O
mutants	O
displayed	O
reduced	O
apoptosis	O
and	O
subsequently	O
increased	O
apoptosis	O
in	O
the	O
URS	O
epithelium	O
.	O
This	O
instability	O
possibly	O
resulted	O
in	O
reduced	O
expression	O
levels	O
of	O
differentiation	O
markers	O
,	O
such	O
as	O
keratin	O
1	O
and	O
filaggrin	O
,	O
in	O
the	O
perineal	O
epithelia	O
.	O
The	O
expression	O
of	O
bone	O
morphogenetic	O
protein	O
(	O
Bmp	O
)	O
genes	O
,	O
such	O
as	O
Bmp4	O
and	O
Bmp7	O
,	O
was	O
also	O
ectopically	O
induced	O
in	O
the	O
epithelia	O
of	O
the	O
URS	O
in	O
the	O
b	O
-	O
catenin	O
GOF	O
mutants	O
.	O
The	O
expression	O
of	O
the	O
Msx2	O
gene	O
and	O
phosphorylated	O
-	O
Smad1	O
/	O
5	O
/	O
8	O
,	O
possible	O
readouts	O
of	O
Bmp	O
signaling	O
,	O
was	O
also	O
increased	O
in	O
the	O
mutants	O
.	O
Moreover	O
,	O
we	O
introduced	O
an	O
additional	O
mutation	O
for	O
a	O
Bmp	O
receptor	O
gene	O
:	O
BmprIA	O
.	O
The	O
Shh	O
(	O
CreERT2	O
/	O
+	O
)	O
;	O
b	O
-	O
catenin	O
(	O
flox	O
(	O
ex3	O
)	O
/	O
+	O
)	O
;	O
BmprIA	O
(	O
flox	O
/	O
-	O
)	O
mutants	O
displayed	O
partial	O
restoration	O
of	O
URS	O
elongation	O
compared	O
with	O
the	O
b	O
-	O
catenin	O
GOF	O
mutants	O
.	O
These	O
results	O
indicate	O
that	O
some	O
ARM	O
phenotypes	O
in	O
the	O
b	O
-	O
catenin	O
GOF	O
mutants	O
were	O
caused	O
by	O
abnormal	O
Bmp	O
signaling	O
.	O
The	O
current	O
analysis	O
revealed	O
the	O
close	O
relation	O
of	O
endodermal	O
b	O
-	O
catenin	O
signaling	O
to	O
the	O
ARM	O
phenotypes	O
.	O
These	O
results	O
are	O
considered	O
to	O
shed	O
light	O
on	O
the	O
pathogenic	O
mechanisms	O
of	O
human	O
ARMs	O
.	O

Behavioral	O
and	O
neurochemical	O
studies	O
in	O
mice	O
pretreated	O
with	O
garcinielliptone	B
FC	I
in	O
pilocarpine	B
-	O
induced	O
seizures	O
.	O

Garcinielliptone	B
FC	I
(	O
GFC	B
)	O
isolated	O
from	O
hexanic	O
fraction	O
seed	O
extract	O
of	O
species	O
Platonia	O
insignis	O
Mart	O
.	O
It	O
is	O
widely	O
used	O
in	O
folk	O
medicine	O
to	O
treat	O
skin	O
diseases	O
in	O
both	O
humans	O
and	O
animals	O
as	O
well	O
as	O
the	O
seed	O
decoction	O
has	O
been	O
used	O
to	O
treat	O
diarrheas	O
and	O
inflammatory	O
diseases	O
.	O
However	O
,	O
there	O
is	O
no	O
research	O
on	O
GFC	B
effects	O
in	O
the	O
central	O
nervous	O
system	O
of	O
rodents	O
.	O
The	O
present	O
study	O
aimed	O
to	O
evaluate	O
the	O
GFC	B
effects	O
at	O
doses	O
of	O
25	O
,	O
50	O
or	O
75	O
mg	O
/	O
kg	O
on	O
seizure	O
parameters	O
to	O
determine	O
their	O
anticonvulsant	O
activity	O
and	O
its	O
effects	O
on	O
amino	O
acid	O
(	O
r	B
-	I
aminobutyric	I
acid	I
(	O
GABA	B
)	O
,	O
glutamine	B
,	O
aspartate	B
and	O
glutathione	B
)	O
levels	O
as	O
well	O
as	O
on	O
acetylcholinesterase	O
(	O
AChE	O
)	O
activity	O
in	O
mice	O
hippocampus	O
after	O
seizures	O
.	O
GFC	B
produced	O
an	O
increased	O
latency	O
to	O
first	O
seizure	O
,	O
at	O
doses	O
25mg	O
/	O
kg	O
(	O
20	O
.	O
12	O
+	O
2	O
.	O
20	O
min	O
)	O
,	O
50mg	O
/	O
kg	O
(	O
20	O
.	O
95	O
+	O
2	O
.	O
21	O
min	O
)	O
or	O
75	O
mg	O
/	O
kg	O
(	O
23	O
.	O
43	O
+	O
1	O
.	O
99	O
min	O
)	O
when	O
compared	O
with	O
seized	O
mice	O
.	O
In	O
addition	O
,	O
GABA	B
content	O
of	O
mice	O
hippocampus	O
treated	O
with	O
GFC75	B
plus	O
P400	B
showed	O
an	O
increase	O
of	O
46	O
.	O
90	O
%	O
when	O
compared	O
with	O
seized	O
mice	O
.	O
In	O
aspartate	B
,	O
glutamine	B
and	O
glutamate	B
levels	O
detected	O
a	O
decrease	O
of	O
5	O
.	O
21	O
%	O
,	O
13	O
.	O
55	O
%	O
and	O
21	O
.	O
80	O
%	O
,	O
respectively	O
in	O
mice	O
hippocampus	O
treated	O
with	O
GFC75	B
plus	O
P400	B
when	O
compared	O
with	O
seized	O
mice	O
.	O
Hippocampus	O
mice	O
treated	O
with	O
GFC75	B
plus	O
P400	B
showed	O
an	O
increase	O
in	O
AChE	O
activity	O
(	O
63	O
.	O
30	O
%	O
)	O
when	O
compared	O
with	O
seized	O
mice	O
.	O
The	O
results	O
indicate	O
that	O
GFC	B
can	O
exert	O
anticonvulsant	O
activity	O
and	O
reduce	O
the	O
frequency	O
of	O
installation	O
of	O
pilocarpine	B
-	O
induced	O
status	O
epilepticus	O
,	O
as	O
demonstrated	O
by	O
increase	O
in	O
latency	O
to	O
first	O
seizure	O
and	O
decrease	O
in	O
mortality	O
rate	O
of	O
animals	O
.	O
In	O
conclusion	O
,	O
our	O
data	O
suggest	O
that	O
GFC	B
may	O
influence	O
in	O
epileptogenesis	O
and	O
promote	O
anticonvulsant	O
actions	O
in	O
pilocarpine	B
model	O
by	O
modulating	O
the	O
GABA	B
and	O
glutamate	B
contents	O
and	O
of	O
AChE	O
activity	O
in	O
seized	O
mice	O
hippocampus	O
.	O
This	O
compound	O
may	O
be	O
useful	O
to	O
produce	O
neuronal	O
protection	O
and	O
it	O
can	O
be	O
considered	O
as	O
an	O
anticonvulsant	O
agent	O
.	O

Conversion	O
to	O
sirolimus	B
ameliorates	O
cyclosporine	B
-	O
induced	O
nephropathy	O
in	O
the	O
rat	O
:	O
focus	O
on	O
serum	O
,	O
urine	O
,	O
gene	O
,	O
and	O
protein	O
renal	O
expression	O
biomarkers	O
.	O

Protocols	O
of	O
conversion	O
from	O
cyclosporin	B
A	I
(	O
CsA	B
)	O
to	O
sirolimus	B
(	O
SRL	B
)	O
have	O
been	O
widely	O
used	O
in	O
immunotherapy	O
after	O
transplantation	O
to	O
prevent	O
CsA	B
-	O
induced	O
nephropathy	O
,	O
but	O
the	O
molecular	O
mechanisms	O
underlying	O
these	O
protocols	O
remain	O
nuclear	O
.	O
This	O
study	O
aimed	O
to	O
identify	O
the	O
molecular	O
pathways	O
and	O
putative	O
biomarkers	O
of	O
CsA	B
-	O
to	O
-	O
SRL	B
conversion	O
in	O
a	O
rat	O
model	O
.	O
Four	O
animal	O
groups	O
(	O
n	O
=	O
6	O
)	O
were	O
tested	O
during	O
9	O
weeks	O
:	O
control	O
,	O
CsA	B
,	O
SRL	B
,	O
and	O
conversion	O
(	O
CsA	B
for	O
3	O
weeks	O
followed	O
by	O
SRL	B
for	O
6	O
weeks	O
)	O
.	O
Classical	O
and	O
emergent	O
serum	O
,	O
urinary	O
,	O
and	O
kidney	O
tissue	O
(	O
gene	O
and	O
protein	O
expression	O
)	O
markers	O
were	O
assessed	O
.	O
Renal	O
lesions	O
were	O
analyzed	O
in	O
hematoxylin	O
and	O
eosin	O
,	O
periodic	O
acid	O
-	O
Schiff	O
,	O
and	O
Masson	O
'	O
s	O
trichrome	O
stains	O
.	O
SRL	B
-	O
treated	O
rats	O
presented	O
proteinuria	O
and	O
NGAL	O
(	O
serum	O
and	O
urinary	O
)	O
as	O
the	O
best	O
markers	O
of	O
renal	O
impairment	O
.	O
Short	O
CsA	B
treatment	O
presented	O
slight	O
or	O
even	O
absent	O
kidney	O
lesions	O
and	O
TGF	O
-	O
b	O
,	O
NF	O
-	O
kb	O
,	O
mTOR	O
,	O
PCNA	O
,	O
TP53	O
,	O
KIM	O
-	O
1	O
,	O
and	O
CTGF	O
as	O
relevant	O
gene	O
and	O
protein	O
changes	O
.	O
Prolonged	O
CsA	B
exposure	O
aggravated	O
renal	O
damage	O
,	O
without	O
clear	O
changes	O
on	O
the	O
traditional	O
markers	O
,	O
but	O
with	O
changes	O
in	O
serums	O
TGF	O
-	O
b	O
and	O
IL	O
-	O
7	O
,	O
TBARs	B
clearance	O
,	O
and	O
kidney	O
TGF	O
-	O
b	O
and	O
mTOR	O
.	O
Conversion	O
to	O
SRL	B
prevented	O
CsA	B
-	O
induced	O
renal	O
damage	O
evolution	O
(	O
absent	O
/	O
mild	O
grade	O
lesions	O
)	O
,	O
while	O
NGAL	O
(	O
serum	O
versus	O
urine	O
)	O
seems	O
to	O
be	O
a	O
feasible	O
biomarker	O
of	O
CsA	B
replacement	O
to	O
SRL	B
.	O

Characterization	O
of	O
a	O
novel	O
BCHE	O
"	O
silent	O
"	O
allele	O
:	O
point	O
mutation	O
(	O
p	O
.	O
Val204Asp	O
)	O
causes	O
loss	O
of	O
activity	O
and	O
prolonged	O
apnea	O
with	O
suxamethonium	B
.	O

Butyrylcholinesterase	O
deficiency	O
is	O
characterized	O
by	O
prolonged	O
apnea	O
after	O
the	O
use	O
of	O
muscle	B
relaxants	I
(	O
suxamethonium	B
or	O
mivacurium	B
)	O
in	O
patients	O
who	O
have	O
mutations	O
in	O
the	O
BCHE	O
gene	O
.	O
Here	O
,	O
we	O
report	O
a	O
case	O
of	O
prolonged	O
neuromuscular	O
block	O
after	O
administration	O
of	O
suxamethonium	B
leading	O
to	O
the	O
discovery	O
of	O
a	O
novel	O
BCHE	O
variant	O
(	O
c	O
.	O
695T	O
>	O
A	O
,	O
p	O
.	O
Val204Asp	O
)	O
.	O
Inhibition	O
studies	O
,	O
kinetic	O
analysis	O
and	O
molecular	O
dynamics	O
were	O
undertaken	O
to	O
understand	O
how	O
this	O
mutation	O
disrupts	O
the	O
catalytic	O
triad	O
and	O
determines	O
a	O
"	O
silent	O
"	O
phenotype	O
.	O
Low	O
activity	O
of	O
patient	O
plasma	O
butyrylcholinesterase	O
with	O
butyrylthiocholine	B
(	O
BTC	B
)	O
and	O
benzoylcholine	B
,	O
and	O
values	O
of	O
dibucaine	B
and	O
fluoride	B
numbers	O
fit	O
with	O
heterozygous	O
atypical	O
silent	O
genotype	O
.	O
Electrophoretic	O
analysis	O
of	O
plasma	O
BChE	O
of	O
the	O
proband	O
and	O
his	O
mother	O
showed	O
that	O
patient	O
has	O
a	O
reduced	O
amount	O
of	O
tetrameric	O
enzyme	O
in	O
plasma	O
and	O
that	O
minor	O
fast	O
-	O
moving	O
BChE	O
components	O
:	O
monomer	O
,	O
dimer	O
,	O
and	O
monomer	O
-	O
albumin	O
conjugate	O
are	O
missing	O
.	O
Kinetic	O
analysis	O
showed	O
that	O
the	O
p	O
.	O
Val204Asp	O
/	O
p	O
.	O
Asp70Gly	O
-	O
p	O
.	O
Ala539Thr	O
BChE	O
displays	O
a	O
pure	O
Michaelian	O
behavior	O
with	O
BTC	B
as	O
the	O
substrate	O
.	O
Both	O
catalytic	O
parameters	O
Km	O
=	O
265	O
uM	O
for	O
BTC	B
,	O
two	O
times	O
higher	O
than	O
that	O
of	O
the	O
atypical	O
enzyme	O
,	O
and	O
a	O
low	O
Vmax	O
are	O
consistent	O
with	O
the	O
absence	O
of	O
activity	O
against	O
suxamethonium	B
.	O
Molecular	O
dynamic	O
(	O
MD	O
)	O
simulations	O
showed	O
that	O
the	O
overall	O
effect	O
of	O
the	O
mutation	O
p	O
.	O
Val204Asp	O
is	O
disruption	O
of	O
hydrogen	O
bonding	O
between	O
Gln223	O
and	O
Glu441	O
,	O
leading	O
Ser198	O
and	O
His438	O
to	O
move	O
away	O
from	O
each	O
other	O
with	O
subsequent	O
disruption	O
of	O
the	O
catalytic	O
triad	O
functionality	O
regardless	O
of	O
the	O
type	O
of	O
substrate	O
.	O
MD	O
also	O
showed	O
that	O
the	O
enzyme	O
volume	O
is	O
increased	O
,	O
suggesting	O
a	O
pre	O
-	O
denaturation	O
state	O
.	O
This	O
fits	O
with	O
the	O
reduced	O
concentration	O
of	O
p	O
.	O
Ala204Asp	O
/	O
p	O
.	O
Asp70Gly	O
-	O
p	O
.	O
Ala539Thr	O
tetrameric	O
enzyme	O
in	O
the	O
plasma	O
and	O
non	O
-	O
detectable	O
fast	O
moving	O
-	O
bands	O
on	O
electrophoresis	O
gels	O
.	O

A	O
key	O
hallmark	O
of	O
cancer	O
cells	O
is	O
their	O
altered	O
metabolism	O
,	O
known	O
as	O
Warburg	O
effect	O
.	O
Lactate	O
dehydrogenase	O
A	O
(	O
LDHA	O
)	O
executes	O
the	O
final	O
step	O
of	O
aerobic	O
glycolysis	O
and	O
has	O
been	O
reported	O
to	O
be	O
involved	O
in	O
the	O
tumor	O
progression	O
.	O
However	O
,	O
the	O
function	O
of	O
LDHA	O
in	O
prostate	O
cancer	O
has	O
not	O
been	O
studied	O
.	O
In	O
current	O
study	O
,	O
we	O
observed	O
overexpression	O
of	O
LDHA	O
in	O
the	O
clinical	O
prostate	O
cancer	O
samples	O
compared	O
with	O
benign	O
prostate	O
hyperplasia	O
tissues	O
as	O
demonstrated	O
by	O
immunohistochemistry	O
and	O
real	O
-	O
time	O
qPCR	O
.	O
Attenuated	O
expression	O
of	O
LDHA	O
by	O
siRNA	O
or	O
inhibition	O
of	O
LDHA	O
activities	O
by	O
FX11	B
inhibited	O
cell	O
proliferation	O
,	O
migration	O
,	O
invasion	O
,	O
and	O
promoted	O
cell	O
apoptosis	O
of	O
PC	O
-	O
3	O
and	O
DU145	O
cells	O
.	O
Mechanistically	O
,	O
decreased	O
Warburg	O
effect	O
as	O
demonstrated	O
by	O
reduced	O
glucose	B
consumption	O
and	O
lactate	B
secretion	O
and	O
reduced	O
expression	O
of	O
MMP	O
-	O
9	O
,	O
PLAU	O
,	O
and	O
cathepsin	O
B	O
were	O
found	O
after	O
LDHA	O
knockdown	O
or	O
FX11	B
treatment	O
in	O
PC	O
-	O
3	O
and	O
DU145	O
cells	O
.	O
Taken	O
together	O
,	O
our	O
study	O
revealed	O
the	O
oncogenic	O
role	O
of	O
LDHA	O
in	O
prostate	O
cancer	O
and	O
suggested	O
that	O
LDHA	O
might	O
be	O
a	O
potential	O
therapeutic	O
target	O
.	O

BACKGROUND	O
:	O
Erythropoietin	O
(	O
Epo	O
)	O
exerts	O
direct	O
effects	O
on	O
white	O
adipose	O
tissue	O
(	O
WAT	O
)	O
in	O
mice	O
in	O
addition	O
to	O
its	O
erythropoietic	O
effects	O
,	O
and	O
in	O
humans	O
Epo	O
increases	O
resting	O
energy	O
expenditure	O
and	O
affect	O
serum	O
lipid	B
levels	O
,	O
but	O
direct	O
effects	O
of	O
Epo	O
in	O
human	O
WAT	O
have	O
not	O
been	O
documented	O
.	O
We	O
therefore	O
investigated	O
the	O
effects	O
of	O
acute	O
and	O
prolonged	O
Epo	O
exposure	O
on	O
human	O
WAT	O
in	O
vivo	O
.	O
METHOD	O
:	O
Data	O
were	O
obtained	O
from	O
two	O
clinical	O
trials	O
:	O
1	O
)	O
acute	O
Epo	O
exposure	O
(	O
rHuEpo	O
,	O
400	O
IU	O
/	O
kg	O
)	O
followed	O
by	O
WAT	O
biopsies	O
after	O
1	O
h	O
and	O
2	O
)	O
10	O
weeks	O
treatment	O
with	O
the	O
erythropoiesis	B
-	I
stimulating	I
agent	I
(	O
ESA	B
)	O
Darbepoietin	B
-	I
alpha	I
.	O
Biopsies	O
were	O
analyzed	O
by	O
PCR	O
for	O
Epo	O
receptor	O
(	O
Epo	O
-	O
R	O
)	O
mRNA	O
.	O
A	O
new	O
and	O
highly	O
specific	O
antibody	O
(	O
A82	O
,	O
Amgen	O
)	O
was	O
used	O
to	O
evaluate	O
the	O
presence	O
of	O
Epo	O
-	O
R	O
by	O
western	O
blot	O
analysis	O
in	O
addition	O
to	O
Epo	O
-	O
R	O
signaling	O
proteins	O
(	O
Akt	O
,	O
STAT5	O
,	O
p70s6k	O
,	O
LYN	O
,	O
and	O
p38MAPK	O
)	O
,	O
activation	O
of	O
lipolytic	O
pathways	O
(	O
ATGL	O
,	O
HSL	O
,	O
CGI	O
-	O
58	O
,	O
G0S2	O
,	O
Perilipin	O
,	O
Cidea	O
,	O
Cidec	O
,	O
AMPK	O
,	O
and	O
ACC	O
)	O
,	O
and	O
mitochondrial	O
biogenesis	O
(	O
VDAC	O
,	O
HSP90	O
,	O
PDH	O
,	O
and	O
SDHA	O
)	O
.	O
RESULTS	O
:	O
No	O
evidence	O
of	O
in	O
vivo	O
activation	O
of	O
the	O
Epo	O
-	O
R	O
in	O
WAT	O
could	O
be	O
documented	O
despite	O
detectable	O
levels	O
of	O
Epo	O
-	O
R	O
mRNA	O
.	O
CONCLUSION	O
:	O
Thus	O
,	O
in	O
contradiction	O
to	O
animal	O
studies	O
,	O
Epo	O
treatment	O
within	O
a	O
physiological	O
relevant	O
range	O
in	O
humans	O
does	O
not	O
exert	O
direct	O
effects	O
in	O
a	O
subcutaneous	O
WAT	O
.	O

The	O
pathogenesis	O
of	O
human	O
type	O
1	O
diabetes	O
,	O
characterized	O
by	O
immune	O
-	O
mediated	O
damage	O
of	O
insulin	O
-	O
producing	O
b	O
-	O
cells	O
of	O
pancreatic	O
islets	O
,	O
may	O
involve	O
viral	O
infection	O
.	O
Essential	O
components	O
of	O
the	O
innate	O
immune	O
antiviral	O
response	O
,	O
including	O
type	O
I	O
interferon	O
(	O
IFN	O
)	O
and	O
IFN	O
receptor	O
-	O
mediated	O
signaling	O
pathways	O
,	O
are	O
candidates	O
for	O
determining	O
susceptibility	O
to	O
human	O
type	O
1	O
diabetes	O
.	O
Numerous	O
aspects	O
of	O
human	O
type	O
1	O
diabetes	O
pathogenesis	O
are	O
recapitulated	O
in	O
the	O
LEW	O
.	O
1WR1	O
rat	O
model	O
.	O
Diabetes	O
can	O
be	O
induced	O
in	O
LEW	O
.	O
1WR1	O
weanling	O
rats	O
challenged	O
with	O
virus	O
or	O
with	O
the	O
viral	O
mimetic	O
polyinosinic	B
:	I
polycytidylic	I
acid	I
(	O
poly	B
I	I
:	I
C	I
)	O
.	O
We	O
hypothesized	O
that	O
disrupting	O
the	O
cognate	O
type	O
I	O
IFN	O
receptor	O
(	O
type	O
I	O
IFN	O
a	O
/	O
b	O
receptor	O
[	O
IFNAR	O
]	O
)	O
to	O
interrupt	O
IFN	O
signaling	O
would	O
prevent	O
or	O
delay	O
the	O
development	O
of	O
virus	O
-	O
induced	O
diabetes	O
.	O
We	O
generated	O
IFNAR1	O
subunit	O
-	O
deficient	O
LEW	O
.	O
1WR1	O
rats	O
using	O
CRISPR	O
-	O
Cas9	O
(	O
clustered	O
regularly	O
interspaced	O
short	O
palindromic	O
repeats	O
-	O
associated	O
protein	O
9	O
)	O
genome	O
editing	O
and	O
confirmed	O
functional	O
disruption	O
of	O
the	O
Ifnar1	O
gene	O
.	O
IFNAR1	O
deficiency	O
significantly	O
delayed	O
the	O
onset	O
and	O
frequency	O
of	O
diabetes	O
and	O
greatly	O
reduced	O
the	O
intensity	O
of	O
insulitis	O
after	O
poly	B
I	I
:	I
C	I
treatment	O
.	O
The	O
occurrence	O
of	O
Kilham	O
rat	O
virus	O
-	O
induced	O
diabetes	O
was	O
also	O
diminished	O
in	O
IFNAR1	O
-	O
deficient	O
animals	O
.	O
These	O
findings	O
firmly	O
establish	O
that	O
alterations	O
in	O
innate	O
immunity	O
influence	O
the	O
course	O
of	O
autoimmune	O
diabetes	O
and	O
support	O
the	O
use	O
of	O
targeted	O
strategies	O
to	O
limit	O
or	O
prevent	O
the	O
development	O
of	O
type	O
1	O
diabetes	O
.	O

Despite	O
widespread	O
clinical	O
use	O
in	O
the	O
treatment	O
of	O
type	O
2	O
diabetes	O
,	O
the	O
impact	O
of	O
sulfonylurea	B
therapy	O
on	O
cardiovascular	O
outcomes	O
remains	O
uncertain	O
.	O
Studies	O
of	O
naturally	O
occurring	O
genetic	O
variation	O
can	O
be	O
used	O
to	O
anticipate	O
the	O
expected	O
clinical	O
consequences	O
of	O
a	O
pharmacological	O
therapy	O
.	O
A	O
common	O
missense	O
variant	O
in	O
the	O
gene	O
encoding	O
a	O
component	O
of	O
the	O
sulfonylurea	O
receptor	O
(	O
ABCC8	O
p	O
.	O
A1369S	O
)	O
promotes	O
closure	O
of	O
the	O
target	O
channel	O
of	O
sulfonylurea	B
therapy	O
and	O
is	O
associated	O
with	O
increased	O
insulin	O
secretion	O
,	O
thus	O
mimicking	O
the	O
effects	O
of	O
sulfonylurea	B
therapy	O
.	O
Using	O
individual	O
-	O
level	O
data	O
from	O
120	O
,	O
286	O
participants	O
in	O
the	O
UK	O
Biobank	O
and	O
summary	O
association	O
results	O
from	O
four	O
large	O
-	O
scale	O
genome	O
-	O
wide	O
association	O
studies	O
,	O
we	O
examined	O
the	O
impact	O
of	O
this	O
variant	O
on	O
cardiometabolic	O
traits	O
,	O
type	O
2	O
diabetes	O
,	O
and	O
coronary	O
heart	O
disease	O
.	O
The	O
p	O
.	O
A1369S	O
variant	O
was	O
associated	O
with	O
a	O
significantly	O
lower	O
risk	O
of	O
type	O
2	O
diabetes	O
(	O
odds	O
ratio	O
[	O
OR	O
]	O
0	O
.	O
93	O
;	O
95	O
%	O
CI	O
0	O
.	O
91	O
,	O
0	O
.	O
95	O
;	O
P	O
=	O
1	O
.	O
2	O
x	O
10	O
(	O
-	O
11	O
)	O
)	O
.	O
The	O
variant	O
was	O
associated	O
with	O
increased	O
BMI	O
(	O
+	O
0	O
.	O
062	O
kg	O
/	O
m	O
(	O
2	O
)	O
;	O
95	O
%	O
CI	O
0	O
.	O
037	O
,	O
0	O
.	O
086	O
;	O
P	O
=	O
8	O
.	O
1	O
x	O
10	O
(	O
-	O
7	O
)	O
)	O
but	O
lower	O
waist	O
-	O
to	O
-	O
hip	O
ratio	O
adjusted	O
for	O
BMI	O
,	O
a	O
marker	O
of	O
abdominal	O
fat	O
distribution	O
.	O
Furthermore	O
,	O
p	O
.	O
A1369S	O
was	O
associated	O
with	O
a	O
reduced	O
risk	O
of	O
coronary	O
heart	O
disease	O
(	O
OR	O
0	O
.	O
98	O
;	O
95	O
%	O
CI	O
0	O
.	O
96	O
,	O
0	O
.	O
99	O
;	O
P	O
=	O
5	O
.	O
9	O
x	O
10	O
(	O
-	O
4	O
)	O
)	O
.	O
These	O
results	O
suggest	O
that	O
,	O
despite	O
a	O
known	O
association	O
with	O
increased	O
weight	O
,	O
long	O
-	O
term	O
sulfonylurea	B
therapy	O
may	O
reduce	O
the	O
risk	O
of	O
coronary	O
heart	O
disease	O
.	O

Regulation	O
of	O
lung	O
endothelial	O
permeability	O
and	O
inflammatory	O
responses	O
by	O
prostaglandin	B
A2	I
:	O
role	O
of	O
EP4	O
receptor	O
.	O

The	O
role	O
of	O
prostaglandin	B
A2	I
(	O
PGA2	B
)	O
in	O
modulation	O
of	O
vascular	O
endothelial	O
function	O
is	O
unknown	O
.	O
We	O
investigated	O
effects	O
of	O
PGA2	B
on	O
pulmonary	O
endothelial	O
cell	O
(	O
EC	O
)	O
permeability	O
and	O
inflammatory	O
activation	O
and	O
identified	O
a	O
receptor	O
mediating	O
these	O
effects	O
.	O
PGA2	B
enhanced	O
the	O
EC	O
barrier	O
and	O
protected	O
against	O
barrier	O
dysfunction	O
caused	O
by	O
vasoactive	O
peptide	O
thrombin	O
and	O
proinflammatory	O
bacterial	O
wall	O
lipopolysaccharide	B
(	O
LPS	B
)	O
.	O
Receptor	O
screening	O
using	O
pharmacological	O
and	O
molecular	O
inhibitory	O
approaches	O
identified	O
EP4	O
as	O
a	O
novel	O
PGA2	O
receptor	O
.	O
EP4	O
mediated	O
barrier	O
-	O
protective	O
effects	O
of	O
PGA2	B
by	O
activating	O
Rap1	O
/	O
Rac1	O
GTPase	O
and	O
protein	O
kinase	O
A	O
targets	O
at	O
cell	O
adhesions	O
and	O
cytoskeleton	O
:	O
VE	O
-	O
cadherin	O
,	O
p120	O
-	O
catenin	O
,	O
ZO	O
-	O
1	O
,	O
cortactin	O
,	O
and	O
VASP	O
.	O
PGA2	B
also	O
suppressed	O
LPS	B
-	O
induced	O
inflammatory	O
signaling	O
by	O
inhibiting	O
the	O
NFkB	O
pathway	O
and	O
expression	O
of	O
EC	O
adhesion	O
molecules	O
ICAM1	O
and	O
VCAM1	O
.	O
These	O
effects	O
were	O
abolished	O
by	O
pharmacological	O
or	O
molecular	O
inhibition	O
of	O
EP4	O
.	O
In	O
vivo	O
,	O
PGA2	B
was	O
protective	O
in	O
two	O
distinct	O
models	O
of	O
acute	O
lung	O
injury	O
(	O
ALI	O
)	O
:	O
LPS	B
-	O
induced	O
inflammatory	O
injury	O
and	O
two	O
-	O
hit	O
ALI	O
caused	O
by	O
suboptimal	O
mechanical	O
ventilation	O
and	O
injection	O
of	O
thrombin	O
receptor	O
-	O
activating	O
peptide	O
.	O
These	O
protective	O
effects	O
were	O
abolished	O
in	O
mice	O
with	O
endothelial	O
-	O
specific	O
EP4	O
knockout	O
.	O
The	O
results	O
suggest	O
a	O
novel	O
role	O
for	O
the	O
PGA2	B
-	O
EP4	O
axis	O
in	O
vascular	O
EC	O
protection	O
that	O
is	O
critical	O
for	O
improvement	O
of	O
pathological	O
states	O
associated	O
with	O
increased	O
vascular	O
leakage	O
and	O
inflammation	O
.	O

Glucagon	O
receptor	O
(	O
GcgR	O
)	O
blockade	O
has	O
been	O
proposed	O
as	O
an	O
alternative	O
to	O
insulin	O
monotherapy	O
for	O
treating	O
type	O
1	O
diabetes	O
since	O
deletion	O
or	O
inhibition	O
of	O
GcgRs	O
corrects	O
hyperglycemia	O
in	O
models	O
of	O
diabetes	O
.	O
The	O
factors	O
regulating	O
glycemia	B
in	O
a	O
setting	O
devoid	O
of	O
insulin	O
and	O
glucagon	O
function	O
remain	O
unclear	O
but	O
may	O
include	O
the	O
hormone	O
ghrelin	O
.	O
Not	O
only	O
is	O
ghrelin	O
release	O
controlled	O
by	O
glucose	B
but	O
also	O
ghrelin	O
has	O
many	O
actions	O
that	O
can	O
raise	O
or	O
reduce	O
falls	O
in	O
blood	B
glucose	I
level	O
.	O
Here	O
,	O
we	O
tested	O
the	O
hypothesis	O
that	O
ghrelin	O
rises	O
to	O
prevent	O
hypoglycemia	O
in	O
the	O
absence	O
of	O
glucagon	O
function	O
.	O
Both	O
GcgR	O
knockout	O
(	O
Gcgr	O
(	O
-	O
/	O
-	O
)	O
)	O
mice	O
and	O
db	O
/	O
db	O
mice	O
that	O
were	O
administered	O
GcgR	O
monoclonal	O
antibody	O
displayed	O
lower	O
blood	B
glucose	I
levels	O
accompanied	O
by	O
elevated	O
plasma	O
ghrelin	O
levels	O
.	O
Although	O
treatment	O
with	O
the	O
pancreatic	O
b	O
-	O
cell	O
toxin	O
streptozotocin	B
induced	O
hyperglycemia	O
and	O
raised	O
plasma	O
ghrelin	O
levels	O
in	O
wild	O
-	O
type	O
mice	O
,	O
hyperglycemia	O
was	O
averted	O
in	O
similarly	O
treated	O
Gcgr	O
(	O
-	O
/	O
-	O
)	O
mice	O
and	O
the	O
plasma	O
ghrelin	O
level	O
was	O
further	O
increased	O
.	O
Notably	O
,	O
administration	O
of	O
a	O
ghrelin	O
receptor	O
antagonist	O
further	O
reduced	O
blood	B
glucose	I
levels	O
into	O
the	O
markedly	O
hypoglycemic	O
range	O
in	O
overnight	O
-	O
fasted	O
,	O
streptozotocin	B
-	O
treated	O
Gcgr	O
(	O
-	O
/	O
-	O
)	O
mice	O
.	O
A	O
lowered	O
blood	B
glucose	I
level	O
also	O
was	O
observed	O
in	O
overnight	O
-	O
fasted	O
,	O
streptozotocin	B
-	O
treated	O
ghrelin	O
receptor	O
-	O
null	O
mice	O
that	O
were	O
administered	O
GcgR	O
monoclonal	O
antibody	O
.	O
These	O
data	O
suggest	O
that	O
when	O
glucagon	O
activity	O
is	O
blocked	O
in	O
the	O
setting	O
of	O
type	O
1	O
diabetes	O
,	O
the	O
plasma	O
ghrelin	O
level	O
rises	O
,	O
preventing	O
hypoglycemia	O
.	O

Gankyrin	O
induces	O
STAT3	O
activation	O
in	O
tumor	O
microenvironment	O
and	O
sorafenib	B
resistance	O
in	O
hepatocellular	O
carcinoma	O
.	O

Most	O
hepatocellular	O
carcinomas	O
(	O
HCC	O
)	O
develop	O
as	O
a	O
result	O
of	O
chronic	O
liver	O
inflammation	O
.	O
We	O
have	O
shown	O
that	O
the	O
oncoprotein	O
gankyrin	O
is	O
critical	O
for	O
inflammation	O
-	O
induced	O
tumorigenesis	O
in	O
the	O
colon	O
.	O
Although	O
the	O
in	O
vitro	O
function	O
of	O
gankyrin	O
is	O
well	O
known	O
,	O
its	O
role	O
in	O
vivo	O
remains	O
to	O
be	O
elucidated	O
.	O
We	O
investigated	O
the	O
effect	O
of	O
gankyrin	O
in	O
the	O
tumor	O
microenvironment	O
of	O
mice	O
with	O
liver	O
parenchymal	O
cell	O
-	O
specific	O
gankyrin	O
ablation	O
(	O
Alb	O
-	O
Cre	O
;	O
gankyrin	O
(	O
f	O
/	O
f	O
)	O
)	O
and	O
gankyrin	O
deletion	O
both	O
in	O
liver	O
parenchymal	O
and	O
non	O
-	O
parenchymal	O
cells	O
(	O
Mx1	O
-	O
Cre	O
;	O
gankyrin	O
(	O
f	O
/	O
f	O
)	O
)	O
.	O
Gankyrin	O
upregulates	O
vascular	O
endothelial	O
growth	O
factor	O
expression	O
in	O
tumor	O
cells	O
.	O
Gankyrin	O
binds	O
to	O
Src	O
homology	O
2	O
domain	O
-	O
containing	O
protein	O
tyrosine	O
phosphatase	O
-	O
1	O
(	O
SHP	O
-	O
1	O
)	O
,	O
mainly	O
expressed	O
in	O
liver	O
non	O
-	O
parenchymal	O
cells	O
,	O
resulting	O
in	O
phosphorylation	O
and	O
activation	O
of	O
signal	O
transducer	O
and	O
activator	O
of	O
transcription	O
3	O
(	O
STAT3	O
)	O
.	O
Gankyrin	O
deficiency	O
in	O
non	O
-	O
parenchymal	O
cells	O
,	O
but	O
not	O
in	O
parenchymal	O
cells	O
,	O
reduced	O
STAT3	O
activity	O
,	O
interleukin	O
(	O
IL	O
)	O
-	O
6	O
production	O
,	O
and	O
cancer	O
stem	O
cell	O
marker	O
(	O
Bmi1	O
and	O
epithelial	O
cell	O
adhesion	O
molecule	O
[	O
EpCAM	O
]	O
)	O
expression	O
,	O
leading	O
to	O
attenuated	O
tumorigenic	O
potential	O
.	O
Chronic	O
inflammation	O
enhances	O
gankyrin	O
expression	O
in	O
the	O
human	O
liver	O
.	O
Gankyrin	O
expression	O
in	O
the	O
tumor	O
microenvironment	O
is	O
negatively	O
correlated	O
with	O
progression	O
-	O
free	O
survival	O
in	O
patients	O
undergoing	O
sorafenib	B
treatment	O
for	O
HCC	O
.	O
Thus	O
,	O
gankyrin	O
appears	O
to	O
play	O
a	O
critical	O
oncogenic	O
function	O
in	O
tumor	O
microenvironment	O
and	O
may	O
be	O
a	O
potential	O
target	O
for	O
developing	O
therapeutic	O
and	O
preventive	O
strategies	O
against	O
HCC	O
.	O

Pituitary	O
response	O
to	O
luteinizing	O
hormone	O
-	O
releasing	O
hormone	O
during	O
haloperidol	B
-	O
induced	O
hyperprolactinemia	O
.	O

The	O
effects	O
of	O
a	O
6	O
-	O
hour	O
infusion	O
with	O
haloperidol	B
on	O
serum	O
prolactin	O
and	O
luteinizing	O
hormone	O
(	O
LH	O
)	O
levels	O
was	O
studied	O
in	O
a	O
group	O
of	O
male	O
subjects	O
.	O
Five	O
hours	O
after	O
starting	O
the	O
infusions	O
,	O
a	O
study	O
of	O
the	O
pituitary	O
responses	O
to	O
LH	O
-	O
releasing	O
hormone	O
(	O
LH	O
-	O
RH	O
)	O
was	O
carried	O
out	O
.	O
Control	O
patients	O
received	O
infusions	O
of	O
0	O
.	O
9	O
%	O
NaCl	B
solution	O
.	O
During	O
the	O
course	O
of	O
haloperidol	B
infusions	O
,	O
significant	O
hyperprolactinemia	O
was	O
found	O
,	O
together	O
with	O
an	O
abolished	O
pituitary	O
response	O
to	O
LH	O
-	O
RH	O
,	O
as	O
compared	O
with	O
responses	O
of	O
control	O
subjects	O
.	O

Cardiovascular	O
complications	O
associated	O
with	O
terbutaline	B
treatment	O
for	O
preterm	O
labor	O
.	O

Severe	O
cardiovascular	O
complications	O
occurred	O
in	O
eight	O
of	O
160	O
patients	O
treated	O
with	O
terbutaline	B
for	O
preterm	O
labor	O
.	O
Associated	O
corticosteroid	B
therapy	O
and	O
twin	O
gestations	O
appear	O
to	O
be	O
predisposing	O
factors	O
.	O
Potential	O
mechanisms	O
of	O
the	O
pathophysiology	O
are	O
briefly	O
discussed	O
.	O

Two	O
overlapping	O
cDNA	O
clones	O
(	O
1	O
,	O
991	O
bp	O
and	O
736	O
bp	O
,	O
respectively	O
)	O
encoding	O
the	O
precursor	O
of	O
human	O
mitochondrial	O
very	O
-	O
long	O
-	O
chain	O
acyl	O
-	O
coenzyme	O
A	O
dehydrogenase	O
(	O
VLCAD	O
)	O
were	O
cloned	O
and	O
sequenced	O
.	O
The	O
cDNA	O
inserts	O
of	O
these	O
clones	O
together	O
encompass	O
a	O
region	O
of	O
2	O
,	O
177	O
bases	O
,	O
encoding	O
the	O
entire	O
protein	O
of	O
655	O
amino	O
acids	O
,	O
including	O
a	O
40	O
-	O
amino	O
acid	O
leader	O
peptide	O
and	O
a	O
615	O
-	O
amino	O
acid	O
mature	O
polypeptide	O
.	O
PCR	O
-	O
amplified	O
VLCAD	O
cDNAs	O
were	O
sequenced	O
in	O
cultured	O
fibroblasts	O
from	O
two	O
VLCAD	O
-	O
deficient	O
patients	O
.	O
In	O
both	O
patients	O
,	O
a	O
105	O
-	O
bp	O
deletion	O
encompassing	O
bases	O
1078	O
-	O
1182	O
in	O
VLCAD	O
cDNA	O
was	O
identified	O
.	O
The	O
deletion	O
seems	O
to	O
occur	O
due	O
to	O
exon	O
skipping	O
during	O
processing	O
of	O
VLCAD	O
pre	O
-	O
mRNA	O
.	O
This	O
is	O
the	O
first	O
demonstration	O
of	O
a	O
mutation	O
causing	O
VLCAD	O
deficiency	O
.	O
Quantitative	O
cDNA	O
expression	O
of	O
normal	O
human	O
VLCAD	O
was	O
performed	O
in	O
the	O
patients	O
fibroblasts	O
,	O
using	O
vaccinia	O
viral	O
system	O
,	O
which	O
demonstrated	O
that	O
the	O
deficiency	O
of	O
the	O
normal	O
VLCAD	O
protein	O
causes	O
impaired	O
long	B
-	I
chain	I
fatty	I
acid	I
beta	O
-	O
oxidation	O
activity	O
in	O
the	O
patients	O
fibroblasts	O
.	O
In	O
patient	O
fibroblasts	O
,	O
raising	O
VLCAD	O
activity	O
to	O
approximately	O
20	O
%	O
of	O
normal	O
control	O
fibroblast	O
activity	O
raised	O
palmitic	B
acid	I
beta	O
-	O
oxidation	O
flux	O
to	O
the	O
level	O
found	O
in	O
control	O
fibroblasts	O
,	O
which	O
may	O
offer	O
important	O
information	O
for	O
the	O
rational	O
design	O
of	O
future	O
somatic	O
gene	O
therapy	O
for	O
VLCAD	O
deficiency	O
.	O
.	O

A	O
human	O
mu	O
opiate	O
receptor	O
cDNA	O
has	O
been	O
identified	O
from	O
a	O
cerebral	O
cortical	O
cDNA	O
library	O
using	O
sequences	O
from	O
the	O
rat	O
mu	O
opiate	O
receptor	O
cDNA	O
.	O
The	O
human	O
mu	O
opiate	O
receptor	O
(	O
h	O
mu	O
OR1	O
)	O
shares	O
95	O
%	O
amino	O
acid	O
identity	O
with	O
the	O
rat	O
sequence	O
.	O
The	O
expressed	O
mu	O
OR1	O
recognized	O
tested	O
opiate	B
drugs	O
and	O
opioid	B
peptides	I
in	O
a	O
sodium	B
-	O
and	O
GTP	B
-	O
sensitive	O
fashion	O
with	O
affinities	O
virtually	O
identical	O
to	O
those	O
displayed	O
by	O
the	O
rat	O
mu	O
opiate	O
receptor	O
.	O
Effects	O
on	O
cyclic	B
AMP	I
are	O
similar	O
to	O
those	O
noted	O
for	O
the	O
rat	O
mu	O
opiate	O
receptor	O
.	O
An	O
18	O
kb	O
genomic	O
clone	O
hybridizing	O
with	O
the	O
h	O
mu	O
OR1	O
cDNA	O
contains	O
63	O
and	O
489	O
bp	O
exonic	O
sequences	O
flanked	O
by	O
splice	O
donor	O
/	O
acceptor	O
sequences	O
.	O
Analysis	O
of	O
hybridization	O
to	O
DNA	O
prepared	O
from	O
human	O
rodent	O
hybrid	O
cell	O
lines	O
and	O
chromosomal	O
in	O
situ	O
hybridization	O
studies	O
indicate	O
localization	O
to	O
6q24	O
-	O
25	O
.	O
An	O
MspI	O
polymorphism	O
,	O
producing	O
a	O
3	O
.	O
7	O
kb	O
band	O
,	O
may	O
prove	O
useful	O
in	O
assessing	O
this	O
gene	O
'	O
s	O
involvement	O
in	O
neuropsychiatric	O
disorders	O
involving	O
opiatergic	O
systems	O
.	O

Myotonic	O
dystrophy	O
protein	O
kinase	O
is	O
involved	O
in	O
the	O
modulation	O
of	O
the	O
Ca2	B
+	I
homeostasis	O
in	O
skeletal	O
muscle	O
cells	O
.	O

Myotonic	O
dystrophy	O
(	O
DM	O
)	O
,	O
the	O
most	O
prevalent	O
muscular	O
disorder	O
in	O
adults	O
,	O
is	O
caused	O
by	O
(	O
CTG	O
)	O
n	O
-	O
repeat	O
expansion	O
in	O
a	O
gene	O
encoding	O
a	O
protein	O
kinase	O
(	O
DM	O
protein	O
kinase	O
;	O
DMPK	O
)	O
and	O
involves	O
changes	O
in	O
cytoarchitecture	O
and	O
ion	O
homeostasis	O
.	O
To	O
obtain	O
clues	O
to	O
the	O
normal	O
biological	O
role	O
of	O
DMPK	O
in	O
cellular	O
ion	O
homeostasis	O
,	O
we	O
have	O
compared	O
the	O
resting	O
[	O
Ca2	B
+	I
]	O
i	O
,	O
the	O
amplitude	O
and	O
shape	O
of	O
depolarization	O
-	O
induced	O
Ca2	B
+	I
transients	O
,	O
and	O
the	O
content	O
of	O
ATP	B
-	O
driven	O
ion	O
pumps	O
in	O
cultured	O
skeletal	O
muscle	O
cells	O
of	O
wild	O
-	O
type	O
and	O
DMPK	O
[	O
-	O
/	O
-	O
]	O
knockout	O
mice	O
.	O
In	O
vitro	O
-	O
differentiated	O
DMPK	O
[	O
-	O
/	O
-	O
]	O
myotubes	O
exhibit	O
a	O
higher	O
resting	O
[	O
Ca2	B
+	I
]	O
i	O
than	O
do	O
wild	O
-	O
type	O
myotubes	O
because	O
of	O
an	O
altered	O
open	O
probability	O
of	O
voltage	O
-	O
dependent	O
l	O
-	O
type	O
Ca2	B
+	I
and	O
Na	B
+	I
channels	O
.	O
The	O
mutant	O
myotubes	O
exhibit	O
smaller	O
and	O
slower	O
Ca2	B
+	I
responses	O
upon	O
triggering	O
by	O
acetylcholine	B
or	O
high	O
external	O
K	B
+	I
.	O
In	O
addition	O
,	O
we	O
observed	O
that	O
these	O
Ca2	B
+	I
transients	O
partially	O
result	O
from	O
an	O
influx	O
of	O
extracellular	O
Ca2	B
+	I
through	O
the	O
l	O
-	O
type	O
Ca2	B
+	I
channel	O
.	O
Neither	O
the	O
content	O
nor	O
the	O
activity	O
of	O
Na	B
+	I
/	I
K	I
+	I
ATPase	I
and	O
sarcoplasmic	B
reticulum	I
Ca2	I
+	I
-	I
ATPase	I
are	O
affected	O
by	O
DMPK	O
absence	O
.	O
In	O
conclusion	O
,	O
our	O
data	O
suggest	O
that	O
DMPK	O
is	O
involved	O
in	O
modulating	O
the	O
initial	O
events	O
of	O
excitation	O
-	O
contraction	O
coupling	O
in	O
skeletal	O
muscle	O
.	O
.	O

Inappropriate	O
use	O
of	O
carbamazepine	B
and	O
vigabatrin	B
in	O
typical	O
absence	O
seizures	O
.	O

Carbamazepine	B
and	O
vigabatrin	B
are	O
contraindicated	O
in	O
typical	O
absence	O
seizures	O
.	O
Of	O
18	O
consecutive	O
referrals	O
of	O
children	O
with	O
resistant	O
typical	O
absences	O
only	O
,	O
eight	O
were	O
erroneously	O
treated	O
with	O
carbamazepine	B
either	O
as	O
monotherapy	O
or	O
as	O
an	O
add	O
-	O
on	O
.	O
Vigabatrin	B
was	O
also	O
used	O
in	O
the	O
treatment	O
of	O
two	O
children	O
.	O
Frequency	O
of	O
absences	O
increased	O
in	O
four	O
children	O
treated	O
with	O
carbamazepine	B
and	O
two	O
of	O
these	O
developed	O
myoclonic	O
jerks	O
,	O
which	O
resolved	O
on	O
withdrawal	O
of	O
carbamazepine	B
.	O
Absences	O
were	O
aggravated	O
in	O
both	O
cases	O
where	O
vigabatrin	B
was	O
added	O
on	O
to	O
concurrent	O
treatment	O
.	O
Optimal	O
control	O
of	O
the	O
absences	O
was	O
achieved	O
with	O
sodium	B
valproate	I
,	O
lamotrigine	B
,	O
or	O
ethosuximide	B
alone	O
or	O
in	O
combination	O
.	O

BACKGROUND	O
:	O
Recent	O
data	O
has	O
suggested	O
that	O
polymorphisms	O
in	O
the	O
prostate	O
specific	O
antigen	O
(	O
PSA	O
)	O
may	O
increase	O
prostate	O
cancer	O
(	O
PC	O
)	O
risk	O
.	O
The	O
PSA	O
gene	O
contains	O
a	O
G	O
/	O
A	O
substitution	O
in	O
the	O
androgen	B
response	O
element	O
(	O
ARE	O
)	O
1	O
region	O
.	O
The	O
androgen	O
receptor	O
(	O
AR	O
)	O
gene	O
has	O
polymorphic	O
regions	O
containing	O
variable	O
length	O
glutamine	O
and	O
glycine	O
repeats	O
and	O
these	O
are	O
believed	O
to	O
be	O
associated	O
with	O
PC	O
risk	O
.	O
The	O
effect	O
on	O
PC	O
risks	O
from	O
PSA	O
polymorphisms	O
alone	O
and	O
synergistically	O
with	O
the	O
AR	O
gene	O
was	O
examined	O
in	O
this	O
report	O
.	O
METHODS	O
:	O
One	O
hundred	O
PC	O
patients	O
and	O
an	O
age	O
matched	O
cohort	O
of	O
79	O
benign	O
prostate	O
hyperplasia	O
and	O
67	O
population	O
controls	O
were	O
entered	O
in	O
this	O
study	O
.	O
DNA	O
was	O
extracted	O
from	O
blood	O
and	O
PSA	O
/	O
ARE	O
promoter	O
region	O
amplified	O
by	O
PCR	O
.	O
PCR	O
products	O
were	O
cut	O
with	O
Nhe	O
1	O
restriction	O
enzyme	O
to	O
distinguish	O
G	O
/	O
A	O
alleles	O
.	O
AR	O
/	O
CAG	O
and	O
GGC	O
repeat	O
length	O
was	O
detected	O
by	O
automated	O
fluorescence	O
from	O
PCR	O
products	O
.	O
RESULTS	O
:	O
We	O
found	O
a	O
significantly	O
higher	O
PSA	O
/	O
GG	O
distribution	O
in	O
PC	O
(	O
30	O
%	O
)	O
than	O
either	O
benign	O
prostatic	O
hyperplasia	O
(	O
BPH	O
)	O
(	O
18	O
%	O
)	O
or	O
population	O
controls	O
(	O
16	O
%	O
)	O
(	O
P	O
=	O
0	O
.	O
025	O
)	O
.	O
Furthermore	O
the	O
GG	O
distribution	O
within	O
cases	O
was	O
even	O
greater	O
in	O
younger	O
men	O
(	O
<	O
65	O
years	O
;	O
42	O
%	O
;	O
P	O
=	O
0	O
.	O
012	O
)	O
.	O
Additionally	O
,	O
when	O
PSA	O
genotype	O
was	O
cross	O
classified	O
with	O
CAG	O
repeat	O
,	O
significantly	O
more	O
cases	O
than	O
both	O
BPH	O
and	O
population	O
controls	O
were	O
observed	O
to	O
have	O
a	O
short	O
(	O
<	O
22	O
)	O
CAG	O
/	O
GG	O
genotype	O
(	O
P	O
=	O
0	O
.	O
006	O
)	O
.	O
CONCLUSIONS	O
:	O
Our	O
results	O
indicate	O
that	O
the	O
PSA	O
/	O
ARE	O
GG	O
genotype	O
confers	O
an	O
increased	O
risk	O
of	O
PC	O
especially	O
among	O
younger	O
men	O
.	O
Moreover	O
,	O
we	O
confirm	O
previous	O
results	O
that	O
a	O
short	O
glutamine	O
repeat	O
in	O
conjunction	O
with	O
GG	O
genotype	O
significantly	O
increases	O
the	O
risk	O
of	O
malignant	O
disease	O
.	O

Resistance	O
to	O
thyroid	O
hormone	O
(	O
RTH	O
)	O
is	O
an	O
inherited	O
syndrome	O
characterized	O
by	O
elevated	O
serum	O
thyroid	B
hormones	I
(	O
TH	B
)	O
,	O
failure	O
to	O
suppress	O
pituitary	O
thyroid	O
stimulating	O
hormone	O
(	O
TSH	O
)	O
secretion	O
,	O
and	O
variable	O
peripheral	O
tissue	O
responsiveness	O
to	O
TH	B
.	O
The	O
disorder	O
is	O
associated	O
with	O
diverse	O
mutations	O
in	O
the	O
thyroid	O
hormone	O
beta	O
receptor	O
(	O
TRbeta	O
)	O
.	O
Here	O
,	O
we	O
report	O
a	O
novel	O
natural	O
RTH	O
mutation	O
(	O
E333D	O
)	O
located	O
in	O
the	O
large	O
carboxy	O
-	O
terminal	O
ligand	O
binding	O
domain	O
of	O
TRbeta	O
.	O
The	O
mutation	O
was	O
identified	O
in	O
a	O
22	O
-	O
year	O
-	O
old	O
French	O
woman	O
coming	O
to	O
medical	O
attention	O
because	O
of	O
an	O
increasing	O
overweight	O
.	O
Biochemical	O
tests	O
showed	O
elevated	O
free	O
thyroxine	B
(	O
T4	B
:	O
20	O
.	O
8	O
pg	O
/	O
ml	O
(	O
normal	O
,	O
8	O
.	O
5	O
-	O
18	O
)	O
)	O
and	O
triiodothyronine	B
(	O
T3	B
:	O
5	O
.	O
7	O
pg	O
/	O
ml	O
(	O
normal	O
,	O
1	O
.	O
4	O
-	O
4	O
)	O
)	O
in	O
the	O
serum	O
,	O
together	O
with	O
an	O
inappropriately	O
nonsuppressed	O
TSH	O
level	O
of	O
4	O
.	O
7	O
mU	O
/	O
ml	O
(	O
normal	O
,	O
0	O
.	O
4	O
-	O
4	O
)	O
.	O
Her	O
father	O
and	O
her	O
brother	O
'	O
s	O
serum	O
tests	O
also	O
showed	O
biochemical	O
abnormalities	O
consistent	O
with	O
RTH	O
.	O
Direct	O
sequencing	O
of	O
the	O
TRbeta	O
gene	O
revealed	O
a	O
heterozygous	O
transition	O
1284A	O
>	O
C	O
in	O
exon	O
9	O
resulting	O
in	O
substitution	O
of	O
glutamic	O
acid	O
333	O
by	O
aspartic	O
acid	O
residue	O
(	O
E333D	O
)	O
.	O
Further	O
functional	O
analyses	O
of	O
the	O
novel	O
TRbeta	O
mutant	O
were	O
conducted	O
.	O
We	O
found	O
that	O
the	O
E333D	O
mutation	O
neither	O
significantly	O
affected	O
the	O
affinity	O
of	O
the	O
receptor	O
for	O
T3	B
nor	O
modified	O
heterodimer	O
formation	O
with	O
retinoid	O
X	O
receptor	O
(	O
RXR	O
)	O
when	O
bound	O
to	O
DNA	O
.	O
However	O
,	O
in	O
transient	O
transfection	O
assays	O
,	O
the	O
E333D	O
TRbeta	O
mutant	O
exhibited	O
impaired	O
transcriptional	O
regulation	O
on	O
two	O
distinct	O
positively	O
regulated	O
thyroid	O
response	O
elements	O
(	O
F2	O
-	O
and	O
DR4	O
-	O
TREs	O
)	O
as	O
well	O
as	O
on	O
the	O
negatively	O
regulated	O
human	O
TSHalpha	O
promoter	O
.	O
Moreover	O
,	O
a	O
dominant	O
inhibition	O
of	O
the	O
wild	O
-	O
type	O
TRbeta	O
counterpart	O
transactivation	O
function	O
was	O
observed	O
on	O
both	O
a	O
positive	O
(	O
F2	O
-	O
TRE	O
)	O
and	O
a	O
negative	O
(	O
TSHalpha	O
)	O
promoter	O
.	O
These	O
results	O
strongly	O
suggest	O
that	O
the	O
E333D	O
TRbeta	O
mutation	O
is	O
responsible	O
for	O
the	O
RTH	O
phenotype	O
in	O
the	O
proposita	O
'	O
s	O
family	O
.	O

PURPOSE	O
:	O
The	O
prognosis	O
of	O
breast	O
cancer	O
varies	O
considerably	O
among	O
individuals	O
,	O
and	O
inherited	O
genetic	O
factors	O
may	O
help	O
explain	O
this	O
variability	O
.	O
Of	O
particular	O
interest	O
are	O
genes	O
involved	O
in	O
defense	O
against	O
reactive	B
oxygen	I
species	I
(	O
ROS	B
)	O
because	O
ROS	B
are	O
thought	O
to	O
cause	O
DNA	O
damage	O
and	O
contribute	O
to	O
the	O
pathogenesis	O
of	O
cancer	O
.	O
PATIENTS	O
AND	O
METHODS	O
:	O
We	O
examined	O
associations	O
between	O
54	O
polymorphisms	O
that	O
tag	O
the	O
known	O
common	O
variants	O
(	O
minor	O
allele	O
frequency	O
>	O
0	O
.	O
05	O
)	O
in	O
10	O
genes	O
involved	O
in	O
oxidative	O
damage	O
repair	O
(	O
CAT	O
,	O
SOD1	O
,	O
SOD2	O
,	O
GPX1	O
,	O
GPX4	O
,	O
GSR	O
,	O
TXN	O
,	O
TXN2	O
,	O
TXNRD1	O
,	O
and	O
TXNRD2	O
)	O
and	O
survival	O
in	O
4	O
,	O
470	O
women	O
with	O
breast	O
cancer	O
.	O
RESULTS	O
:	O
Two	O
single	O
nucleotide	O
polymorphisms	O
(	O
SNPs	O
)	O
in	O
GPX4	O
(	O
rs713041	O
and	O
rs757229	O
)	O
were	O
associated	O
with	O
all	O
-	O
cause	O
mortality	O
even	O
after	O
adjusting	O
for	O
multiple	O
hypothesis	O
testing	O
(	O
adjusted	O
P	O
=	O
.	O
0041	O
and	O
P	O
=	O
.	O
0035	O
)	O
.	O
These	O
SNPs	O
are	O
correlated	O
with	O
each	O
other	O
(	O
r2	O
=	O
0	O
.	O
61	O
)	O
.	O
GPX4	O
rs713041	O
is	O
located	O
near	O
the	O
selenocysteine	B
insertion	O
sequence	O
element	O
in	O
the	O
GPX4	O
3	O
'	O
untranslated	O
region	O
,	O
and	O
the	O
rare	O
allele	O
of	O
this	O
SNP	O
is	O
associated	O
with	O
an	O
increased	O
risk	O
of	O
death	O
,	O
with	O
a	O
hazard	O
ratio	O
of	O
1	O
.	O
27	O
per	O
rare	O
allele	O
carried	O
(	O
95	O
%	O
CI	O
,	O
1	O
.	O
13	O
to	O
11	O
.	O
43	O
)	O
.	O
This	O
effect	O
was	O
not	O
attenuated	O
after	O
adjusting	O
for	O
tumor	O
stage	O
,	O
grade	O
,	O
or	O
estrogen	O
receptor	O
status	O
.	O
We	O
found	O
that	O
the	O
common	O
allele	O
is	O
preferentially	O
expressed	O
in	O
normal	O
lymphocytes	O
,	O
normal	O
breast	O
,	O
and	O
breast	O
tumors	O
compared	O
with	O
the	O
rare	O
allele	O
,	O
but	O
there	O
were	O
no	O
differences	O
in	O
total	O
levels	O
of	O
GPX4	O
mRNA	O
across	O
genotypes	O
.	O
CONCLUSION	O
:	O
These	O
data	O
provide	O
strong	O
support	O
for	O
the	O
hypothesis	O
that	O
common	O
variation	O
in	O
GPX4	O
is	O
associated	O
with	O
prognosis	O
after	O
a	O
diagnosis	O
of	O
breast	O
cancer	O
.	O

Mantle	O
cell	O
lymphoma	O
(	O
MCL	O
)	O
is	O
characterized	O
by	O
the	O
t	O
(	O
11	O
;	O
14	O
)	O
(	O
q13	O
;	O
q32	O
)	O
translocation	O
and	O
several	O
other	O
cytogenetic	O
aberrations	O
,	O
including	O
heterozygous	O
loss	O
of	O
chromosomal	O
arms	O
1p	O
,	O
6q	O
,	O
11q	O
and	O
13q	O
and	O
/	O
or	O
gains	O
of	O
3q	O
and	O
8q	O
.	O
The	O
common	O
intervals	O
of	O
chromosomal	O
imbalance	O
have	O
been	O
narrowed	O
down	O
using	O
array	O
-	O
comparative	O
genomic	O
hybridization	O
(	O
CGH	O
)	O
.	O
However	O
,	O
the	O
chromosomal	O
intervals	O
still	O
contain	O
many	O
genes	O
potentially	O
involved	O
in	O
MCL	O
pathogeny	O
.	O
Combined	O
analysis	O
of	O
tiling	O
-	O
resolution	O
array	O
-	O
CGH	O
with	O
gene	O
expression	O
profiling	O
on	O
11	O
MCL	O
tumours	O
enabled	O
the	O
identification	O
of	O
genomic	O
alterations	O
and	O
their	O
corresponding	O
gene	O
expression	O
profiles	O
.	O
Only	O
subsets	O
of	O
genes	O
located	O
within	O
given	O
cytogenetic	O
anomaly	O
-	O
intervals	O
showed	O
a	O
concomitant	O
change	O
in	O
mRNA	O
expression	O
level	O
.	O
The	O
genes	O
that	O
showed	O
consistent	O
correlation	O
between	O
DNA	O
copy	O
number	O
and	O
RNA	O
expression	O
levels	O
are	O
likely	O
to	O
be	O
important	O
in	O
MCL	O
pathology	O
.	O
Besides	O
several	O
'	O
anonymous	O
genes	O
'	O
,	O
we	O
also	O
identified	O
various	O
fully	O
annotated	O
genes	O
,	O
whose	O
gene	O
products	O
are	O
involved	O
in	O
cyclic	B
adenosine	I
monophosphate	I
-	O
regulated	O
pathways	O
(	O
PRKACB	O
)	O
,	O
DNA	O
damage	O
repair	O
,	O
maintenance	O
of	O
chromosome	O
stability	O
and	O
prevention	O
of	O
rereplication	O
(	O
ATM	O
,	O
ERCC5	O
,	O
FBXO5	O
)	O
,	O
energy	O
metabolism	O
(	O
such	O
as	O
genes	O
that	O
are	O
involved	O
in	O
the	O
synthesis	O
of	O
proteins	O
encoded	O
by	O
the	O
mitochondrial	O
genome	O
)	O
and	O
signal	O
transduction	O
(	O
ARHGAP29	O
)	O
.	O
Deregulation	O
of	O
these	O
gene	O
products	O
may	O
interfere	O
with	O
the	O
signalling	O
pathways	O
that	O
are	O
involved	O
in	O
MCL	O
tumour	O
development	O
and	O
maintenance	O
.	O

Caspase	O
8	O
(	O
CASP8	O
)	O
is	O
an	O
apoptosis	O
-	O
related	O
cysteine	O
peptidase	O
involved	O
in	O
the	O
death	O
receptor	O
pathway	O
and	O
likely	O
in	O
the	O
mitochondrial	O
pathway	O
.	O
A	O
CASP8	O
promoter	O
region	O
six	O
-	O
nucleotide	O
deletion	O
/	O
insertion	O
(	O
-	O
652	O
6N	O
ins	O
/	O
del	O
)	O
variant	O
and	O
a	O
coding	O
region	O
D302H	O
polymorphism	O
are	O
reportedly	O
important	O
in	O
cancer	O
development	O
,	O
but	O
no	O
reported	O
study	O
has	O
assessed	O
the	O
associations	O
of	O
these	O
genetic	O
variations	O
with	O
risk	O
of	O
head	O
and	O
neck	O
cancer	O
.	O
In	O
a	O
hospital	O
-	O
based	O
study	O
of	O
non	O
-	O
Hispanic	O
whites	O
,	O
we	O
genotyped	O
CASP8	O
-	O
652	O
6N	O
del	O
and	O
302H	O
variants	O
in	O
1	O
,	O
023	O
patients	O
with	O
squamous	O
cell	O
carcinoma	O
of	O
the	O
head	O
and	O
neck	O
(	O
SCCHN	O
)	O
and	O
1	O
,	O
052	O
cancer	O
-	O
free	O
controls	O
.	O
Crude	O
and	O
adjusted	O
odds	O
ratios	O
(	O
OR	O
)	O
and	O
95	O
%	O
confidence	O
intervals	O
(	O
CI	O
)	O
were	O
estimated	O
using	O
unconditional	O
logistic	O
regression	O
models	O
.	O
The	O
CASP8	O
-	O
652	O
6N	O
del	O
variant	O
genotypes	O
or	O
haplotypes	O
were	O
inversely	O
associated	O
with	O
SCCHN	O
risk	O
(	O
adjusted	O
OR	O
,	O
0	O
.	O
70	O
;	O
95	O
%	O
CI	O
,	O
0	O
.	O
57	O
-	O
0	O
.	O
85	O
for	O
the	O
ins	O
/	O
del	O
+	O
del	O
/	O
del	O
genotypes	O
compared	O
with	O
the	O
ins	O
/	O
ins	O
genotype	O
;	O
adjusted	O
OR	O
,	O
0	O
.	O
73	O
;	O
95	O
%	O
CI	O
,	O
0	O
.	O
55	O
-	O
0	O
.	O
97	O
for	O
the	O
del	O
-	O
D	O
haplotype	O
compared	O
with	O
the	O
ins	O
-	O
D	O
haplotype	O
)	O
.	O
Furthermore	O
,	O
the	O
number	O
of	O
the	O
CASP8	O
-	O
652	O
6N	O
del	O
(	O
but	O
not	O
302H	O
)	O
variant	O
allele	O
tended	O
to	O
correlate	O
with	O
increased	O
levels	O
of	O
camptothecin	B
-	O
induced	O
p53	O
-	O
mediated	O
apoptosis	O
in	O
T	O
lymphocytes	O
from	O
170	O
cancer	O
-	O
free	O
controls	O
.	O
We	O
concluded	O
that	O
the	O
CASP8	O
-	O
652	O
6N	O
del	O
variant	O
allele	O
may	O
contribute	O
to	O
the	O
risk	O
of	O
developing	O
SCCHN	O
in	O
non	O
-	O
Hispanic	O
white	O
populations	O
.	O
Further	O
validation	O
by	O
population	O
-	O
based	O
case	O
-	O
control	O
studies	O
and	O
rigorous	O
mechanistic	O
studies	O
is	O
warranted	O
.	O

Thyroid	O
hormone	O
receptor	O
a	O
mutation	O
causes	O
a	O
severe	O
and	O
thyroxine	B
-	O
resistant	O
skeletal	O
dysplasia	O
in	O
female	O
mice	O
.	O

A	O
new	O
genetic	O
disorder	O
has	O
been	O
identified	O
that	O
results	O
from	O
mutation	O
of	O
THRA	O
,	O
encoding	O
thyroid	O
hormone	O
receptor	O
a1	O
(	O
TRa1	O
)	O
.	O
Affected	O
children	O
have	O
a	O
high	O
serum	O
T3	B
:	O
T4	B
ratio	O
and	O
variable	O
degrees	O
of	O
intellectual	O
deficit	O
and	O
constipation	O
but	O
exhibit	O
a	O
consistently	O
severe	O
skeletal	O
dysplasia	O
.	O
In	O
an	O
attempt	O
to	O
improve	O
developmental	O
delay	O
and	O
alleviate	O
symptoms	O
of	O
hypothyroidism	O
,	O
patients	O
are	O
receiving	O
varying	O
doses	O
and	O
durations	O
of	O
T4	B
treatment	O
,	O
but	O
responses	O
have	O
been	O
inconsistent	O
so	O
far	O
.	O
Thra1	O
(	O
PV	O
/	O
+	O
)	O
mice	O
express	O
a	O
similar	O
potent	O
dominant	O
-	O
negative	O
mutant	O
TRa1	O
to	O
affected	O
individuals	O
,	O
and	O
thus	O
represent	O
an	O
excellent	O
disease	O
model	O
.	O
We	O
hypothesized	O
that	O
Thra1	O
(	O
PV	O
/	O
+	O
)	O
mice	O
could	O
be	O
used	O
to	O
predict	O
the	O
skeletal	O
outcome	O
of	O
human	O
THRA	O
mutations	O
and	O
determine	O
whether	O
prolonged	O
treatment	O
with	O
a	O
supraphysiological	O
dose	O
of	O
T4	B
ameliorates	O
the	O
skeletal	O
abnormalities	O
.	O
Adult	O
female	O
Thra1	O
(	O
PV	O
/	O
+	O
)	O
mice	O
had	O
short	O
stature	O
,	O
grossly	O
abnormal	O
bone	O
morphology	O
but	O
normal	O
bone	O
strength	O
despite	O
high	O
bone	O
mass	O
.	O
Although	O
T4	B
treatment	O
suppressed	O
TSH	O
secretion	O
,	O
it	O
had	O
no	O
effect	O
on	O
skeletal	O
maturation	O
,	O
linear	O
growth	O
,	O
or	O
bone	O
mineralization	O
,	O
thus	O
demonstrating	O
profound	O
tissue	O
resistance	O
to	O
thyroid	O
hormone	O
.	O
Despite	O
this	O
,	O
prolonged	O
T4	B
treatment	O
abnormally	O
increased	O
bone	O
stiffness	O
and	O
strength	O
,	O
suggesting	O
the	O
potential	O
for	O
detrimental	O
consequences	O
in	O
the	O
long	O
term	O
.	O
Our	O
studies	O
establish	O
that	O
TRa1	O
has	O
an	O
essential	O
role	O
in	O
the	O
developing	O
and	O
adult	O
skeleton	O
and	O
predict	O
that	O
patients	O
with	O
different	O
THRA	O
mutations	O
will	O
display	O
variable	O
responses	O
to	O
T4	B
treatment	O
,	O
which	O
depend	O
on	O
the	O
severity	O
of	O
the	O
causative	O
mutation	O
.	O

Radiation	O
modulates	O
both	O
tumor	O
cells	O
and	O
immune	O
cells	O
in	O
the	O
tumor	O
microenvironment	O
to	O
exert	O
its	O
anti	O
-	O
tumor	O
activity	O
;	O
however	O
,	O
the	O
molecular	O
connection	O
between	O
tumor	O
cells	O
and	O
immune	O
cells	O
that	O
mediates	O
radiation	O
-	O
exerted	O
tumor	O
suppression	O
activity	O
in	O
the	O
tumor	O
microenvironment	O
is	O
largely	O
unknown	O
.	O
We	O
report	O
here	O
that	O
radiation	O
induces	O
rapid	O
activation	O
of	O
the	O
p65	O
/	O
p50	O
and	O
p50	O
/	O
p50	O
NF	O
-	O
kB	O
complexes	O
in	O
human	O
soft	O
tissue	O
sarcoma	O
(	O
STS	O
)	O
cells	O
.	O
Radiation	O
-	O
activated	O
p65	O
/	O
p50	O
and	O
p50	O
/	O
p50	O
bind	O
to	O
the	O
TNFa	O
promoter	O
to	O
activate	O
its	O
transcription	O
in	O
STS	O
cells	O
.	O
Radiation	O
-	O
induced	O
TNFa	O
induces	O
tumor	O
cell	O
death	O
in	O
an	O
autocrine	O
manner	O
.	O
A	O
sublethal	O
dose	O
of	O
Smac	O
mimetic	O
BV6	B
induces	O
cIAP1	O
and	O
cIAP2	O
degradation	O
to	O
increase	O
tumor	O
cell	O
sensitivity	O
to	O
radiation	O
-	O
induced	O
cell	O
death	O
in	O
vitro	O
and	O
to	O
enhance	O
radiation	O
-	O
mediated	O
suppression	O
of	O
STS	O
xenografts	O
in	O
vivo	O
.	O
Inhibition	O
of	O
caspases	O
,	O
RIP1	O
,	O
or	O
RIP3	O
blocks	O
radiation	O
/	O
TNFa	O
-	O
induced	O
cell	O
death	O
,	O
whereas	O
inhibition	O
of	O
RIP1	O
blocks	O
TNFa	O
-	O
induced	O
caspase	O
activation	O
,	O
suggesting	O
that	O
caspases	O
and	O
RIP1	O
act	O
sequentially	O
to	O
mediate	O
the	O
non	O
-	O
compensatory	O
cell	O
death	O
pathways	O
.	O
Furthermore	O
,	O
we	O
determined	O
in	O
a	O
syngeneic	O
sarcoma	O
mouse	O
model	O
that	O
radiation	O
up	O
-	O
regulates	O
IRF3	O
,	O
IFNb	O
,	O
and	O
the	O
T	O
cell	O
chemokines	O
CCL2	O
and	O
CCL5	O
in	O
the	O
tumor	O
microenvironment	O
,	O
which	O
are	O
associated	O
with	O
activation	O
and	O
increased	O
infiltration	O
of	O
Th1	O
/	O
Tc1	O
T	O
cells	O
in	O
the	O
tumor	O
microenvironment	O
.	O
Moreover	O
,	O
tumor	O
-	O
infiltrating	O
T	O
cells	O
are	O
in	O
their	O
active	O
form	O
since	O
both	O
the	O
perforin	O
and	O
FasL	O
pathways	O
are	O
activated	O
in	O
irradiated	O
tumor	O
tissues	O
.	O
Consequently	O
,	O
combined	O
BV6	B
and	O
radiation	O
completely	O
suppressed	O
tumor	O
growth	O
in	O
vivo	O
.	O
Therefore	O
,	O
radiation	O
-	O
induced	O
NF	O
-	O
kB	O
functions	O
as	O
a	O
molecular	O
link	O
between	O
tumor	O
cells	O
and	O
immune	O
cells	O
in	O
the	O
tumor	O
microenvironment	O
for	O
radiation	O
-	O
mediated	O
tumor	O
suppression	O
.	O

Bach1	O
siRNA	O
attenuates	O
bleomycin	B
-	O
induced	O
pulmonary	O
fibrosis	O
by	O
modulating	O
oxidative	O
stress	O
in	O
mice	O
.	O

Oxidative	O
stress	O
plays	O
an	O
essential	O
role	O
in	O
inflammation	O
and	O
fibrosis	O
.	O
Bach1	O
is	O
an	O
important	O
transcriptional	O
repressor	O
that	O
acts	O
by	O
modulating	O
oxidative	O
stress	O
and	O
represents	O
a	O
potential	O
target	O
in	O
the	O
treatment	O
of	O
pulmonary	O
fibrosis	O
(	O
PF	O
)	O
.	O
In	O
this	O
study	O
,	O
we	O
knocked	O
down	O
Bach1	O
using	O
adenovirus	O
-	O
mediated	O
small	O
interfering	O
RNA	O
(	O
siRNA	O
)	O
to	O
determine	O
whether	O
the	O
use	O
of	O
Bach1	O
siRNA	O
is	O
an	O
effective	O
therapeutic	O
strategy	O
in	O
mice	O
with	O
bleomycin	B
(	O
BLM	B
)	O
-	O
induced	O
PF	O
.	O
Mouse	O
lung	O
fibroblasts	O
(	O
MLFs	O
)	O
were	O
incubated	O
with	O
transforming	O
growth	O
factor	O
(	O
TGF	O
)	O
-	O
b1	O
(	O
5	O
ng	O
/	O
ml	O
)	O
and	O
subsequently	O
infected	O
with	O
recombined	O
adenovirus	O
-	O
like	O
Bach1	O
siRNA1	O
and	O
Bach1	O
siRNA2	O
,	O
while	O
an	O
empty	O
adenovirus	O
vector	O
was	O
used	O
as	O
the	O
negative	O
control	O
.	O
The	O
selected	O
Bach1	O
siRNA	O
with	O
higher	O
interference	O
efficiency	O
was	O
used	O
for	O
the	O
animal	O
experiments	O
.	O
A	O
mouse	O
model	O
of	O
BLM	B
-	O
induced	O
PF	O
was	O
established	O
,	O
and	O
Bach1	O
siRNA	O
(	O
1x109	O
pfu	O
)	O
was	O
administered	O
to	O
the	O
mice	O
via	O
the	O
tail	O
vein	O
.	O
The	O
results	O
revealed	O
that	O
the	O
Bach1	O
mRNA	O
and	O
protein	O
levels	O
were	O
significantly	O
downregulated	O
by	O
Bach1	O
siRNA	O
.	O
Furthermore	O
,	O
the	O
MLFs	O
infected	O
with	O
Bach1	O
siRNA	O
exhibited	O
increased	O
mRNA	O
and	O
protein	O
expression	O
levels	O
of	O
heme	O
oxygenase	O
-	O
1	O
and	O
glutathione	O
peroxidase	O
1	O
,	O
but	O
decreased	O
levels	O
of	O
TGF	O
-	O
b1	O
and	O
interleukin	O
-	O
6	O
in	O
the	O
cell	O
supernatants	O
compared	O
with	O
the	O
cells	O
exposed	O
to	O
TGF	O
-	O
b1	O
alone	O
.	O
Bach1	O
knockdown	O
by	O
siRNA	O
also	O
enhanced	O
the	O
expression	O
of	O
antioxidant	O
factors	O
,	O
but	O
suppressed	O
that	O
of	O
fibrosis	O
-	O
related	O
cytokines	O
in	O
mice	O
compared	O
with	O
the	O
BLM	B
group	O
.	O
Finally	O
,	O
the	O
inflammatory	O
infiltration	O
of	O
alveolar	O
and	O
interstitial	O
cells	O
and	O
the	O
destruction	O
of	O
lung	O
structure	O
were	O
significantly	O
attenuated	O
in	O
the	O
mide	O
administered	O
Bach1	O
siRNA	O
compared	O
with	O
those	O
in	O
the	O
BLM	B
group	O
.	O
On	O
the	O
whole	O
,	O
our	O
findings	O
demonstrate	O
that	O
Bach1	O
siRNA	O
exerts	O
protective	O
effects	O
against	O
BLM	B
-	O
induced	O
PF	O
in	O
mice	O
.	O
Our	O
data	O
may	O
provide	O
the	O
basis	O
for	O
the	O
development	O
of	O
novel	O
targeted	O
therapeutic	O
strategies	O
for	O
PF	O
.	O

Genome	O
-	O
wide	O
loss	O
-	O
of	O
-	O
function	O
genetic	O
screening	O
identifies	O
opioid	O
receptor	O
u1	O
as	O
a	O
key	O
regulator	O
of	O
L	B
-	I
asparaginase	I
resistance	O
in	O
pediatric	O
acute	O
lymphoblastic	O
leukemia	O
.	O

L	B
-	I
asparaginase	I
is	O
a	O
critical	O
chemotherapeutic	O
agent	O
for	O
acute	O
lymphoblastic	O
leukemia	O
(	O
ALL	O
)	O
.	O
It	O
hydrolyzes	O
plasma	O
asparagine	B
into	O
aspartate	B
and	O
NH3	B
,	O
causing	O
asparagine	O
deficit	O
and	O
inhibition	O
of	O
protein	O
synthesis	O
and	O
eventually	O
,	O
leukemic	O
cell	O
death	O
.	O
However	O
,	O
patient	O
relapse	O
often	O
occurs	O
due	O
to	O
development	O
of	O
resistance	O
.	O
The	O
molecular	O
mechanism	O
by	O
which	O
ALL	O
cells	O
acquire	O
resistance	O
to	O
L	B
-	I
asparaginase	I
is	O
unknown	O
.	O
Therefore	O
,	O
we	O
sought	O
to	O
identify	O
genes	O
that	O
are	O
involved	O
in	O
L	B
-	I
asparaginase	I
resistance	O
in	O
primary	O
leukemic	O
cells	O
.	O
By	O
unbiased	O
genome	O
-	O
wide	O
RNAi	O
screening	O
,	O
we	O
found	O
that	O
among	O
10	O
resistant	O
ALL	O
clones	O
,	O
six	O
hits	O
were	O
for	O
opioid	O
receptor	O
mu	O
1	O
(	O
oprm1	O
)	O
,	O
two	O
hits	O
were	O
for	O
carbonic	O
anhydrase	O
1	O
(	O
ca1	O
)	O
and	O
another	O
two	O
hits	O
were	O
for	O
ubiquitin	O
-	O
conjugating	O
enzyme	O
E2C	O
(	O
ube2c	O
)	O
.	O
We	O
also	O
found	O
that	O
OPRM1	O
is	O
expressed	O
in	O
all	O
leukemic	O
cells	O
tested	O
.	O
Specific	O
knockdown	O
of	O
OPRM1	O
confers	O
L	B
-	I
asparaginase	I
resistance	O
,	O
validating	O
our	O
genome	O
-	O
wide	O
retroviral	O
shRNA	O
library	O
screening	O
data	O
.	O
Methadone	B
,	O
an	O
agonist	O
of	O
OPRM1	O
,	O
enhances	O
the	O
sensitivity	O
of	O
parental	O
leukemic	O
cells	O
,	O
but	O
not	O
OPRM1	O
-	O
depleted	O
cells	O
,	O
to	O
L	B
-	I
asparaginase	I
treatment	O
,	O
indicating	O
that	O
OPRM1	O
is	O
required	O
for	O
the	O
synergistic	O
action	O
of	O
L	B
-	I
asparaginase	I
and	O
methadone	B
,	O
and	O
that	O
OPRM1	O
loss	O
promotes	O
leukemic	O
cell	O
survival	O
likely	O
through	O
downregulation	O
of	O
the	O
OPRM1	O
-	O
mediated	O
apoptotic	O
pathway	O
.	O
Consistent	O
with	O
this	O
premise	O
,	O
patient	O
leukemic	O
cells	O
with	O
relatively	O
high	O
levels	O
of	O
OPRM1	O
are	O
more	O
sensitive	O
to	O
L	B
-	I
asparaginase	I
treatment	O
compared	O
to	O
OPRM1	O
-	O
depleted	O
leukemic	O
cells	O
,	O
further	O
indicating	O
that	O
OPRM1	O
loss	O
has	O
a	O
crucial	O
role	O
in	O
L	B
-	I
asparaginase	I
resistance	O
in	O
leukemic	O
patients	O
.	O
Thus	O
,	O
our	O
study	O
demonstrates	O
for	O
the	O
first	O
time	O
,	O
a	O
novel	O
OPRM1	O
-	O
mediated	O
mechanism	O
for	O
L	B
-	I
asparaginase	I
resistance	O
in	O
ALL	O
,	O
and	O
identifies	O
OPRM1	O
as	O
a	O
functional	O
biomarker	O
for	O
defining	O
high	O
-	O
risk	O
subpopulations	O
and	O
for	O
the	O
detection	O
of	O
evolving	O
resistant	O
clones	O
.	O
Oprm1	O
may	O
also	O
be	O
utilized	O
for	O
effective	O
treatment	O
of	O
L	B
-	I
asparaginase	I
-	O
resistant	O
ALL	O
.	O
Oncogene	O
advance	O
online	O
publication	O
,	O
26	O
June	O
2017	O
;	O
doi	O
:	O
10	O
.	O
1038	O
/	O
onc	O
.	O
2017	O
.	O
211	O
.	O

Exposure	O
to	O
solar	O
radiation	O
,	O
particularly	O
its	O
ultraviolet	O
(	O
UV	O
)	O
B	O
component	O
,	O
has	O
a	O
variety	O
of	O
harmful	O
effects	O
on	O
human	O
health	O
.	O
Some	O
of	O
these	O
effects	O
include	O
sunburn	O
cell	O
formation	O
,	O
basal	O
and	O
squamous	O
cell	O
cancers	O
,	O
melanoma	O
,	O
cataracts	O
,	O
photoaging	O
of	O
the	O
skin	O
,	O
and	O
immune	O
suppression	O
.	O
Amongst	O
these	O
various	O
adverse	O
effects	O
of	O
UV	O
radiation	O
,	O
skin	O
cancer	O
is	O
of	O
the	O
greatest	O
concern	O
.	O
Over	O
the	O
years	O
,	O
changes	O
in	O
lifestyle	O
has	O
led	O
to	O
a	O
significant	O
increase	O
in	O
the	O
amount	O
of	O
UV	O
radiation	O
that	O
people	O
receive	O
,	O
and	O
this	O
consequently	O
has	O
led	O
to	O
a	O
surge	O
in	O
the	O
incidence	O
of	O
skin	O
cancer	O
.	O
The	O
development	O
of	O
skin	O
cancer	O
is	O
a	O
complex	O
multistage	O
phenomenon	O
involving	O
three	O
distinct	O
stages	O
exemplified	O
by	O
initiation	O
,	O
promotion	O
and	O
progression	O
stages	O
.	O
Each	O
of	O
these	O
stages	O
is	O
mediated	O
via	O
alterations	O
in	O
various	O
cellular	O
,	O
biochemical	O
,	O
and	O
molecular	O
changes	O
.	O
Initiation	O
,	O
the	O
first	O
step	O
in	O
the	O
carcinogenesis	O
process	O
is	O
essentially	O
an	O
irreversible	O
step	O
in	O
which	O
genetic	O
alterations	O
occur	O
in	O
genes	O
that	O
ultimately	O
leads	O
to	O
DNA	O
modification	O
and	O
fixation	O
of	O
mutation	O
.	O
Tumor	O
promotion	O
is	O
the	O
essential	O
process	O
in	O
cancer	O
development	O
involving	O
clonal	O
expansion	O
of	O
initiated	O
cells	O
giving	O
rise	O
to	O
pre	O
-	O
malignant	O
and	O
then	O
to	O
malignant	O
lesions	O
,	O
essentially	O
by	O
alterations	O
in	O
signal	O
transduction	O
pathways	O
.	O
Tumor	O
progression	O
involves	O
the	O
conversion	O
of	O
pre	O
-	O
malignant	O
and	O
malignant	O
lesions	O
into	O
an	O
invasive	O
and	O
potentially	O
metastatic	O
malignant	O
tumor	O
.	O
All	O
these	O
processes	O
for	O
skin	O
cancer	O
development	O
involve	O
stimulation	O
of	O
DNA	O
synthesis	O
,	O
DNA	O
damage	O
and	O
proliferation	O
,	O
inflammation	O
,	O
immunosuppression	O
,	O
epidermal	O
hyperplasia	O
,	O
cell	O
cycle	O
dysregulation	O
,	O
depletion	O
of	O
antioxidant	B
defenses	O
,	O
impairment	O
of	O
signal	O
transduction	O
pathways	O
,	O
induction	O
of	O
cyclooxygenase	O
,	O
increase	O
in	O
prostaglandin	B
synthesis	O
,	O
and	O
induction	O
of	O
ornithine	O
decarboxylase	O
.	O
Photochemoprevention	O
has	O
been	O
appreciated	O
as	O
a	O
viable	O
approach	O
to	O
reduce	O
the	O
occurrence	O
of	O
skin	O
cancer	O
and	O
in	O
recent	O
years	O
,	O
the	O
use	O
of	O
agents	O
,	O
especially	O
botanical	O
antioxidants	B
,	O
present	O
in	O
the	O
common	O
diet	O
and	O
beverages	O
consumed	O
by	O
human	O
population	O
have	O
gained	O
considerable	O
attention	O
as	O
photochemopreventive	O
agents	O
for	O
human	O
use	O
.	O
Many	O
such	O
agents	O
have	O
also	O
found	O
a	O
place	O
in	O
skin	O
care	O
products	O
.	O
Although	O
this	O
is	O
more	O
common	O
in	O
oriental	O
countries	O
,	O
its	O
popularity	O
is	O
significantly	O
growing	O
in	O
western	O
countries	O
.	O
In	O
this	O
article	O
,	O
we	O
have	O
summarized	O
the	O
available	O
information	O
of	O
laboratory	O
studies	O
on	O
UVB	O
-	O
mediated	O
signaling	O
that	O
can	O
be	O
exploited	O
as	O
targets	O
for	O
photochemoprevention	O
.	O
We	O
suggest	O
that	O
the	O
use	O
of	O
skin	O
care	O
products	O
supplemented	O
with	O
proven	O
chemopreventive	O
agents	O
in	O
conjunction	O
with	O
the	O
use	O
of	O
sunscreens	O
along	O
with	O
educational	O
efforts	O
may	O
be	O
an	O
effective	O
strategy	O
for	O
reducing	O
UV	O
-	O
induced	O
photodamage	O
and	O
skin	O
cancer	O
in	O
humans	O
.	O
The	O
mechanistic	O
basis	O
for	O
the	O
use	O
of	O
such	O
products	O
is	O
discussed	O
.	O

MDMA	B
polydrug	O
users	O
show	O
process	O
-	O
specific	O
central	O
executive	O
impairments	O
coupled	O
with	O
impaired	O
social	O
and	O
emotional	O
judgement	O
processes	O
.	O

In	O
recent	O
years	O
working	O
memory	O
deficits	O
have	O
been	O
reported	O
in	O
users	O
of	O
MDMA	B
(	O
3	B
,	I
4	I
-	I
methylenedioxymethamphetamine	I
,	O
ecstasy	B
)	O
.	O
The	O
current	O
study	O
aimed	O
to	O
assess	O
the	O
impact	O
of	O
MDMA	B
use	O
on	O
three	O
separate	O
central	O
executive	O
processes	O
(	O
set	O
shifting	O
,	O
inhibition	O
and	O
memory	O
updating	O
)	O
and	O
also	O
on	O
"	O
prefrontal	O
"	O
mediated	O
social	O
and	O
emotional	O
judgement	O
processes	O
.	O
Fifteen	O
polydrug	O
ecstasy	B
users	O
and	O
15	O
polydrug	O
non	O
-	O
ecstasy	B
user	O
controls	O
completed	O
a	O
general	O
drug	O
use	O
questionnaire	O
,	O
the	O
Brixton	O
Spatial	O
Anticipation	O
task	O
(	O
set	O
shifting	O
)	O
,	O
Backward	O
Digit	O
Span	O
procedure	O
(	O
memory	O
updating	O
)	O
,	O
Inhibition	O
of	O
Return	O
(	O
inhibition	O
)	O
,	O
an	O
emotional	O
intelligence	O
scale	O
,	O
the	O
Tromso	O
Social	O
Intelligence	O
Scale	O
and	O
the	O
Dysexecutive	O
Questionnaire	O
(	O
DEX	O
)	O
.	O
Compared	O
with	O
MDMA	B
-	O
free	O
polydrug	O
controls	O
,	O
MDMA	B
polydrug	O
users	O
showed	O
impairments	O
in	O
set	O
shifting	O
and	O
memory	O
updating	O
,	O
and	O
also	O
in	O
social	O
and	O
emotional	O
judgement	O
processes	O
.	O
The	O
latter	O
two	O
deficits	O
remained	O
significant	O
after	O
controlling	O
for	O
other	O
drug	O
use	O
.	O
These	O
data	O
lend	O
further	O
support	O
to	O
the	O
proposal	O
that	O
cognitive	O
processes	O
mediated	O
by	O
the	O
prefrontal	O
cortex	O
may	O
be	O
impaired	O
by	O
recreational	O
ecstasy	B
use	O
.	O

Tumor	O
thymidylate	O
synthase	O
1494del6	O
genotype	O
as	O
a	O
prognostic	O
factor	O
in	O
colorectal	O
cancer	O
patients	O
receiving	O
fluorouracil	B
-	O
based	O
adjuvant	O
treatment	O
.	O

PURPOSE	O
:	O
The	O
purpose	O
of	O
this	O
study	O
was	O
to	O
analyze	O
the	O
value	O
of	O
germline	O
and	O
tumor	O
thymidylate	O
synthase	O
(	O
TS	O
)	O
genotyping	O
as	O
a	O
prognostic	O
marker	O
in	O
a	O
series	O
of	O
colorectal	O
cancer	O
patients	O
receiving	O
adjuvant	O
fluorouracil	B
(	O
FU	B
)	O
-	O
based	O
treatment	O
.	O
PATIENTS	O
AND	O
METHODS	O
:	O
One	O
hundred	O
twenty	O
-	O
nine	O
colorectal	O
cancer	O
patients	O
homogeneously	O
treated	O
with	O
FU	B
plus	O
levamisole	B
or	O
leucovorin	B
in	O
the	O
adjuvant	O
setting	O
were	O
included	O
.	O
TS	O
enhancer	O
region	O
,	O
3R	O
G	O
>	O
C	O
single	O
nucleotide	O
polymorphism	O
(	O
SNP	O
)	O
,	O
and	O
TS	O
1494del6	O
polymorphisms	O
were	O
assessed	O
in	O
both	O
fresh	O
-	O
frozen	O
normal	O
mucosa	O
and	O
tumor	O
.	O
Mutational	O
analyses	O
of	O
TS	O
and	O
allelic	O
imbalances	O
were	O
studied	O
in	O
all	O
primary	O
tumors	O
and	O
in	O
18	O
additional	O
metachronic	O
metastases	O
.	O
TS	O
protein	O
immunostaining	O
was	O
assessed	O
in	O
an	O
expanded	O
series	O
of	O
214	O
tumors	O
.	O
Multivariate	O
Cox	O
models	O
were	O
adjusted	O
for	O
stage	O
,	O
differentiation	O
,	O
and	O
location	O
.	O
RESULTS	O
:	O
Tumor	O
genotyping	O
(	O
frequency	O
of	O
allelic	O
loss	O
,	O
26	O
%	O
)	O
showed	O
that	O
the	O
3R	O
/	O
3R	O
genotype	O
was	O
associated	O
with	O
a	O
better	O
outcome	O
(	O
hazard	O
ratio	O
[	O
HR	O
]	O
=	O
0	O
.	O
38	O
;	O
95	O
%	O
CI	O
,	O
0	O
.	O
16	O
to	O
0	O
.	O
93	O
;	O
P	O
=	O
.	O
020	O
for	O
the	O
recessive	O
model	O
)	O
.	O
3R	O
G	O
>	O
C	O
SNP	O
genotyping	O
did	O
not	O
add	O
prognostic	O
information	O
.	O
Tumor	O
TS	O
1494del6	O
allele	O
(	O
frequency	O
of	O
allelic	O
loss	O
,	O
36	O
%	O
)	O
was	O
protective	O
(	O
for	O
each	O
allele	O
with	O
the	O
deletion	O
,	O
based	O
on	O
an	O
additive	O
model	O
,	O
HR	O
=	O
0	O
.	O
42	O
;	O
95	O
%	O
CI	O
,	O
0	O
.	O
22	O
to	O
0	O
.	O
82	O
;	O
P	O
=	O
.	O
0034	O
)	O
.	O
Both	O
polymorphisms	O
were	O
in	O
strong	O
linkage	O
disequilibrium	O
(	O
D	O
'	O
=	O
0	O
.	O
71	O
,	O
P	O
<	O
.	O
001	O
)	O
,	O
and	O
the	O
3R	O
/	O
-	O
6	O
base	O
pair	O
(	O
bp	O
)	O
haplotype	O
showed	O
a	O
significant	O
overall	O
survival	O
benefit	O
compared	O
with	O
the	O
most	O
prevalent	O
haplotype	O
2R	O
/	O
+	O
6bp	O
(	O
HR	O
=	O
0	O
.	O
42	O
;	O
95	O
%	O
CI	O
,	O
0	O
.	O
20	O
to	O
0	O
.	O
85	O
;	O
P	O
=	O
.	O
017	O
)	O
.	O
No	O
TS	O
point	O
mutation	O
was	O
detected	O
in	O
primary	O
tumors	O
or	O
metastases	O
.	O
TS	O
protein	O
immunostaining	O
was	O
not	O
associated	O
with	O
survival	O
or	O
any	O
of	O
the	O
genotypes	O
analyzed	O
.	O
CONCLUSION	O
:	O
Tumor	O
TS	O
1494del6	O
genotype	O
may	O
be	O
a	O
prognostic	O
factor	O
in	O
FU	B
-	O
based	O
adjuvant	O
treatment	O
of	O
colorectal	O
cancer	O
patients	O
.	O

Valproate	B
-	O
induced	O
chorea	O
and	O
encephalopathy	O
in	O
atypical	O
nonketotic	O
hyperglycinemia	O
.	O

Nonketotic	O
hyperglycinemia	O
is	O
a	O
disorder	O
of	O
amino	O
acid	O
metabolism	O
in	O
which	O
a	O
defect	O
in	O
the	O
glycine	B
cleavage	O
system	O
leads	O
to	O
an	O
accumulation	O
of	O
glycine	B
in	O
the	O
brain	O
and	O
other	O
body	O
compartments	O
.	O
In	O
the	O
classical	O
form	O
it	O
presents	O
as	O
neonatal	O
apnea	O
,	O
intractable	O
seizures	O
,	O
and	O
hypotonia	O
,	O
followed	O
by	O
significant	O
psychomotor	O
retardation	O
.	O
An	O
important	O
subset	O
of	O
children	O
with	O
nonketotic	O
hyperglycinemia	O
are	O
atypical	O
variants	O
who	O
present	O
in	O
a	O
heterogeneous	O
manner	O
.	O
This	O
report	O
describes	O
a	O
patient	O
with	O
mild	O
language	O
delay	O
and	O
mental	O
retardation	O
,	O
who	O
was	O
found	O
to	O
have	O
nonketotic	O
hyperglycinemia	O
following	O
her	O
presentation	O
with	O
acute	O
encephalopathy	O
and	O
chorea	O
shortly	O
after	O
initiation	O
of	O
valproate	B
therapy	O
.	O

Combination	O
of	O
polymorphisms	O
within	O
5	O
'	O
and	O
3	O
'	O
untranslated	O
regions	O
of	O
thymidylate	O
synthase	O
gene	O
modulates	O
survival	O
in	O
5	B
fluorouracil	I
-	O
treated	O
colorectal	O
cancer	O
patients	O
.	O

In	O
the	O
present	O
study	O
we	O
explored	O
the	O
effect	O
of	O
three	O
polymorphisms	O
of	O
the	O
TS	O
gene	O
on	O
overall	O
and	O
progression	O
-	O
free	O
survival	O
of	O
colorectal	O
cancer	O
(	O
CRC	O
)	O
patients	O
subjected	O
to	O
5FU	B
chemotherapy	O
.	O
A	O
28	O
bp	O
variable	O
number	O
of	O
tandem	O
repeats	O
(	O
VNTR	O
)	O
,	O
a	O
G	O
/	O
C	O
single	O
nucleotide	O
polymorphism	O
(	O
SNP	O
)	O
,	O
and	O
a	O
deletion	O
of	O
6	O
bp	O
at	O
position	O
1494	O
were	O
studied	O
.	O
The	O
possible	O
combined	O
effect	O
of	O
these	O
DNA	O
polymorphisms	O
on	O
the	O
clinical	O
outcome	O
of	O
patients	O
was	O
also	O
evaluated	O
.	O
A	O
retrospective	O
study	O
was	O
carried	O
out	O
on	O
paraffin	B
-	O
embedded	O
sections	O
from	O
113	O
patients	O
diagnosed	O
of	O
advanced	O
CRC	O
.	O
TS	O
genotyping	O
methods	O
were	O
polymerase	O
chain	O
reaction	O
(	O
PCR	O
)	O
for	O
VNTR	O
and	O
PCR	O
,	O
followed	O
by	O
restriction	O
length	O
fragment	O
polymorphism	O
(	O
PCR	O
-	O
RFLP	O
)	O
for	O
SNP	O
and	O
ins	O
/	O
del	O
6	O
bp	O
.	O
To	O
study	O
the	O
combined	O
effect	O
of	O
TS	O
polymorphisms	O
,	O
four	O
categories	O
were	O
defined	O
accordingly	O
to	O
the	O
level	O
of	O
expression	O
attributed	O
to	O
SNP	O
and	O
ins	O
/	O
del	O
6	O
bp	O
genotypes	O
:	O
C_allele	O
6	O
-	O
,	O
C_6	O
+	O
/	O
6	O
+	O
,	O
G_allele6	O
-	O
and	O
G_6	O
+	O
/	O
6	O
+	O
.	O
VNTR	O
and	O
ins	O
/	O
del	O
6	O
bp	O
genotypes	O
varied	O
with	O
tumour	O
anatomical	O
site	O
:	O
2R	O
/	O
2R	O
genotype	O
was	O
rare	O
in	O
left	O
-	O
sided	O
tumours	O
(	O
7	O
.	O
0	O
%	O
vs	O
.	O
26	O
.	O
3	O
%	O
of	O
right	O
-	O
sided	O
and	O
24	O
.	O
1	O
%	O
of	O
rectal	O
cancers	O
;	O
P	O
<	O
0	O
.	O
01	O
)	O
,	O
where	O
the	O
variant	O
allele	O
6	O
-	O
was	O
very	O
frequent	O
(	O
69	O
.	O
0	O
%	O
)	O
.	O
Instead	O
,	O
most	O
patients	O
with	O
right	O
-	O
sided	O
tumours	O
were	O
wild	O
-	O
type	O
homozygous	O
6	O
+	O
/	O
6	O
+	O
(	O
63	O
.	O
9	O
%	O
)	O
(	O
P	O
<	O
0	O
.	O
01	O
)	O
.	O
Heterozygous	O
6	O
+	O
/	O
6	O
-	O
genotype	O
was	O
more	O
frequent	O
among	O
tumours	O
classified	O
as	O
C	O
(	O
50	O
.	O
0	O
%	O
)	O
and	O
D	O
(	O
76	O
.	O
5	O
%	O
)	O
Dukes	O
stages	O
(	O
P	O
=	O
0	O
.	O
05	O
)	O
.	O
None	O
of	O
the	O
studied	O
polymorphisms	O
alone	O
affected	O
overall	O
or	O
progression	O
-	O
free	O
survival	O
(	O
PFS	O
)	O
.	O
C_6	O
+	O
/	O
6	O
+	O
and	O
G_6	O
+	O
/	O
6	O
+	O
combined	O
genotypes	O
were	O
respectively	O
associated	O
to	O
the	O
best	O
and	O
worst	O
PFS	O
(	O
P	O
=	O
0	O
.	O
03	O
when	O
compared	O
with	O
each	O
other	O
)	O
,	O
while	O
combinations	O
carrying	O
the	O
allele	O
6	O
-	O
determined	O
an	O
intermediate	O
evolution	O
that	O
might	O
be	O
indicative	O
of	O
a	O
variable	O
response	O
to	O
chemotherapy	O
.	O
The	O
rate	O
of	O
Dukes	O
B	O
stage	O
tumours	O
was	O
unexpectedly	O
high	O
(	O
59	O
.	O
1	O
%	O
)	O
among	O
patients	O
with	O
the	O
unfavourable	O
G_6	O
+	O
/	O
6	O
+	O
combination	O
.	O
In	O
our	O
study	O
the	O
combination	O
of	O
high	O
TS	O
expression	O
genotypes	O
G_6	O
+	O
/	O
6	O
+	O
identifies	O
a	O
group	O
of	O
high	O
risk	O
within	O
CRC	O
patients	O
treated	O
with	O
5FU	B
.	O

BACKGROUND	O
:	O
Insulin	O
resistance	O
is	O
a	O
core	O
feature	O
of	O
polycystic	O
ovary	O
syndrome	O
(	O
PCOS	O
)	O
.	O
Phosphatidylinositol	O
(	O
PI	O
)	O
3	O
-	O
kinase	O
is	O
an	O
important	O
enzyme	O
in	O
the	O
early	O
insulin	O
signaling	O
cascade	O
and	O
plays	O
a	O
key	O
role	O
in	O
insulin	O
-	O
mediated	O
glucose	B
transport	O
.	O
In	O
its	O
regulatory	O
subunit	O
,	O
p85alpha	O
,	O
there	O
is	O
a	O
common	O
amino	O
acid	O
substitution	O
(	O
the	O
Met326Ile	O
polymorphism	O
)	O
,	O
and	O
this	O
amino	O
acid	O
may	O
be	O
crucial	O
for	O
the	O
function	O
of	O
the	O
p85alpha	O
regulatory	O
subunit	O
and	O
PI3	O
-	O
kinase	O
.	O
METHODS	O
:	O
Analysis	O
of	O
the	O
Met326Ile	O
polymorphism	O
was	O
carried	O
out	O
on	O
DNA	O
samples	O
from	O
256	O
PCOS	O
patients	O
and	O
283	O
controls	O
.	O
Clinical	O
and	O
biochemical	O
profiles	O
of	O
participants	O
were	O
also	O
compared	O
.	O
RESULTS	O
:	O
The	O
genotype	O
distribution	O
of	O
the	O
Met326Ile	O
polymorphism	O
in	O
the	O
PCOS	O
group	O
was	O
not	O
different	O
from	O
that	O
of	O
the	O
controls	O
(	O
Met326Met	O
/	O
Met326Ile	O
/	O
Ile326Ile	O
rates	O
were	O
73	O
.	O
4	O
%	O
/	O
23	O
.	O
4	O
%	O
/	O
3	O
.	O
2	O
%	O
and	O
70	O
.	O
3	O
%	O
/	O
26	O
.	O
1	O
%	O
/	O
3	O
.	O
6	O
%	O
for	O
the	O
PCOS	O
and	O
control	O
groups	O
,	O
respectively	O
,	O
P	O
=	O
0	O
.	O
72	O
)	O
.	O
The	O
PCOS	O
group	O
was	O
divided	O
into	O
two	O
subgroups	O
according	O
to	O
the	O
presence	O
of	O
the	O
variant	O
326Ile	O
allele	O
.	O
Compared	O
with	O
those	O
carrying	O
at	O
least	O
one	O
variant	O
326Ile	O
allele	O
,	O
carriers	O
with	O
the	O
Met326Met	O
genotype	O
had	O
higher	O
serum	O
17	B
-	I
hydroxyprogesterone	I
(	O
17	B
-	I
OHP	I
)	O
{	O
1	O
.	O
1	O
[	O
95	O
%	O
confidence	O
interval	O
(	O
CI	O
)	O
1	O
.	O
1	O
-	O
1	O
.	O
3	O
]	O
ng	O
/	O
ml	O
in	O
those	O
with	O
the	O
Met326Met	O
genotype	O
versus	O
0	O
.	O
8	O
(	O
95	O
%	O
CI	O
0	O
.	O
7	O
-	O
1	O
.	O
0	O
)	O
ng	O
/	O
ml	O
in	O
those	O
with	O
Ile326Ile	O
and	O
Met326Ile	O
genotypes	O
,	O
P	O
=	O
0	O
.	O
0073	O
}	O
and	O
free	O
testosterone	B
levels	O
[	O
1	O
.	O
2	O
(	O
95	O
%	O
CI	O
1	O
.	O
1	O
-	O
1	O
.	O
4	O
)	O
pg	O
/	O
ml	O
for	O
Met326Met	O
genotype	O
versus	O
0	O
.	O
9	O
(	O
95	O
%	O
CI	O
0	O
.	O
6	O
-	O
1	O
.	O
3	O
)	O
pg	O
/	O
ml	O
for	O
Ile326Ile	O
and	O
Met326Ile	O
genotypes	O
,	O
P	O
=	O
0	O
.	O
038	O
]	O
.	O
CONCLUSIONS	O
:	O
Our	O
results	O
suggest	O
that	O
the	O
PI3	O
-	O
kinase	O
gene	O
Met326Ile	O
polymorphism	O
may	O
not	O
be	O
a	O
major	O
determinant	O
for	O
the	O
development	O
of	O
PCOS	O
,	O
but	O
it	O
may	O
modulate	O
the	O
concentrations	O
of	O
serum	O
17	B
-	I
OHP	I
or	O
free	O
testosterone	B
in	O
PCOS	O
patients	O
.	O

High	O
-	O
dose	O
tranexamic	B
Acid	I
is	O
associated	O
with	O
nonischemic	O
clinical	O
seizures	O
in	O
cardiac	O
surgical	O
patients	O
.	O

BACKGROUND	O
:	O
In	O
2	O
separate	O
centers	O
,	O
we	O
observed	O
a	O
notable	O
increase	O
in	O
the	O
incidence	O
of	O
postoperative	O
convulsive	O
seizures	O
from	O
1	O
.	O
3	O
%	O
to	O
3	O
.	O
8	O
%	O
in	O
patients	O
having	O
undergone	O
major	O
cardiac	O
surgical	O
procedures	O
.	O
These	O
events	O
were	O
temporally	O
coincident	O
with	O
the	O
initial	O
use	O
of	O
high	O
-	O
dose	O
tranexamic	B
acid	I
(	O
TXA	B
)	O
therapy	O
after	O
withdrawal	O
of	O
aprotinin	O
from	O
general	O
clinical	O
usage	O
.	O
The	O
purpose	O
of	O
this	O
review	O
was	O
to	O
perform	O
a	O
retrospective	O
analysis	O
to	O
examine	O
whether	O
there	O
was	O
a	O
relation	O
between	O
TXA	B
usage	O
and	O
seizures	O
after	O
cardiac	O
surgery	O
.	O
METHODS	O
:	O
An	O
in	O
-	O
depth	O
chart	O
review	O
was	O
undertaken	O
in	O
all	O
24	O
patients	O
who	O
developed	O
perioperative	O
seizures	O
.	O
Electroencephalographic	O
activity	O
was	O
recorded	O
in	O
11	O
of	O
these	O
patients	O
,	O
and	O
all	O
patients	O
had	O
a	O
formal	O
neurological	O
evaluation	O
and	O
brain	O
imaging	O
studies	O
.	O
RESULTS	O
:	O
Twenty	O
-	O
one	O
of	O
the	O
24	O
patients	O
did	O
not	O
have	O
evidence	O
of	O
new	O
cerebral	O
ischemic	O
injury	O
,	O
but	O
seizures	O
were	O
likely	O
due	O
to	O
ischemic	O
brain	O
injury	O
in	O
3	O
patients	O
.	O
All	O
patients	O
with	O
seizures	O
did	O
not	O
have	O
permanent	O
neurological	O
abnormalities	O
.	O
All	O
24	O
patients	O
with	O
seizures	O
received	O
high	O
doses	O
of	O
TXA	B
intraoperatively	O
ranging	O
from	O
61	O
to	O
259	O
mg	O
/	O
kg	O
,	O
had	O
a	O
mean	O
age	O
of	O
69	O
.	O
9	O
years	O
,	O
and	O
21	O
of	O
24	O
had	O
undergone	O
open	O
chamber	O
rather	O
than	O
coronary	O
bypass	O
procedures	O
.	O
All	O
but	O
one	O
patient	O
were	O
managed	O
using	O
cardiopulmonary	O
bypass	O
.	O
No	O
evidence	O
of	O
brain	O
ischemic	O
,	O
metabolic	O
,	O
or	O
hyperthermia	O
-	O
induced	O
causes	O
for	O
their	O
seizures	O
was	O
apparent	O
.	O
CONCLUSION	O
:	O
Our	O
results	O
suggest	O
that	O
use	O
of	O
high	O
-	O
dose	O
TXA	B
in	O
older	O
patients	O
in	O
conjunction	O
with	O
cardiopulmonary	O
bypass	O
and	O
open	O
-	O
chamber	O
cardiac	O
surgery	O
is	O
associated	O
with	O
clinical	O
seizures	O
in	O
susceptible	O
patients	O
.	O

Cocaine	B
causes	O
memory	O
and	O
learning	O
impairments	O
in	O
rats	O
:	O
involvement	O
of	O
nuclear	O
factor	O
kappa	O
B	O
and	O
oxidative	O
stress	O
,	O
and	O
prevention	O
by	O
topiramate	B
.	O

Different	O
mechanisms	O
have	O
been	O
suggested	O
for	O
cocaine	B
toxicity	O
including	O
an	O
increase	O
in	O
oxidative	O
stress	O
but	O
the	O
association	O
between	O
oxidative	O
status	O
in	O
the	O
brain	O
and	O
cocaine	B
induced	O
-	O
behaviour	O
is	O
poorly	O
understood	O
.	O
Nuclear	O
factor	O
kappa	O
B	O
(	O
NFkappaB	O
)	O
is	O
a	O
sensor	O
of	O
oxidative	O
stress	O
and	O
participates	O
in	O
memory	O
formation	O
that	O
could	O
be	O
involved	O
in	O
drug	O
toxicity	O
and	O
addiction	O
mechanisms	O
.	O
Therefore	O
NFkappaB	O
activity	O
,	O
oxidative	O
stress	O
,	O
neuronal	O
nitric	O
oxide	O
synthase	O
(	O
nNOS	O
)	O
activity	O
,	O
spatial	O
learning	O
and	O
memory	O
as	O
well	O
as	O
the	O
effect	O
of	O
topiramate	B
,	O
a	O
previously	O
proposed	O
therapy	O
for	O
cocaine	O
addiction	O
,	O
were	O
evaluated	O
in	O
an	O
experimental	O
model	O
of	O
cocaine	B
administration	O
in	O
rats	O
.	O
NFkappaB	O
activity	O
was	O
decreased	O
in	O
the	O
frontal	O
cortex	O
of	O
cocaine	B
treated	O
rats	O
,	O
as	O
well	O
as	O
GSH	B
concentration	O
and	O
glutathione	O
peroxidase	O
activity	O
in	O
the	O
hippocampus	O
,	O
whereas	O
nNOS	O
activity	O
in	O
the	O
hippocampus	O
was	O
increased	O
.	O
Memory	O
retrieval	O
of	O
experiences	O
acquired	O
prior	O
to	O
cocaine	B
administration	O
was	O
impaired	O
and	O
negatively	O
correlated	O
with	O
NFkappaB	O
activity	O
in	O
the	O
frontal	O
cortex	O
.	O
In	O
contrast	O
,	O
learning	O
of	O
new	O
tasks	O
was	O
enhanced	O
and	O
correlated	O
with	O
the	O
increase	O
of	O
nNOS	O
activity	O
and	O
the	O
decrease	O
of	O
glutathione	O
peroxidase	O
.	O
These	O
results	O
provide	O
evidence	O
for	O
a	O
possible	O
mechanistic	O
role	O
of	O
oxidative	O
and	O
nitrosative	O
stress	O
and	O
NFkappaB	O
in	O
the	O
alterations	O
induced	O
by	O
cocaine	B
.	O
Topiramate	B
prevented	O
all	O
the	O
alterations	O
observed	O
,	O
showing	O
novel	O
neuroprotective	O
properties	O
.	O

Antioxidant	B
effects	O
of	O
bovine	O
lactoferrin	O
on	O
dexamethasone	B
-	O
induced	O
hypertension	O
in	O
rat	O
.	O

Dexamethasone	B
-	O
(	O
Dex	B
-	O
)	O
induced	O
hypertension	O
is	O
associated	O
with	O
enhanced	O
oxidative	O
stress	O
.	O
Lactoferrin	O
(	O
LF	O
)	O
is	O
an	O
iron	B
-	O
binding	O
glycoprotein	O
with	O
antihypertensive	O
properties	O
.	O
In	O
this	O
study	O
,	O
we	O
investigated	O
the	O
effect	O
of	O
chronic	O
administration	O
of	O
LF	O
on	O
oxidative	O
stress	O
and	O
hypertension	O
upon	O
Dex	B
administration	O
.	O
Male	O
Wistar	O
rats	O
were	O
treated	O
by	O
Dex	B
(	O
30	O
u	O
g	O
/	O
kg	O
/	O
day	O
subcutaneously	O
)	O
or	O
saline	O
for	O
14	O
days	O
.	O
Oral	O
bovine	O
LF	O
(	O
30	O
,	O
100	O
,	O
300	O
mg	O
/	O
kg	O
)	O
was	O
given	O
from	O
day	O
8	O
to	O
14	O
in	O
a	O
reversal	O
study	O
.	O
In	O
a	O
prevention	O
study	O
,	O
rats	O
received	O
4	O
days	O
of	O
LF	O
treatment	O
followed	O
by	O
Dex	B
and	O
continued	O
during	O
the	O
test	O
period	O
.	O
Systolic	O
blood	O
pressure	O
(	O
SBP	O
)	O
was	O
measured	O
using	O
tail	O
-	O
cuff	O
method	O
.	O
Thymus	O
weight	O
was	O
used	O
as	O
a	O
marker	O
of	O
glucocorticoid	B
activity	O
.	O
Plasma	O
hydrogen	B
peroxide	I
(	O
H2O2	B
)	O
concentration	O
and	O
ferric	B
reducing	O
antioxidant	O
power	O
(	O
FRAP	O
)	O
value	O
were	O
determined	O
.	O
Dexamethasone	B
significantly	O
increased	O
SBP	O
and	O
plasma	O
H2O2	B
level	O
and	O
decreased	O
thymus	O
and	O
body	O
weights	O
.	O
LF	O
lowered	O
(	O
P	O
<	O
0	O
.	O
01	O
)	O
and	O
dose	O
dependently	O
prevented	O
(	O
P	O
<	O
0	O
.	O
001	O
)	O
Dex	B
-	O
induced	O
hypertension	O
.	O
LF	O
prevented	O
body	O
weight	O
loss	O
and	O
significantly	O
reduced	O
the	O
elevated	O
plasma	O
H2O2	B
and	O
increased	O
FRAP	O
values	O
.	O
Chronic	O
administration	O
of	O
LF	O
strongly	O
reduced	O
the	O
blood	O
pressure	O
and	O
production	O
of	O
ROS	B
and	O
improved	O
antioxidant	O
capacity	O
in	O
Dex	B
-	O
induced	O
hypertension	O
,	O
suggesting	O
the	O
role	O
of	O
inhibition	O
of	O
oxidative	O
stress	O
as	O
another	O
mechanism	O
of	O
antihypertensive	O
action	O
of	O
LF	O
.	O

Unraveling	O
the	O
mechanisms	O
of	O
hematopoiesis	O
regulated	O
by	O
multiple	O
cytokines	O
remains	O
a	O
challenge	O
in	O
hematology	O
.	O
IL	O
-	O
3	O
is	O
an	O
allergic	O
cytokine	O
with	O
the	O
multilineage	O
potential	O
,	O
while	O
CSF	O
-	O
1	O
is	O
produced	O
in	O
the	O
steady	O
state	O
with	O
restricted	O
lineage	O
coverage	O
.	O
Here	O
,	O
we	O
uncovered	O
an	O
instructive	O
role	O
of	O
CSF	O
-	O
1	O
in	O
IL	O
-	O
3	O
-	O
mediated	O
hematopoiesis	O
.	O
CSF	O
-	O
1	O
significantly	O
promoted	O
IL	O
-	O
3	O
-	O
driven	O
CD11c	O
+	O
cell	O
expansion	O
and	O
dampened	O
basophil	O
and	O
mast	O
cell	O
generation	O
from	O
C57BL	O
/	O
6	O
bone	O
marrow	O
.	O
Further	O
studies	O
indicated	O
that	O
the	O
CSF	O
-	O
1	O
/	O
CSF	O
-	O
1R	O
axis	O
contributed	O
significantly	O
to	O
IL	O
-	O
3	O
-	O
induced	O
CD11c	O
+	O
cell	O
generation	O
through	O
enhancing	O
c	O
-	O
Fos	O
-	O
associated	O
monopoiesis	O
.	O
CD11c	O
+	O
cells	O
induced	O
by	O
IL	O
-	O
3	O
or	O
IL	O
-	O
3	O
/	O
CSF	O
-	O
1	O
were	O
competent	O
in	O
cellular	O
maturation	O
and	O
endocytosis	O
.	O
Both	O
IL	O
-	O
3	O
and	O
IL	O
-	O
3	O
/	O
CSF	O
-	O
1	O
cells	O
lacked	O
classical	O
dendritic	O
cell	O
appearance	O
and	O
resembled	O
macrophages	O
in	O
morphology	O
.	O
Both	O
populations	O
produced	O
a	O
high	O
level	O
of	O
IL	O
-	O
10	O
,	O
in	O
addition	O
to	O
IL	O
-	O
1	O
,	O
IL	O
-	O
6	O
and	O
TNFa	O
,	O
in	O
response	O
to	O
LPS	B
,	O
and	O
were	O
relatively	O
poor	O
T	O
cell	O
stimulators	O
.	O
Collectively	O
,	O
these	O
findings	O
reveal	O
a	O
role	O
for	O
CSF	O
-	O
1	O
in	O
mediating	O
the	O
IL	O
-	O
3	O
hematopoietic	O
pathway	O
through	O
monopoiesis	O
,	O
which	O
regulates	O
expansion	O
of	O
CD11c	O
+	O
macrophages	O
.	O

Dystonia	O
is	O
a	O
neurological	O
movement	O
disorder	O
that	O
forces	O
the	O
body	O
into	O
twisting	O
,	O
repetitive	O
movements	O
or	O
sometimes	O
painful	O
abnormal	O
postures	O
.	O
With	O
the	O
advent	O
of	O
next	O
-	O
generation	O
sequencing	O
technologies	O
,	O
the	O
homozygous	O
mutations	O
T71N	O
and	O
A190T	O
in	O
the	O
neuronal	O
calcium	O
sensor	O
(	O
NCS	O
)	O
hippocalcin	O
were	O
identified	O
as	O
the	O
genetic	O
cause	O
of	O
primary	O
isolated	O
dystonia	O
(	O
DYT2	O
dystonia	O
)	O
.	O
However	O
,	O
the	O
effect	O
of	O
these	O
mutations	O
on	O
the	O
physiological	O
role	O
of	O
hippocalcin	O
has	O
not	O
yet	O
been	O
elucidated	O
.	O
Using	O
a	O
multidisciplinary	O
approach	O
,	O
we	O
demonstrated	O
that	O
hippocalcin	O
oligomerises	O
in	O
a	O
calcium	B
-	O
dependent	O
manner	O
and	O
binds	O
to	O
voltage	O
-	O
gated	O
calcium	O
channels	O
.	O
Mutations	O
T71N	O
and	O
A190T	O
in	O
hippocalcin	O
did	O
not	O
affect	O
stability	O
,	O
calcium	B
-	O
binding	O
affinity	O
or	O
translocation	O
to	O
cellular	O
membranes	O
(	O
Ca2	B
+	I
/	O
myristoyl	O
switch	O
)	O
.	O
We	O
obtained	O
the	O
first	O
crystal	O
structure	O
of	O
hippocalcin	O
and	O
alignment	O
with	O
other	O
NCS	O
proteins	O
showed	O
significant	O
variability	O
in	O
the	O
orientation	O
of	O
the	O
C	O
-	O
terminal	O
part	O
of	O
the	O
molecule	O
,	O
the	O
region	O
expected	O
to	O
be	O
important	O
for	O
target	O
binding	O
.	O
We	O
demonstrated	O
that	O
the	O
disease	O
-	O
causing	O
mutations	O
did	O
not	O
affect	O
the	O
structure	O
of	O
the	O
protein	O
,	O
however	O
both	O
mutants	O
showed	O
a	O
defect	O
in	O
oligomerisation	O
.	O
In	O
addition	O
,	O
we	O
observed	O
an	O
increased	O
calcium	B
influx	O
in	O
KCl	B
-	O
depolarised	O
cells	O
expressing	O
mutated	O
hippocalcin	O
,	O
mostly	O
driven	O
by	O
N	O
-	O
type	O
voltage	O
-	O
gated	O
calcium	O
channels	O
.	O
Our	O
data	O
demonstrate	O
that	O
the	O
dystonia	O
-	O
causing	O
mutations	O
strongly	O
affect	O
hippocalcin	O
cellular	O
functions	O
which	O
suggest	O
a	O
central	O
role	O
for	O
perturbed	O
calcium	B
signalling	O
in	O
DYT2	O
dystonia	O
.	O

Ca2	B
+	I
-	O
dependent	O
endoplasmic	O
reticulum	O
stress	O
correlation	O
with	O
astrogliosis	O
involves	O
upregulation	O
of	O
KCa3	O
.	O
1	O
and	O
inhibition	O
of	O
AKT	O
/	O
mTOR	O
signaling	O
.	O

BACKGROUND	O
:	O
The	O
intermediate	O
-	O
conductance	O
Ca2	O
+	O
-	O
activated	O
K	O
+	O
channel	O
KCa3	O
.	O
1	O
was	O
recently	O
shown	O
to	O
control	O
the	O
phenotype	O
switch	O
of	O
reactive	O
astrogliosis	O
(	O
RA	O
)	O
in	O
Alzheimer	O
'	O
s	O
disease	O
(	O
AD	O
)	O
.	O
METHODS	O
:	O
KCa3	O
.	O
1	O
channels	O
expression	O
and	O
cell	O
localization	O
in	O
the	O
brains	O
of	O
AD	O
patients	O
and	O
APP	O
/	O
PS1	O
mice	O
model	O
were	O
measured	O
by	O
immunoblotting	O
and	O
immunostaining	O
.	O
APP	O
/	O
PS1	O
mice	O
and	O
KCa3	O
.	O
1	O
-	O
/	O
-	O
/	O
APP	O
/	O
PS1	O
mice	O
were	O
subjected	O
to	O
Morris	O
water	O
maze	O
test	O
to	O
evaluate	O
the	O
spatial	O
memory	O
deficits	O
.	O
Glia	O
activation	O
and	O
neuron	O
loss	O
was	O
measured	O
by	O
immunostaining	O
.	O
Fluo	B
-	I
4AM	I
was	O
used	O
to	O
measure	O
cytosolic	O
Ca2	B
+	I
level	O
in	O
beta	O
-	O
amyloid	O
(	O
Abeta	O
)	O
induced	O
reactive	O
astrocytes	O
in	O
vitro	O
.	O
RESULTS	O
:	O
KCa3	O
.	O
1	O
expression	O
was	O
markedly	O
associated	O
with	O
endoplasmic	O
reticulum	O
(	O
ER	O
)	O
stress	O
and	O
unfolded	O
protein	O
response	O
(	O
UPR	O
)	O
in	O
both	O
Abeta	O
-	O
stimulated	O
primary	O
astrocytes	O
and	O
brain	O
lysates	O
of	O
AD	O
patients	O
and	O
APP	O
/	O
PS1	O
AD	O
mice	O
.	O
The	O
KCa3	O
.	O
1	O
channel	O
was	O
shown	O
to	O
regulate	O
store	O
-	O
operated	O
Ca2	B
+	I
entry	O
(	O
SOCE	O
)	O
through	O
an	O
interaction	O
with	O
the	O
Ca2	B
+	I
channel	O
Orai1	O
in	O
primary	O
astrocytes	O
.	O
Gene	O
deletion	O
or	O
pharmacological	O
blockade	O
of	O
KCa3	O
.	O
1	O
protected	O
against	O
SOCE	O
-	O
induced	O
Ca2	B
+	I
overload	O
and	O
ER	O
stress	O
via	O
the	O
protein	O
kinase	O
B	O
(	O
AKT	O
)	O
signaling	O
pathway	O
in	O
astrocytes	O
.	O
Importantly	O
,	O
gene	O
deletion	O
or	O
blockade	O
of	O
KCa3	O
.	O
1	O
restored	O
AKT	O
/	O
mechanistic	O
target	O
of	O
rapamycin	O
signaling	O
both	O
in	O
vivo	O
and	O
in	O
vitro	O
.	O
Consistent	O
with	O
these	O
in	O
vitro	O
data	O
,	O
expression	O
levels	O
of	O
the	O
ER	O
stress	O
markers	O
78	O
-	O
kDa	O
glucose	O
-	O
regulated	O
protein	O
and	O
CCAAT	O
/	O
enhancer	O
-	O
binding	O
protein	O
homologous	O
protein	O
,	O
as	O
well	O
as	O
that	O
of	O
the	O
RA	O
marker	O
glial	O
fibrillary	O
acidic	O
protein	O
were	O
increased	O
in	O
APP	O
/	O
PS1	O
AD	O
mouse	O
model	O
.	O
Elimination	O
of	O
KCa3	O
.	O
1	O
in	O
KCa3	O
.	O
1	O
-	O
/	O
-	O
/	O
APP	O
/	O
PS1	O
mice	O
corrected	O
these	O
abnormal	O
responses	O
.	O
Moreover	O
,	O
glial	O
activation	O
and	O
neuroinflammation	O
were	O
attenuated	O
in	O
the	O
hippocampi	O
of	O
KCa3	O
.	O
1	O
-	O
/	O
-	O
/	O
APP	O
/	O
PS1	O
mice	O
,	O
as	O
compared	O
with	O
APP	O
/	O
PS1	O
mice	O
.	O
In	O
addition	O
,	O
memory	O
deficits	O
and	O
neuronal	O
loss	O
in	O
APP	O
/	O
PS1	O
mice	O
were	O
reversed	O
in	O
KCa3	O
.	O
1	O
-	O
/	O
-	O
/	O
APP	O
/	O
PS1	O
mice	O
.	O
CONCLUSIONS	O
:	O
Overall	O
,	O
these	O
results	O
suggest	O
that	O
KCa3	O
.	O
1	O
is	O
involved	O
in	O
the	O
regulation	O
of	O
Ca2	B
+	I
homeostasis	O
in	O
astrocytes	O
and	O
attenuation	O
of	O
the	O
UPR	O
and	O
ER	O
stress	O
,	O
thus	O
contributing	O
to	O
memory	O
deficits	O
and	O
neuronal	O
loss	O
.	O

Possible	O
neuroleptic	O
malignant	O
syndrome	O
related	O
to	O
concomitant	O
treatment	O
with	O
paroxetine	B
and	O
alprazolam	B
.	O

A	O
74	O
-	O
year	O
-	O
old	O
man	O
with	O
depressive	O
symptoms	O
was	O
admitted	O
to	O
a	O
psychiatric	O
hospital	O
due	O
to	O
insomnia	O
,	O
loss	O
of	O
appetite	O
,	O
exhaustion	O
,	O
and	O
agitation	O
.	O
Medical	O
treatment	O
was	O
initiated	O
at	O
a	O
daily	O
dose	O
of	O
20	O
mg	O
paroxetine	B
and	O
1	O
.	O
2	O
mg	O
alprazolam	B
.	O
On	O
the	O
10th	O
day	O
of	O
paroxetine	B
and	O
alprazolam	B
treatment	O
,	O
the	O
patient	O
exhibited	O
marked	O
psychomotor	O
retardation	O
,	O
disorientation	O
,	O
and	O
severe	O
muscle	O
rigidity	O
with	O
tremors	O
.	O
The	O
patient	O
had	O
a	O
fever	O
(	O
38	O
.	O
2	O
degrees	O
C	O
)	O
,	O
fluctuating	O
blood	O
pressure	O
(	O
between	O
165	O
/	O
90	O
and	O
130	O
/	O
70	O
mg	O
mm	O
Hg	O
)	O
,	O
and	O
severe	O
extrapyramidal	O
symptoms	O
.	O
Laboratory	O
tests	O
showed	O
an	O
elevation	O
of	O
creatine	B
phosphokinase	I
(	O
2218	O
IU	O
/	O
L	O
)	O
,	O
aspartate	B
aminotransferase	I
(	O
134	O
IU	O
/	O
L	O
)	O
,	O
alanine	B
aminotransferase	I
(	O
78	O
IU	O
/	O
L	O
)	O
,	O
and	O
BUN	O
(	O
27	O
.	O
9	O
mg	O
/	O
ml	O
)	O
levels	O
.	O
The	O
patient	O
received	O
bromocriptine	B
and	O
diazepam	B
to	O
treat	O
his	O
symptoms	O
.	O
7	O
days	O
later	O
,	O
the	O
fever	O
disappeared	O
and	O
the	O
patient	O
'	O
s	O
serum	O
CPK	B
levels	O
were	O
normalized	O
(	O
175	O
IU	O
/	O
L	O
)	O
.	O
This	O
patient	O
presented	O
with	O
symptoms	O
of	O
neuroleptic	O
malignant	O
syndrome	O
(	O
NMS	O
)	O
,	O
thus	O
demonstrating	O
that	O
NMS	O
-	O
like	O
symptoms	O
can	O
occur	O
after	O
combined	O
paroxetine	B
and	O
alprazolam	B
treatment	O
.	O
The	O
adverse	O
drug	O
reaction	O
score	O
obtained	O
by	O
the	O
Naranjo	O
algorithm	O
was	O
6	O
in	O
our	O
case	O
,	O
indicating	O
a	O
probable	O
relationship	O
between	O
the	O
patient	O
'	O
s	O
NMS	O
-	O
like	O
adverse	O
symptoms	O
and	O
the	O
combined	O
treatment	O
used	O
in	O
this	O
case	O
.	O
The	O
involvement	O
of	O
physiologic	O
and	O
environmental	O
aspects	O
specific	O
to	O
this	O
patient	O
was	O
suspected	O
.	O
Several	O
risk	O
factors	O
for	O
NMS	O
should	O
be	O
noted	O
in	O
elderly	O
depressive	O
patients	O
whose	O
symptoms	O
often	O
include	O
dehydration	O
,	O
agitation	O
,	O
malnutrition	O
,	O
and	O
exhaustion	O
.	O
Careful	O
therapeutic	O
intervention	O
is	O
necessary	O
in	O
cases	O
involving	O
elderly	O
patients	O
who	O
suffer	O
from	O
depression	O
.	O

Cauda	O
equina	O
syndrome	O
after	O
epidural	O
steroid	B
injection	O
:	O
a	O
case	O
report	O
.	O

OBJECTIVE	O
:	O
Conventional	O
treatment	O
methods	O
of	O
lumbusacral	O
radiculopathy	O
are	O
physical	O
therapy	O
,	O
epidural	O
steroid	B
injections	O
,	O
oral	O
medications	O
,	O
and	O
spinal	O
manipulative	O
therapy	O
.	O
Cauda	O
equina	O
syndrome	O
is	O
a	O
rare	O
complication	O
of	O
epidural	O
anesthesia	O
.	O
The	O
following	O
case	O
is	O
a	O
report	O
of	O
cauda	O
equina	O
syndrome	O
possibly	O
caused	O
by	O
epidural	O
injection	O
of	O
triamcinolone	B
and	O
bupivacaine	B
.	O
CLINICAL	O
FEATURES	O
:	O
A	O
50	O
-	O
year	O
-	O
old	O
woman	O
with	O
low	O
back	O
and	O
right	O
leg	O
pain	O
was	O
scheduled	O
for	O
epidural	O
steroid	B
injection	O
.	O
INTERVENTION	O
AND	O
OUTCOME	O
:	O
An	O
18	O
-	O
gauge	O
Touhy	O
needle	O
was	O
inserted	O
until	O
loss	O
of	O
resistance	O
occurred	O
at	O
the	O
L4	O
-	O
5	O
level	O
.	O
Spread	O
of	O
the	O
contrast	O
medium	O
within	O
the	O
epidural	O
space	O
was	O
determined	O
by	O
radiographic	O
imaging	O
.	O
After	O
verifying	O
the	O
epidural	O
space	O
,	O
bupivacaine	B
and	O
triamcinolone	B
diacetate	I
were	O
injected	O
.	O
After	O
the	O
injection	O
,	O
there	O
was	O
a	O
reduction	O
in	O
radicular	O
symptoms	O
.	O
Three	O
hours	O
later	O
,	O
she	O
complained	O
of	O
perineal	O
numbness	O
and	O
lower	O
extremity	O
weakness	O
.	O
The	O
neurologic	O
evaluation	O
revealed	O
loss	O
of	O
sensation	O
in	O
the	O
saddle	O
area	O
and	O
medial	O
aspect	O
of	O
her	O
right	O
leg	O
.	O
There	O
was	O
a	O
decrease	O
in	O
the	O
perception	O
of	O
pinprick	O
test	O
.	O
Deep	O
-	O
tendon	O
reflexes	O
were	O
decreased	O
especially	O
in	O
the	O
right	O
leg	O
.	O
She	O
was	O
unable	O
to	O
urinate	O
.	O
The	O
patient	O
'	O
s	O
symptoms	O
improved	O
slightly	O
over	O
the	O
next	O
few	O
hours	O
.	O
She	O
had	O
a	O
gradual	O
return	O
of	O
motor	O
function	O
and	O
ability	O
of	O
feeling	O
Foley	O
catheter	O
.	O
All	O
of	O
the	O
symptoms	O
were	O
completely	O
resolved	O
over	O
the	O
next	O
8	O
hours	O
.	O
CONCLUSION	O
:	O
Complications	O
associated	O
with	O
epidural	O
steroid	B
injections	O
are	O
rare	O
.	O
Clinical	O
examination	O
and	O
continued	O
vigilance	O
for	O
neurologic	O
deterioration	O
after	O
epidural	O
steroid	B
injections	O
is	O
important	O
.	O

BACKGROUND	O
:	O
Meningococcal	O
disease	O
occurs	O
after	O
colonization	O
of	O
the	O
nasopharynx	O
with	O
Neisseria	O
meningitidis	O
.	O
Surfactant	O
protein	O
(	O
SP	O
)	O
-	O
A	O
and	O
SP	O
-	O
D	O
are	O
pattern	O
-	O
recognition	O
molecules	O
of	O
the	O
respiratory	O
tract	O
that	O
activate	O
inflammatory	O
and	O
phagocytic	O
defences	O
after	O
binding	O
to	O
microbial	O
sugars	B
.	O
Variation	O
in	O
the	O
genes	O
of	O
the	O
surfactant	O
proteins	O
affects	O
the	O
expression	O
and	O
function	O
of	O
these	O
molecules	O
.	O
METHODS	O
:	O
Allele	O
frequencies	O
of	O
SP	O
-	O
A1	O
,	O
SP	O
-	O
A2	O
,	O
and	O
SP	O
-	O
D	O
were	O
determined	O
by	O
polymerase	O
chain	O
reaction	O
in	O
303	O
patients	O
with	O
microbiologically	O
proven	O
meningococcal	O
disease	O
,	O
including	O
18	O
patients	O
who	O
died	O
,	O
and	O
222	O
healthy	O
control	O
subjects	O
.	O
RESULTS	O
:	O
Homozygosity	O
of	O
allele	O
1A1	O
of	O
SP	O
-	O
A2	O
increased	O
the	O
risk	O
of	O
meningococcal	O
disease	O
(	O
odds	O
ratio	O
[	O
OR	O
]	O
,	O
7	O
.	O
4	O
;	O
95	O
%	O
confidence	O
interval	O
[	O
CI	O
]	O
,	O
1	O
.	O
3	O
-	O
42	O
.	O
4	O
)	O
;	O
carriage	O
of	O
1A5	O
reduced	O
the	O
risk	O
(	O
OR	O
,	O
0	O
.	O
3	O
;	O
95	O
%	O
CI	O
,	O
0	O
.	O
1	O
-	O
0	O
.	O
97	O
)	O
.	O
An	O
analysis	O
of	O
the	O
multiple	O
single	O
-	O
nucleotide	O
polymorphisms	O
in	O
SP	O
-	O
A	O
demonstrated	O
that	O
homozygosity	O
for	O
alleles	O
encoding	O
lysine	O
(	O
in	O
1A1	O
)	O
rather	O
than	O
glutamine	O
(	O
in	O
1A5	O
)	O
at	O
amino	O
acid	O
223	O
in	O
the	O
carbohydrate	B
recognition	O
domain	O
was	O
associated	O
with	O
an	O
increased	O
risk	O
of	O
meningococcal	O
disease	O
(	O
OR	O
,	O
6	O
.	O
7	O
;	O
95	O
%	O
CI	O
,	O
1	O
.	O
4	O
-	O
31	O
.	O
5	O
)	O
.	O
Carriage	O
of	O
alleles	O
encoding	O
lysine	O
at	O
residue	O
223	O
was	O
found	O
in	O
61	O
%	O
of	O
patients	O
who	O
died	O
,	O
compared	O
with	O
35	O
%	O
of	O
those	O
who	O
survived	O
(	O
OR	O
adjusted	O
for	O
age	O
,	O
2	O
.	O
9	O
;	O
95	O
%	O
CI	O
,	O
1	O
.	O
1	O
-	O
7	O
.	O
7	O
)	O
.	O
Genetic	O
variation	O
of	O
SP	O
-	O
A1	O
and	O
SP	O
-	O
D	O
was	O
not	O
associated	O
with	O
meningococcal	O
disease	O
.	O
CONCLUSIONS	O
:	O
Gene	O
polymorphism	O
resulting	O
in	O
the	O
substitution	O
of	O
glutamine	O
with	O
lysine	O
at	O
residue	O
223	O
in	O
the	O
carbohydrate	B
recognition	O
domain	O
of	O
SP	O
-	O
A2	O
increases	O
susceptibility	O
to	O
meningococcal	O
disease	O
,	O
as	O
well	O
as	O
the	O
risk	O
of	O
death	O
.	O

BACKGROUND	O
:	O
Fumarate	O
hydratase	O
(	O
HGNC	O
approved	O
gene	O
symbol	O
-	O
FH	O
)	O
,	O
also	O
known	O
as	O
fumarase	O
,	O
is	O
an	O
enzyme	O
of	O
the	O
tricarboxylic	B
acid	I
(	O
TCA	B
)	O
cycle	O
,	O
involved	O
in	O
fundamental	O
cellular	O
energy	O
production	O
.	O
First	O
described	O
by	O
Zinn	O
et	O
al	O
in	O
1986	O
,	O
deficiency	O
of	O
FH	O
results	O
in	O
early	O
onset	O
,	O
severe	O
encephalopathy	O
.	O
In	O
2002	O
,	O
the	O
Multiple	O
Leiomyoma	O
Consortium	O
identified	O
heterozygous	O
germline	O
mutations	O
of	O
FH	O
in	O
patients	O
with	O
multiple	O
cutaneous	O
and	O
uterine	O
leiomyomas	O
,	O
(	O
MCUL	O
:	O
OMIM	O
150800	O
)	O
.	O
In	O
some	O
families	O
renal	O
cell	O
cancer	O
also	O
forms	O
a	O
component	O
of	O
the	O
complex	O
and	O
as	O
such	O
has	O
been	O
described	O
as	O
hereditary	O
leiomyomatosis	O
and	O
renal	O
cell	O
cancer	O
(	O
HLRCC	O
:	O
OMIM	O
605839	O
)	O
.	O
The	O
identification	O
of	O
FH	O
as	O
a	O
tumor	O
suppressor	O
was	O
an	O
unexpected	O
finding	O
and	O
following	O
the	O
identification	O
of	O
subunits	O
of	O
succinate	O
dehydrogenase	O
in	O
2000	O
and	O
2001	O
,	O
was	O
only	O
the	O
second	O
description	O
of	O
the	O
involvement	O
of	O
an	O
enzyme	O
of	O
intermediary	O
metabolism	O
in	O
tumorigenesis	O
.	O
DESCRIPTION	O
:	O
The	O
FH	O
mutation	O
database	O
is	O
a	O
part	O
of	O
the	O
TCA	B
cycle	O
gene	O
mutation	O
database	O
(	O
formerly	O
the	O
succinate	O
dehydrogenase	O
gene	O
mutation	O
database	O
)	O
and	O
is	O
based	O
on	O
the	O
Leiden	O
Open	O
(	O
source	O
)	O
Variation	O
Database	O
(	O
LOVD	O
)	O
system	O
.	O
The	O
variants	O
included	O
in	O
the	O
database	O
were	O
derived	O
from	O
the	O
published	O
literature	O
and	O
annotated	O
to	O
conform	O
to	O
current	O
mutation	O
nomenclature	O
.	O
The	O
FH	O
database	O
applies	O
HGVS	O
nomenclature	O
guidelines	O
,	O
and	O
will	O
assist	O
researchers	O
in	O
applying	O
these	O
guidelines	O
when	O
directly	O
submitting	O
new	O
sequence	O
variants	O
online	O
.	O
Since	O
the	O
first	O
molecular	O
characterization	O
of	O
an	O
FH	O
mutation	O
by	O
Bourgeron	O
et	O
al	O
in	O
1994	O
,	O
a	O
series	O
of	O
reports	O
of	O
both	O
FH	O
deficiency	O
patients	O
and	O
patients	O
with	O
MCUL	O
/	O
HLRRC	O
have	O
described	O
107	O
variants	O
,	O
of	O
which	O
93	O
are	O
thought	O
to	O
be	O
pathogenic	O
.	O
The	O
most	O
common	O
type	O
of	O
mutation	O
is	O
missense	O
(	O
57	O
%	O
)	O
,	O
followed	O
by	O
frameshifts	O
&	O
nonsense	O
(	O
27	O
%	O
)	O
,	O
and	O
diverse	O
deletions	O
,	O
insertions	O
and	O
duplications	O
.	O
Here	O
we	O
introduce	O
an	O
online	O
database	O
detailing	O
all	O
reported	O
FH	O
sequence	O
variants	O
.	O
CONCLUSION	O
:	O
The	O
FH	O
mutation	O
database	O
strives	O
to	O
systematically	O
unify	O
all	O
current	O
genetic	O
knowledge	O
of	O
FH	O
variants	O
.	O
We	O
believe	O
that	O
this	O
knowledge	O
will	O
assist	O
clinical	O
geneticists	O
and	O
treating	O
physicians	O
when	O
advising	O
patients	O
and	O
their	O
families	O
,	O
will	O
provide	O
a	O
rapid	O
and	O
convenient	O
resource	O
for	O
research	O
scientists	O
,	O
and	O
may	O
eventually	O
assist	O
in	O
gaining	O
novel	O
insights	O
into	O
FH	O
and	O
its	O
related	O
clinical	O
syndromes	O
.	O

CONTEXT	O
:	O
Interindividual	O
variations	O
in	O
glucocorticoid	B
sensitivity	O
have	O
been	O
associated	O
with	O
manifestations	O
of	O
cortisol	B
excess	O
or	O
deficiency	O
and	O
may	O
be	O
partly	O
explained	O
by	O
polymorphisms	O
in	O
the	O
human	O
glucocorticoid	O
receptor	O
(	O
hGR	O
)	O
gene	O
.	O
We	O
studied	O
a	O
43	O
-	O
yr	O
-	O
old	O
female	O
,	O
who	O
presented	O
with	O
manifestations	O
consistent	O
with	O
tissue	O
-	O
selective	O
glucocorticoid	B
hypersensitivity	O
.	O
We	O
detected	O
a	O
novel	O
,	O
single	O
,	O
heterozygous	O
nucleotide	O
(	O
G	O
-	O
-	O
>	O
C	O
)	O
substitution	O
at	O
position	O
1201	O
(	O
exon	O
2	O
)	O
of	O
the	O
hGR	O
gene	O
,	O
which	O
resulted	O
in	O
aspartic	O
acid	O
to	O
histidine	O
substitution	O
at	O
amino	O
acid	O
position	O
401	O
in	O
the	O
amino	O
-	O
terminal	O
domain	O
of	O
the	O
hGRalpha	O
.	O
We	O
investigated	O
the	O
molecular	O
mechanisms	O
of	O
action	O
of	O
the	O
natural	O
mutant	O
receptor	O
hGRalphaD401H	O
.	O
METHODS	O
-	O
RESULTS	O
:	O
Compared	O
with	O
the	O
wild	O
-	O
type	O
hGRalpha	O
,	O
the	O
mutant	O
receptor	O
hGRalphaD401H	O
demonstrated	O
a	O
2	O
.	O
4	O
-	O
fold	O
increase	O
in	O
its	O
ability	O
to	O
transactivate	O
the	O
glucocorticoid	B
-	O
inducible	O
mouse	O
mammary	O
tumor	O
virus	O
promoter	O
in	O
response	O
to	O
dexamethasone	B
but	O
had	O
similar	O
affinity	O
for	O
the	O
ligand	O
(	O
dissociation	O
constant	O
=	O
6	O
.	O
2	O
+	O
/	O
-	O
0	O
.	O
6	O
vs	O
.	O
6	O
.	O
1	O
+	O
/	O
-	O
0	O
.	O
6	O
nm	O
)	O
and	O
time	O
to	O
nuclear	O
translocation	O
(	O
14	O
.	O
75	O
+	O
/	O
-	O
0	O
.	O
25	O
vs	O
.	O
14	O
.	O
25	O
+	O
/	O
-	O
1	O
.	O
13	O
min	O
)	O
.	O
The	O
mutant	O
receptor	O
hGRalphaD401H	O
did	O
not	O
exert	O
a	O
dominant	O
positive	O
or	O
negative	O
effect	O
upon	O
the	O
wild	O
-	O
type	O
receptor	O
,	O
it	O
preserved	O
its	O
ability	O
to	O
bind	O
to	O
glucocorticoid	B
response	O
elements	O
,	O
and	O
displayed	O
a	O
normal	O
interaction	O
with	O
the	O
glucocorticoid	O
receptor	O
-	O
interacting	O
protein	O
1	O
coactivator	O
.	O
CONCLUSIONS	O
:	O
The	O
mutant	O
receptor	O
hGRalphaD401H	O
enhances	O
the	O
transcriptional	O
activity	O
of	O
glucocorticoid	O
-	O
responsive	O
genes	O
.	O
The	O
presence	O
of	O
the	O
D401H	O
mutation	O
may	O
predispose	O
subjects	O
to	O
obesity	O
,	O
hypertension	O
,	O
and	O
other	O
manifestations	O
of	O
the	O
metabolic	O
syndrome	O
.	O

BACKGROUND	O
:	O
Keratitis	O
-	O
ichthyosis	O
-	O
deafness	O
(	O
KID	O
)	O
syndrome	O
is	O
a	O
rare	O
congenital	O
ectodermal	O
disorder	O
,	O
caused	O
by	O
heterozygous	O
missense	O
mutation	O
in	O
GJB2	O
,	O
encoding	O
the	O
gap	O
junction	O
protein	O
connexin	O
26	O
.	O
The	O
commonest	O
mutation	O
is	O
the	O
p	O
.	O
Asp50Asn	O
mutation	O
,	O
and	O
only	O
a	O
few	O
other	O
mutations	O
have	O
been	O
described	O
to	O
date	O
.	O
AIM	O
:	O
To	O
report	O
the	O
fatal	O
clinical	O
course	O
and	O
characterize	O
the	O
genetic	O
background	O
of	O
a	O
premature	O
male	O
neonate	O
with	O
the	O
clinical	O
and	O
histological	O
features	O
of	O
KID	O
syndrome	O
.	O
METHODS	O
:	O
Genomic	O
DNA	O
was	O
extracted	O
from	O
peripheral	O
blood	O
and	O
used	O
for	O
PCR	O
amplification	O
of	O
the	O
GJB2	O
gene	O
.	O
Direct	O
sequencing	O
was	O
used	O
for	O
mutation	O
analysis	O
.	O
RESULTS	O
:	O
The	O
clinical	O
features	O
included	O
hearing	O
impairment	O
,	O
ichthyosiform	O
erythroderma	O
with	O
hyperkeratotic	O
plaques	O
,	O
palmoplantar	O
keratoderma	O
,	O
alopecia	O
of	O
the	O
scalp	O
and	O
eyelashes	O
,	O
and	O
a	O
thick	O
vernix	O
caseosa	O
-	O
like	O
covering	O
of	O
the	O
scalp	O
.	O
On	O
histological	O
analysis	O
,	O
features	O
characteristic	O
of	O
KID	O
syndrome	O
,	O
such	O
as	O
acanthosis	O
and	O
papillomatosis	O
of	O
the	O
epidermis	O
with	O
basket	O
-	O
weave	O
hyperkeratosis	O
,	O
were	O
seen	O
.	O
The	O
skin	O
symptoms	O
were	O
treated	O
successfully	O
with	O
acitretin	B
0	O
.	O
5	O
mg	O
/	O
kg	O
.	O
The	O
boy	O
developed	O
intraventricular	O
and	O
intracerebral	O
haemorrhage	O
,	O
leading	O
to	O
hydrocephalus	O
.	O
His	O
condition	O
was	O
further	O
complicated	O
by	O
septicaemia	O
and	O
meningitis	O
caused	O
by	O
infection	O
with	O
extended	O
-	O
spectrum	O
beta	O
-	O
lactamase	O
-	O
producing	O
Klebsiella	O
pneumoniae	O
.	O
Severe	O
respiratory	O
failure	O
followed	O
,	O
and	O
the	O
child	O
died	O
at	O
46	O
weeks	O
of	O
gestational	O
age	O
(	O
13	O
weeks	O
postnatally	O
)	O
.	O
Sequencing	O
of	O
the	O
GJB2	O
gene	O
showed	O
that	O
the	O
child	O
was	O
heterozygous	O
for	O
a	O
novel	O
nucleotide	O
change	O
,	O
c	O
.	O
263C	O
>	O
T	O
,	O
in	O
exon	O
2	O
,	O
leading	O
to	O
a	O
substitution	O
of	O
alanine	O
for	O
valine	O
at	O
position	O
88	O
(	O
p	O
.	O
Ala88Val	O
)	O
.	O
CONCLUSIONS	O
:	O
This	O
study	O
has	O
identified	O
a	O
new	O
heterozygous	O
de	O
novo	O
mutation	O
in	O
the	O
Cx26	O
gene	O
(	O
c	O
.	O
263C	O
>	O
T	O
;	O
p	O
.	O
Ala88Val	O
)	O
leading	O
to	O
KID	O
syndrome	O
.	O

Mechanisms	O
Underlying	O
Latent	O
Disease	O
Risk	O
Associated	O
with	O
Early	O
-	O
Life	O
Arsenic	B
Exposure	O
:	O
Current	O
Research	O
Trends	O
and	O
Scientific	O
Gaps	O
.	O

BACKGROUND	O
:	O
Millions	O
of	O
individuals	O
worldwide	O
,	O
particularly	O
those	O
living	O
in	O
rural	O
and	O
developing	O
areas	O
,	O
are	O
exposed	O
to	O
harmful	O
levels	O
of	O
inorganic	B
arsenic	I
(	O
iAs	B
)	O
in	O
their	O
drinking	O
water	O
.	O
Inorganic	B
As	I
exposure	O
during	O
key	O
developmental	O
periods	O
is	O
associated	O
with	O
a	O
variety	O
of	O
adverse	O
health	O
effects	O
including	O
those	O
that	O
are	O
evident	O
in	O
adulthood	O
.	O
There	O
is	O
considerable	O
interest	O
in	O
identifying	O
the	O
molecular	O
mechanisms	O
that	O
relate	O
early	O
-	O
life	O
iAs	B
exposure	O
to	O
the	O
development	O
of	O
these	O
latent	O
diseases	O
,	O
particularly	O
in	O
relationship	O
to	O
cancer	O
.	O
OBJECTIVES	O
:	O
This	O
work	O
summarizes	O
research	O
on	O
the	O
molecular	O
mechanisms	O
that	O
underlie	O
the	O
increased	O
risk	O
of	O
cancer	O
development	O
in	O
adulthood	O
that	O
is	O
associated	O
with	O
early	O
-	O
life	O
iAs	B
exposure	O
.	O
DISCUSSION	O
:	O
Epigenetic	O
reprogramming	O
that	O
imparts	O
functional	O
changes	O
in	O
gene	O
expression	O
,	O
the	O
development	O
of	O
cancer	O
stem	O
cells	O
,	O
and	O
immunomodulation	O
are	O
plausible	O
underlying	O
mechanisms	O
by	O
which	O
early	O
-	O
life	O
iAs	B
exposure	O
elicits	O
latent	O
carcinogenic	O
effects	O
.	O
CONCLUSIONS	O
:	O
Evidence	O
is	O
mounting	O
that	O
relates	O
early	O
-	O
life	O
iAs	B
exposure	O
and	O
cancer	O
development	O
later	O
in	O
life	O
.	O
Future	O
research	O
should	O
include	O
animal	O
studies	O
that	O
address	O
mechanistic	O
hypotheses	O
and	O
studies	O
of	O
human	O
populations	O
that	O
integrate	O
early	O
-	O
life	O
exposure	O
,	O
molecular	O
alterations	O
,	O
and	O
latent	O
disease	O
outcomes	O
.	O

Brain	O
-	O
derived	O
neurotrophic	O
factor	O
attenuates	O
doxorubicin	B
-	O
induced	O
cardiac	O
dysfunction	O
through	O
activating	O
Akt	O
signalling	O
in	O
rats	O
.	O

The	O
clinical	O
application	O
of	O
doxorubicin	B
(	O
Dox	B
)	O
is	O
limited	O
by	O
its	O
adverse	O
effect	O
of	O
cardiotoxicity	O
.	O
Previous	O
studies	O
have	O
suggested	O
the	O
cardioprotective	O
effect	O
of	O
brain	O
-	O
derived	O
neurotrophic	O
factor	O
(	O
BDNF	O
)	O
.	O
We	O
hypothesize	O
that	O
BDNF	O
could	O
protect	O
against	O
Dox	B
-	O
induced	O
cardiotoxicity	O
.	O
Sprague	O
Dawley	O
rats	O
were	O
injected	O
with	O
Dox	B
(	O
2	O
.	O
5	O
mg	O
/	O
kg	O
,	O
3	O
times	O
/	O
week	O
,	O
i	O
.	O
p	O
.	O
)	O
,	O
in	O
the	O
presence	O
or	O
absence	O
of	O
recombinant	O
BDNF	O
(	O
0	O
.	O
4	O
ug	O
/	O
kg	O
,	O
i	O
.	O
v	O
.	O
)	O
for	O
2	O
weeks	O
.	O
H9c2	O
cells	O
were	O
treated	O
with	O
Dox	B
(	O
1	O
uM	O
)	O
and	O
/	O
or	O
BDNF	O
(	O
400	O
ng	O
/	O
ml	O
)	O
for	O
24	O
hrs	O
.	O
Functional	O
roles	O
of	O
BDNF	O
against	O
Dox	B
-	O
induced	O
cardiac	O
injury	O
were	O
examined	O
both	O
in	O
vivo	O
and	O
in	O
vitro	O
.	O
Protein	O
level	O
of	O
BDNF	O
was	O
reduced	O
in	O
Dox	B
-	O
treated	O
rat	O
ventricles	O
,	O
whereas	O
BDNF	O
and	O
its	O
receptor	O
tropomyosin	O
-	O
related	O
kinase	O
B	O
(	O
TrkB	O
)	O
were	O
markedly	O
up	O
-	O
regulated	O
after	O
BDNF	O
administration	O
.	O
Brain	O
-	O
derived	O
neurotrophic	O
factor	O
significantly	O
inhibited	O
Dox	B
-	O
induced	O
cardiomyocyte	O
apoptosis	O
,	O
oxidative	O
stress	O
and	O
cardiac	O
dysfunction	O
in	O
rats	O
.	O
Meanwhile	O
,	O
BDNF	O
increased	O
cell	O
viability	O
,	O
inhibited	O
apoptosis	O
and	O
DNA	O
damage	O
of	O
Dox	B
-	O
treated	O
H9c2	O
cells	O
.	O
Investigations	O
of	O
the	O
underlying	O
mechanisms	O
revealed	O
that	O
BDNF	O
activated	O
Akt	O
and	O
preserved	O
phosphorylation	O
of	O
mammalian	O
target	O
of	O
rapamycin	O
and	O
Bad	O
without	O
affecting	O
p38	O
mitogen	O
-	O
activated	O
protein	O
kinase	O
and	O
extracellular	O
regulated	O
protein	O
kinase	O
pathways	O
.	O
Furthermore	O
,	O
the	O
beneficial	O
effect	O
of	O
BDNF	O
was	O
abolished	O
by	O
BDNF	O
scavenger	O
TrkB	O
-	O
Fc	O
or	O
Akt	O
inhibitor	O
.	O
In	O
conclusion	O
,	O
our	O
findings	O
reveal	O
a	O
potent	O
protective	O
role	O
of	O
BDNF	O
against	O
Dox	B
-	O
induced	O
cardiotoxicity	O
by	O
activating	O
Akt	O
signalling	O
,	O
which	O
may	O
facilitate	O
the	O
safe	O
use	O
of	O
Dox	B
in	O
cancer	O
treatment	O
.	O

The	O
authors	O
describe	O
the	O
unusual	O
association	O
between	O
diffuse	O
B	O
-	O
cell	O
gastric	O
lymphoma	O
and	O
myotonic	O
dystrophy	O
,	O
the	O
most	O
common	O
form	O
of	O
adult	O
muscular	O
dystrophy	O
,	O
and	O
sudden	O
atrial	O
fibrillation	O
following	O
one	O
cycle	O
of	O
doxorubicin	B
-	O
based	O
chemotherapy	O
in	O
the	O
same	O
patient	O
.	O
Atrial	O
fibrillation	O
or	O
other	O
cardiac	O
arrhythmias	O
are	O
unusual	O
complications	O
in	O
patients	O
treated	O
with	O
chemotherapy	O
.	O
The	O
cardiac	O
toxicity	O
intrinsically	O
associated	O
with	O
the	O
aggressive	O
chemotherapy	O
employed	O
could	O
function	O
as	O
a	O
triggering	O
factor	O
for	O
the	O
arrhythmia	O
in	O
the	O
predisposed	O
myocardium	O
of	O
this	O
patient	O
.	O

Ca2	B
+	I
dependence	O
of	O
the	O
Ca2	B
+	I
-	O
selective	O
TRPV6	O
channel	O
.	O

Microfluorimetry	O
and	O
patch	O
-	O
clamp	O
experiments	O
were	O
performed	O
on	O
TRPV6	O
-	O
expressing	O
HEK	O
cells	O
to	O
determine	O
whether	O
this	O
Ca	B
(	I
2	I
+	I
)	I
-	O
sensing	O
Ca	B
(	I
2	I
+	I
)	I
channel	O
is	O
constitutively	O
active	O
.	O
Intact	O
cells	O
loaded	O
with	O
fura	B
-	I
2	I
had	O
an	O
elevated	O
intracellular	O
free	O
Ca	B
(	I
2	I
+	I
)	I
concentration	O
(	O
(	O
i	O
)	O
)	O
,	O
which	O
decreased	O
to	O
the	O
same	O
level	O
such	O
as	O
in	O
non	O
-	O
transfected	O
cells	O
if	O
external	O
Ca	B
(	I
2	I
+	I
)	I
was	O
chelated	O
by	O
EGTA	B
.	O
Whole	O
cell	O
recordings	O
from	O
non	O
-	O
transfected	O
HEK	O
cells	O
and	O
cells	O
expressing	O
human	O
TRPV6	O
revealed	O
the	O
presence	O
of	O
a	O
basal	O
inward	O
current	O
in	O
both	O
types	O
of	O
cells	O
when	O
the	O
internal	O
solution	O
contained	O
0	O
.	O
1	O
mm	O
EGTA	B
and	O
100	O
nm	O
(	O
i	O
)	O
or	O
if	O
the	O
cytosolic	O
Ca	B
(	I
2	I
+	I
)	I
buffering	O
remained	O
undisturbed	O
in	O
perforated	O
patch	O
-	O
clamp	O
experiments	O
.	O
If	O
recombinantly	O
expressed	O
TRPV6	O
forms	O
open	O
channels	O
,	O
one	O
would	O
expect	O
Ca	B
(	I
2	I
+	I
)	I
-	O
induced	O
current	O
inhibition	O
,	O
because	O
TRPV6	O
is	O
negatively	O
regulated	O
by	O
internal	O
Ca	B
(	I
2	I
+	I
)	I
.	O
However	O
,	O
dialyzing	O
solutions	O
with	O
high	O
such	O
as	O
1	O
microm	O
into	O
TRPV6	O
-	O
expressing	O
cells	O
did	O
not	O
block	O
the	O
basal	O
inward	O
current	O
,	O
which	O
was	O
not	O
different	O
from	O
the	O
recordings	O
from	O
non	O
-	O
transfected	O
cells	O
.	O
In	O
contrast	O
,	O
dialyzing	O
0	O
.	O
5	O
mm	O
EGTA	B
into	O
TRPV6	O
-	O
expressing	O
cells	O
readily	O
activated	O
Ca	B
(	I
2	I
+	I
)	I
inward	O
currents	O
,	O
which	O
were	O
undetectable	O
in	O
non	O
-	O
transfected	O
cells	O
.	O
Interestingly	O
,	O
monovalent	O
cations	O
permeated	O
the	O
TRPV6	O
channels	O
under	O
conditions	O
where	O
no	O
Ca	B
(	I
2	I
+	I
)	I
permeation	O
was	O
detectable	O
,	O
indicating	O
that	O
divalent	O
cations	O
block	O
TRPV6	O
channels	O
from	O
the	O
extracellular	O
side	O
.	O
Like	O
human	O
TRPV6	O
,	O
the	O
truncated	O
human	O
TRPV6	O
(	O
Delta695	O
-	O
725	O
)	O
,	O
which	O
lacks	O
the	O
C	O
-	O
terminal	O
domain	O
required	O
for	O
Ca	B
(	I
2	I
+	I
)	I
-	O
calmodulin	O
binding	O
,	O
does	O
not	O
form	O
constitutive	O
active	O
channels	O
,	O
whereas	O
the	O
human	O
TRPV6	O
(	O
D542A	O
)	O
,	O
carrying	O
a	O
point	O
mutation	O
in	O
the	O
presumed	O
pore	O
region	O
,	O
does	O
not	O
function	O
as	O
a	O
channel	O
.	O
In	O
summary	O
,	O
no	O
constitutive	O
open	O
TRPV6	O
channels	O
were	O
detected	O
in	O
patch	O
-	O
clamp	O
experiments	O
from	O
transfected	O
HEK	O
cells	O
.	O
However	O
,	O
channel	O
activity	O
is	O
highly	O
regulated	O
by	O
intracellular	O
and	O
extracellular	O
divalent	O
cations	O
.	O

An	O
evaluation	O
of	O
amikacin	B
nephrotoxicity	O
in	O
the	O
hematology	O
/	O
oncology	O
population	O
.	O

Amikacin	B
is	O
an	O
aminoglycoside	B
commonly	O
used	O
to	O
provide	O
empirical	O
double	O
gram	O
-	O
negative	O
treatment	O
for	O
febrile	O
neutropenia	O
and	O
other	O
suspected	O
infections	O
.	O
Strategies	O
of	O
extended	O
-	O
interval	O
and	O
conventional	O
dosing	O
have	O
been	O
utilized	O
extensively	O
in	O
the	O
general	O
medical	O
population	O
;	O
however	O
,	O
data	O
are	O
lacking	O
to	O
support	O
a	O
dosing	O
strategy	O
in	O
the	O
hematology	O
/	O
oncology	O
population	O
.	O
To	O
evaluate	O
amikacin	B
-	O
associated	O
nephrotoxicity	O
in	O
an	O
adult	O
hematology	O
/	O
oncology	O
population	O
,	O
a	O
prospective	O
,	O
randomized	O
,	O
open	O
-	O
label	O
trial	O
was	O
conducted	O
at	O
a	O
university	O
-	O
affiliated	O
medical	O
center	O
.	O
Forty	O
patients	O
with	O
a	O
diagnosis	O
consistent	O
with	O
a	O
hematologic	O
/	O
oncologic	O
disorder	O
that	O
required	O
treatment	O
with	O
an	O
aminoglycoside	B
were	O
randomized	O
to	O
either	O
conventional	O
or	O
extended	O
-	O
interval	O
amikacin	B
.	O
The	O
occurrence	O
of	O
nephrotoxicity	O
by	O
means	O
of	O
an	O
increase	O
in	O
serum	O
creatinine	B
and	O
evaluation	O
of	O
efficacy	O
via	O
amikacin	B
serum	O
concentrations	O
with	O
respective	O
pathogens	O
were	O
assessed	O
.	O
The	O
occurrence	O
of	O
nephrotoxicity	O
was	O
similar	O
between	O
the	O
conventional	O
and	O
extended	O
-	O
interval	O
groups	O
,	O
at	O
10	O
%	O
and	O
5	O
%	O
,	O
respectively	O
(	O
P	O
=	O
1	O
.	O
00	O
)	O
.	O
Six	O
patients	O
in	O
the	O
conventional	O
group	O
had	O
a	O
positive	O
culture	O
,	O
compared	O
with	O
none	O
in	O
the	O
extended	O
-	O
interval	O
group	O
(	O
P	O
=	O
0	O
.	O
002	O
)	O
.	O
The	O
occurrence	O
of	O
nephrotoxicity	O
was	O
similar	O
between	O
the	O
two	O
dosing	O
regimens	O
,	O
but	O
the	O
distribution	O
of	O
risk	O
factors	O
was	O
variable	O
between	O
the	O
two	O
groups	O
.	O
Efficacy	O
could	O
not	O
be	O
assessed	O
.	O

Single	O
nucleotide	O
polymorphism	O
in	O
ABCG2	O
is	O
associated	O
with	O
irinotecan	B
-	O
induced	O
severe	O
myelosuppression	O
.	O

Irinotecan	B
is	O
an	O
anti	O
-	O
neoplastic	O
agent	O
that	O
is	O
widely	O
used	O
for	O
treating	O
colorectal	O
and	O
lung	O
cancers	O
,	O
but	O
often	O
causes	O
toxicities	O
such	O
as	O
severe	O
myelosuppression	O
and	O
diarrhea	O
.	O
In	O
this	O
study	O
,	O
we	O
performed	O
a	O
two	O
-	O
stage	O
case	O
-	O
control	O
association	O
study	O
for	O
irinotecan	B
-	O
induced	O
severe	O
myelosuppression	O
(	O
grades	O
3	O
and	O
4	O
)	O
.	O
In	O
the	O
first	O
stage	O
,	O
23	O
patients	O
who	O
developed	O
severe	O
myelosuppression	O
and	O
58	O
patients	O
who	O
did	O
not	O
develop	O
any	O
toxicity	O
were	O
examined	O
for	O
170	O
single	O
nucleotide	O
polymorphisms	O
(	O
SNPs	O
)	O
in	O
14	O
genes	O
involved	O
in	O
the	O
metabolism	O
and	O
transport	O
of	O
irinotecan	B
.	O
A	O
total	O
of	O
five	O
SNPs	O
were	O
identified	O
to	O
show	O
the	O
possible	O
association	O
with	O
severe	O
myelosuppression	O
(	O
P	O
(	O
Fisher	O
)	O
<	O
0	O
.	O
01	O
)	O
and	O
were	O
further	O
examined	O
in	O
7	O
cases	O
and	O
20	O
controls	O
in	O
the	O
second	O
stage	O
of	O
the	O
study	O
.	O
An	O
intronic	O
SNP	O
,	O
rs2622604	O
,	O
in	O
ABCG2	O
showed	O
P	O
(	O
Fisher	O
)	O
=	O
0	O
.	O
0419	O
in	O
the	O
second	O
stage	O
and	O
indicated	O
a	O
significant	O
association	O
with	O
severe	O
myelosuppression	O
in	O
the	O
combined	O
study	O
(	O
P	O
(	O
Fisher	O
)	O
=	O
0	O
.	O
000237	O
;	O
P	O
(	O
Corrected	O
)	O
=	O
0	O
.	O
036	O
)	O
.	O
Although	O
only	O
limited	O
subjects	O
were	O
investigated	O
,	O
our	O
results	O
suggested	O
that	O
a	O
genetic	O
polymorphism	O
in	O
ABCG2	O
might	O
alter	O
the	O
transport	O
activity	O
for	O
the	O
drug	O
and	O
elevate	O
the	O
systemic	O
circulation	O
level	O
of	O
irinotecan	B
,	O
leading	O
to	O
severe	O
myelosuppression	O
.	O

BACKGROUND	O
:	O
TBX21	O
(	O
T	O
cell	O
specific	O
T	O
-	O
box	O
transcription	O
factor	O
)	O
and	O
HLX1	O
(	O
H	O
.	O
20	O
-	O
like	O
homeobox	O
1	O
)	O
are	O
crucial	O
transcription	O
factors	O
of	O
T	O
(	O
H	O
)	O
1	O
-	O
cells	O
,	O
inducing	O
their	O
differentiation	O
and	O
suppressing	O
T	O
(	O
H	O
)	O
2	O
commitment	O
,	O
particularly	O
important	O
for	O
early	O
life	O
immune	O
development	O
.	O
This	O
study	O
investigated	O
the	O
influence	O
of	O
TBX21	O
and	O
HLX1	O
single	O
nucleotide	O
polymorphisms	O
(	O
SNPs	O
)	O
,	O
which	O
have	O
previously	O
been	O
shown	O
to	O
be	O
associated	O
with	O
asthma	O
,	O
on	O
T	O
(	O
H	O
)	O
1	O
/	O
T	O
(	O
H	O
)	O
2	O
lineage	O
cytokines	O
at	O
birth	O
.	O
METHODS	O
AND	O
FINDINGS	O
:	O
Cord	O
blood	O
mononuclear	O
cells	O
(	O
CBMCs	O
)	O
of	O
200	O
neonates	O
were	O
genotyped	O
for	O
two	O
TBX21	O
and	O
three	O
HLX1	O
SNPs	O
.	O
CBMCs	O
were	O
stimulated	O
with	O
innate	O
(	O
Lipid	B
A	I
,	O
LpA	B
;	O
Peptidoglycan	B
,	O
Ppg	B
)	O
,	O
adaptive	O
stimuli	O
(	O
house	O
dust	O
mite	O
Dermatophagoides	O
pteronyssinus	O
1	O
,	O
Derp1	O
)	O
or	O
mitogen	O
(	O
phytohemagglutinin	B
,	O
PHA	B
)	O
.	O
Cytokines	O
,	O
T	O
-	O
cells	O
and	O
mRNA	O
expression	O
of	O
T	O
(	O
H	O
)	O
1	O
/	O
T	O
(	O
H	O
)	O
2	O
-	O
related	O
genes	O
were	O
assessed	O
.	O
Atopic	O
diseases	O
during	O
the	O
first	O
3	O
years	O
of	O
life	O
were	O
assessed	O
by	O
questionnaire	O
answered	O
by	O
the	O
parents	O
.	O
Carriers	O
of	O
TBX21	O
promoter	O
SNP	O
rs17250932	O
and	O
HLX1	O
promoter	O
SNP	O
rs2738751	O
showed	O
reduced	O
or	O
trendwise	O
reduced	O
(	O
p	O
<	O
0	O
.	O
07	O
)	O
IL	O
-	O
5	O
,	O
IL	O
-	O
13	O
and	O
TNF	O
-	O
a	O
secretion	O
after	O
LpA	B
-	O
stimulation	O
.	O
Carriers	O
of	O
HLX1	O
SNP	O
rs2738751	O
had	O
lower	O
IL	O
-	O
13	O
levels	O
following	O
Ppg	B
-	O
stimulation	O
(	O
p	O
=	O
0	O
.	O
08	O
)	O
.	O
Carriers	O
of	O
HLX1	O
exon	O
1	O
SNP	O
rs12141189	O
showed	O
increased	O
IL	O
-	O
5	O
(	O
LpA	B
,	O
p	O
=	O
0	O
.	O
007	O
;	O
Ppg	B
,	O
p	O
=	O
0	O
.	O
10	O
)	O
,	O
trendwise	O
increased	O
IL	O
-	O
13	O
(	O
LpA	B
)	O
,	O
higher	O
GM	O
-	O
CSF	O
(	O
LpA	B
/	O
Ppg	B
,	O
p	O
<	O
0	O
.	O
05	O
)	O
and	O
trendwise	O
decreased	O
IFN	O
-	O
g	O
secretion	O
(	O
Derp1	O
+	O
LpA	B
-	O
stimulation	O
,	O
p	O
=	O
0	O
.	O
1	O
)	O
.	O
Homozygous	O
carriers	O
of	O
HLX1	O
promoter	O
SNP	O
rs3806325	O
showed	O
increased	O
IL	O
-	O
13	O
and	O
IL	O
-	O
6	O
(	O
unstimulated	O
,	O
p	O
<	O
0	O
.	O
03	O
)	O
.	O
In	O
carriers	O
of	O
TBX21	O
intron	O
3	O
SNP	O
rs11079788	O
no	O
differences	O
in	O
cytokine	O
secretion	O
were	O
observed	O
.	O
mRNA	O
expression	O
of	O
T	O
(	O
H	O
)	O
1	O
/	O
T	O
(	O
H	O
)	O
2	O
-	O
related	O
genes	O
partly	O
correlated	O
with	O
cytokines	O
at	O
protein	O
level	O
.	O
TBX21	O
SNP	O
rs11079788	O
carriers	O
developed	O
less	O
symptoms	O
of	O
atopic	O
dermatitis	O
at	O
3	O
years	O
of	O
age	O
(	O
p	O
=	O
0	O
.	O
03	O
)	O
.	O
CONCLUSIONS	O
:	O
Polymorphisms	O
in	O
TBX21	O
and	O
HLX1	O
influenced	O
primarily	O
IL	O
-	O
5	O
and	O
IL	O
-	O
13	O
secretion	O
after	O
LpA	B
-	O
stimulation	O
in	O
cord	O
blood	O
suggesting	O
that	O
genetic	O
variations	O
in	O
the	O
transcription	O
factors	O
essential	O
for	O
the	O
T	O
(	O
H	O
)	O
1	O
-	O
pathway	O
may	O
contribute	O
to	O
modified	O
T	O
(	O
H	O
)	O
2	O
-	O
immune	O
responses	O
already	O
early	O
in	O
life	O
.	O
Further	O
follow	O
-	O
up	O
of	O
the	O
cohort	O
is	O
required	O
to	O
study	O
the	O
polymorphisms	O
'	O
relevance	O
for	O
immune	O
-	O
mediated	O
diseases	O
such	O
as	O
childhood	O
asthma	O
.	O

In	O
this	O
study	O
we	O
characterized	O
the	O
effects	O
of	O
radiation	O
injury	O
on	O
the	O
expression	O
and	O
function	O
of	O
the	O
autotaxin	O
(	O
ATX	O
)	O
-	O
LPA2	O
GPCR	O
axis	O
.	O
In	O
IEC	O
-	O
6	O
crypt	O
cells	O
and	O
jejunum	O
enteroids	O
quantitative	O
RT	O
-	O
PCR	O
showed	O
a	O
time	O
-	O
and	O
dose	O
-	O
dependent	O
upregulation	O
of	O
lpa2	O
in	O
response	O
to	O
gamma	O
-	O
irradiation	O
that	O
was	O
abolished	O
by	O
mutation	O
of	O
the	O
NF	O
-	O
kappaB	O
site	O
in	O
the	O
lpa2	O
promoter	O
or	O
by	O
inhibition	O
of	O
ATM	O
/	O
ATR	O
kinases	O
with	O
CGK	B
-	I
733	I
,	O
suggesting	O
that	O
lpa2	O
is	O
a	O
DNA	O
damage	O
response	O
gene	O
upregulated	O
by	O
ATM	O
via	O
NF	O
-	O
kappaB	O
.	O
The	O
resolution	O
kinetics	O
of	O
the	O
DNA	O
damage	O
marker	O
gamma	O
-	O
H2AX	O
in	O
LPA	O
-	O
treated	O
IEC	O
-	O
6	O
cells	O
exposed	O
to	O
gamma	O
-	O
irradiation	O
was	O
accelerated	O
compared	O
to	O
vehicle	O
,	O
whereas	O
pharmacological	O
inhibition	O
of	O
LPA2	O
delayed	O
the	O
resolution	O
of	O
gamma	O
-	O
H2AX	O
.	O
In	O
LPA2	O
-	O
reconstituted	O
MEF	O
cells	O
lacking	O
LPA1	O
'	O
3	O
the	O
levels	O
of	O
gamma	O
-	O
H2AX	O
decreased	O
rapidly	O
,	O
whereas	O
in	O
Vector	O
MEF	O
were	O
high	O
and	O
remained	O
sustained	O
.	O
Inhibition	O
of	O
ERK1	O
'	O
2	O
or	O
PI3K	O
/	O
AKT	O
signaling	O
axis	O
by	O
pertussis	O
toxin	O
or	O
the	O
C311A	O
/	O
C314A	O
/	O
L351A	O
mutation	O
in	O
the	O
C	O
-	O
terminus	O
of	O
LPA2	O
abrogated	O
the	O
effect	O
of	O
LPA	O
on	O
DNA	O
repair	O
.	O
LPA2	O
transcripts	O
in	O
Lin	O
(	O
-	O
)	O
Sca	O
-	O
1	O
(	O
+	O
)	O
c	O
-	O
Kit	O
(	O
+	O
)	O
enriched	O
for	O
bone	O
marrow	O
stem	O
cells	O
were	O
27	O
-	O
and	O
5	O
-	O
fold	O
higher	O
than	O
in	O
common	O
myeloid	O
or	O
lymphoid	O
progenitors	O
,	O
respectively	O
.	O
Furthermore	O
,	O
after	O
irradiation	O
higher	O
residual	O
gamma	O
-	O
H2AX	O
levels	O
were	O
detected	O
in	O
the	O
bone	O
marrow	O
or	O
jejunum	O
of	O
irradiated	O
LPA2	O
-	O
KO	O
mice	O
compared	O
to	O
WT	O
mice	O
.	O
We	O
found	O
that	O
gamma	O
-	O
irradiation	O
increases	O
plasma	O
ATX	O
activity	O
and	O
LPA	O
level	O
that	O
is	O
in	O
part	O
due	O
to	O
the	O
previously	O
established	O
radiation	O
-	O
induced	O
upregulation	O
of	O
TNFalpha	O
.	O
These	O
findings	O
identify	O
ATX	O
and	O
LPA2	O
as	O
radiation	O
-	O
regulated	O
genes	O
that	O
appear	O
to	O
play	O
a	O
physiological	O
role	O
in	O
DNA	O
repair	O
.	O

Polymorphism	O
in	O
manganese	O
superoxide	O
dismutase	O
gene	O
(	O
Mn	O
-	O
SOD	O
)	O
is	O
a	O
new	O
approach	O
to	O
identify	O
its	O
probable	O
association	O
with	O
urolithiasis	O
.	O
Oxidative	O
stress	O
may	O
be	O
involved	O
in	O
the	O
development	O
of	O
stone	O
formation	O
in	O
the	O
renal	O
system	O
.	O
MnSOD	O
is	O
one	O
of	O
the	O
primary	O
enzymes	O
that	O
directly	O
scavenges	O
potential	O
harmful	O
oxidizing	O
species	O
.	O
A	O
valine	O
(	O
Val	O
)	O
to	O
alanine	O
(	O
Ala	O
)	O
substitution	O
at	O
amino	O
acid	O
16	O
,	O
occurring	O
in	O
the	O
mitochondrial	O
targeting	O
sequence	O
of	O
the	O
MnSOD	O
gene	O
,	O
has	O
been	O
associated	O
with	O
an	O
increase	O
in	O
urolithiasis	O
risk	O
.	O
This	O
study	O
was	O
conducted	O
to	O
investigate	O
the	O
association	O
of	O
MnSOD	O
gene	O
polymorphism	O
with	O
the	O
risk	O
of	O
urolithiasis	O
.	O
We	O
investigated	O
the	O
MnSOD	O
in	O
66	O
stone	O
-	O
forming	O
adults	O
and	O
72	O
healthy	O
volunteers	O
.	O
DNA	O
was	O
isolated	O
from	O
peripheral	O
blood	O
and	O
genotyping	O
was	O
performed	O
with	O
PCR	O
-	O
based	O
methods	O
.	O
Then	O
PCR	O
products	O
were	O
cut	O
by	O
BsaW1	O
.	O
Products	O
were	O
run	O
on	O
3	O
%	O
agarose	B
gel	O
,	O
246	O
bp	O
regions	O
were	O
1	O
-	O
Ala	O
-	O
9	O
,	O
164	O
and	O
82	O
bp	O
products	O
were	O
determined	O
as	O
2	O
Val	O
-	O
9	O
.	O
Chi	O
-	O
square	O
test	O
was	O
used	O
for	O
comparison	O
between	O
patients	O
and	O
controls	O
.	O
In	O
the	O
control	O
group	O
the	O
homozygote	O
Ala	O
allele	O
was	O
significantly	O
higher	O
than	O
in	O
the	O
patient	O
group	O
(	O
P	O
<	O
0	O
.	O
01	O
)	O
.	O
The	O
distribution	O
of	O
Ala	O
/	O
Val	O
and	O
homozygote	O
Val	O
alleles	O
in	O
the	O
patient	O
group	O
was	O
significantly	O
higher	O
than	O
in	O
the	O
control	O
group	O
(	O
P	O
<	O
0	O
.	O
05	O
)	O
.	O
MnSOD	O
genotype	O
determination	O
may	O
provide	O
a	O
tool	O
to	O
identify	O
individuals	O
who	O
are	O
at	O
risk	O
of	O
urolithiasis	O
.	O
This	O
experiment	O
also	O
provides	O
data	O
about	O
antioxidant	O
status	O
and	O
stone	O
formation	O
.	O

Efficacy	O
of	O
everolimus	B
(	O
RAD001	B
)	O
in	O
patients	O
with	O
advanced	O
NSCLC	O
previously	O
treated	O
with	O
chemotherapy	O
alone	O
or	O
with	O
chemotherapy	O
and	O
EGFR	O
inhibitors	O
.	O

BACKGROUND	O
:	O
Treatment	O
options	O
are	O
scarce	O
in	O
pretreated	O
advanced	O
non	O
-	O
small	O
-	O
cell	O
lung	O
cancer	O
(	O
NSCLC	O
)	O
patients	O
.	O
RAD001	B
,	O
an	O
oral	O
inhibitor	O
of	O
the	O
mammalian	O
target	O
of	O
rapamycin	O
(	O
mTOR	O
)	O
,	O
has	O
shown	O
phase	O
I	O
efficacy	O
in	O
NSCLC	O
.	O
METHODS	O
:	O
Stage	O
IIIb	O
or	O
IV	O
NSCLC	O
patients	O
,	O
with	O
two	O
or	O
fewer	O
prior	O
chemotherapy	O
regimens	O
,	O
one	O
platinum	B
based	O
(	O
stratum	O
1	O
)	O
or	O
both	O
chemotherapy	O
and	O
epidermal	O
growth	O
factor	O
receptor	O
tyrosine	O
kinase	O
inhibitors	O
(	O
stratum	O
2	O
)	O
,	O
received	O
RAD001	B
10	O
mg	O
/	O
day	O
until	O
progression	O
or	O
unacceptable	O
toxicity	O
.	O
Primary	O
objective	O
was	O
overall	O
response	O
rate	O
(	O
ORR	O
)	O
.	O
Analyses	O
of	O
markers	O
associated	O
with	O
the	O
mTOR	O
pathway	O
were	O
carried	O
out	O
on	O
archival	O
tumor	O
from	O
a	O
subgroup	O
using	O
immunohistochemistry	O
(	O
IHC	O
)	O
and	O
direct	O
mutation	O
sequencing	O
.	O
RESULTS	O
:	O
Eighty	O
-	O
five	O
patients	O
were	O
enrolled	O
,	O
42	O
in	O
stratum	O
1	O
and	O
43	O
in	O
stratum	O
.	O
ORR	O
was	O
4	O
.	O
7	O
%	O
(	O
7	O
.	O
1	O
%	O
stratum	O
1	O
;	O
2	O
.	O
3	O
%	O
stratum	O
2	O
)	O
.	O
Overall	O
disease	O
control	O
rate	O
was	O
47	O
.	O
1	O
%	O
.	O
Median	O
progression	O
-	O
free	O
survivals	O
(	O
PFSs	O
)	O
were	O
2	O
.	O
6	O
(	O
stratum	O
1	O
)	O
and	O
2	O
.	O
7	O
months	O
(	O
stratum	O
2	O
)	O
.	O
Common	O
>	O
or	O
=	O
grade	O
3	O
events	O
were	O
fatigue	O
,	O
dyspnea	O
,	O
stomatitis	O
,	O
anemia	O
,	O
and	O
thrombocytopenia	O
.	O
Pneumonitis	O
,	O
probably	O
or	O
possibly	O
related	O
,	O
mainly	O
grade	O
1	O
/	O
2	O
,	O
occurred	O
in	O
25	O
%	O
.	O
Cox	O
regression	O
analysis	O
of	O
IHC	O
scores	O
found	O
that	O
only	O
phospho	O
AKT	O
(	O
pAKT	O
)	O
was	O
a	O
significant	O
independent	O
predictor	O
of	O
worse	O
PFS	O
.	O
CONCLUSIONS	O
:	O
RAD001	B
10	O
mg	O
/	O
day	O
was	O
well	O
tolerated	O
,	O
showing	O
modest	O
clinical	O
activity	O
in	O
pretreated	O
NSCLC	O
.	O
Evaluation	O
of	O
RAD001	B
plus	O
standard	O
therapy	O
for	O
metastatic	O
NSCLC	O
continues	O
.	O

Clopidogrel	B
pharmacogenomics	O
and	O
risk	O
of	O
inadequate	O
platelet	O
inhibition	O
:	O
US	O
FDA	O
recommendations	O
.	O

Antiplatelet	O
therapy	O
with	O
clopidogrel	B
is	O
the	O
current	O
standard	O
of	O
care	O
for	O
coronary	O
artery	O
disease	O
patients	O
undergoing	O
a	O
percutaneous	O
coronary	O
intervention	O
.	O
However	O
,	O
approximately	O
25	O
%	O
of	O
patients	O
experience	O
a	O
subtherapeutic	O
antiplatelet	O
response	O
.	O
Clopidogrel	B
is	O
a	O
prodrug	O
that	O
undergoes	O
hepatic	O
biotransformation	O
by	O
CYP2C19	O
into	O
its	O
active	O
metabolite	O
.	O
Several	O
studies	O
have	O
reported	O
that	O
,	O
compared	O
with	O
wild	O
-	O
type	O
individuals	O
,	O
CYP2C19	O
variant	O
allele	O
carriers	O
exhibit	O
a	O
significantly	O
lower	O
capacity	O
to	O
metabolize	O
clopidogrel	B
into	O
its	O
active	O
metabolite	O
and	O
inhibit	O
platelet	O
activation	O
,	O
and	O
are	O
therefore	O
at	O
significantly	O
higher	O
risk	O
of	O
adverse	O
cardiovascular	O
events	O
.	O
Consequently	O
,	O
the	O
US	O
FDA	O
has	O
recently	O
changed	O
clopidogrel	B
'	O
s	O
prescribing	O
information	O
to	O
highlight	O
the	O
impact	O
of	O
CYP2C19	O
genotype	O
on	O
clopidogrel	B
pharmacokinetics	O
,	O
pharmacodynamics	O
and	O
clinical	O
response	O
.	O
Future	O
studies	O
remain	O
necessary	O
to	O
develop	O
effective	O
personalized	O
therapeutic	O
strategies	O
for	O
CYP2C19	O
variant	O
allele	O
carriers	O
and	O
other	O
individuals	O
at	O
risk	O
for	O
clopidogrel	B
nonresponsiveness	O
.	O

Field	O
potential	O
duration	O
(	O
FPD	O
)	O
in	O
human	O
-	O
induced	O
pluripotent	O
stem	O
cell	O
-	O
derived	O
cardiomyocytes	O
(	O
hiPS	O
-	O
CMs	O
)	O
,	O
which	O
can	O
express	O
QT	O
interval	O
in	O
an	O
electrocardiogram	O
,	O
is	O
reported	O
to	O
be	O
a	O
useful	O
tool	O
to	O
predict	O
K	B
(	I
+	I
)	I
channel	I
and	I
Ca	I
(	I
2	I
+	I
)	I
channel	I
blocker	I
effects	O
on	O
QT	O
interval	O
.	O
However	O
,	O
there	O
is	O
no	O
report	O
showing	O
that	O
this	O
technique	O
can	O
be	O
used	O
to	O
predict	O
multichannel	O
blocker	O
potential	O
for	O
QT	O
prolongation	O
.	O
The	O
aim	O
of	O
this	O
study	O
is	O
to	O
show	O
that	O
FPD	O
from	O
MEA	O
(	O
Multielectrode	O
array	O
)	O
of	O
hiPS	O
-	O
CMs	O
can	O
detect	O
QT	O
prolongation	O
induced	O
by	O
multichannel	O
blockers	O
.	O
hiPS	O
-	O
CMs	O
were	O
seeded	O
onto	O
MEA	O
and	O
FPD	O
was	O
measured	O
for	O
2min	O
every	O
10min	O
for	O
30min	O
after	O
drug	O
exposure	O
for	O
the	O
vehicle	O
and	O
each	O
drug	O
concentration	O
.	O
IKr	O
and	O
IKs	O
blockers	O
concentration	O
-	O
dependently	O
prolonged	O
corrected	O
FPD	O
(	O
FPDc	O
)	O
,	O
whereas	O
Ca	B
(	I
2	I
+	I
)	I
channel	I
blockers	I
concentration	O
-	O
dependently	O
shortened	O
FPDc	O
.	O
Also	O
,	O
the	O
multichannel	O
blockers	O
Amiodarone	B
,	O
Paroxetine	B
,	O
Terfenadine	B
and	O
Citalopram	B
prolonged	O
FPDc	O
in	O
a	O
concentration	O
dependent	O
manner	O
.	O
Finally	O
,	O
the	O
IKr	O
blockers	O
,	O
Terfenadine	B
and	O
Citalopram	B
,	O
which	O
are	O
reported	O
to	O
cause	O
Torsade	O
de	O
Pointes	O
(	O
TdP	O
)	O
in	O
clinical	O
practice	O
,	O
produced	O
early	O
afterdepolarization	O
(	O
EAD	O
)	O
.	O
hiPS	O
-	O
CMs	O
using	O
MEA	O
system	O
and	O
FPDc	O
can	O
predict	O
the	O
effects	O
of	O
drug	O
candidates	O
on	O
QT	O
interval	O
.	O
This	O
study	O
also	O
shows	O
that	O
this	O
assay	O
can	O
help	O
detect	O
EAD	O
for	O
drugs	O
with	O
TdP	O
potential	O
.	O

BACKGROUND	O
:	O
Most	O
hepatocellular	O
carcinomas	O
(	O
HCCs	O
)	O
are	O
diagnosed	O
at	O
an	O
advanced	O
stage	O
.	O
The	O
prognostic	O
value	O
of	O
serum	O
tumour	O
markers	O
alpha	O
-	O
fetoprotein	O
(	O
AFP	O
)	O
and	O
des	O
-	O
gamma	O
-	O
carboxy	O
prothrombin	O
(	O
DCP	O
)	O
is	O
limited	O
.	O
The	O
aim	O
of	O
our	O
study	O
is	O
to	O
evaluate	O
the	O
diagnostic	O
value	O
of	O
serum	O
growth	O
factors	O
,	O
apoptotic	O
and	O
inflammatory	O
mediators	O
of	O
cirrhotic	O
patients	O
with	O
and	O
without	O
HCC	O
.	O
METHODS	O
:	O
Serum	O
samples	O
were	O
collected	O
from	O
cirrhotic	O
potential	O
liver	O
transplant	O
patients	O
(	O
LTx	O
)	O
with	O
(	O
n	O
=	O
61	O
)	O
and	O
without	O
HCC	O
(	O
n	O
=	O
78	O
)	O
as	O
well	O
as	O
from	O
healthy	O
controls	O
(	O
HCs	O
;	O
n	O
=	O
39	O
)	O
.	O
Serum	O
concentrations	O
of	O
CRP	O
,	O
neopterin	B
and	O
IL	O
-	O
6	O
as	O
markers	O
of	O
inflammation	O
and	O
thrombopoietin	O
(	O
TPO	O
)	O
,	O
GCSF	O
,	O
FGF	O
basic	O
and	O
VEGF	O
,	O
HMGB1	O
,	O
CK	O
-	O
18	O
(	O
M65	O
)	O
and	O
CK18	O
fragment	O
(	O
M30	O
)	O
and	O
a	O
panel	O
of	O
proinflammatory	O
chemokines	O
(	O
CCL2	O
,	O
CCL3	O
,	O
CCL4	O
,	O
CCL5	O
,	O
CXCL5	O
and	O
IL	O
-	O
8	O
)	O
were	O
measured	O
.	O
Chi	O
square	O
,	O
Fisher	O
exact	O
,	O
Mann	O
-	O
Whitney	O
U	O
-	O
tests	O
,	O
ROC	O
curve	O
analysis	O
and	O
forward	O
stepwise	O
logistic	O
regression	O
analyses	O
were	O
applied	O
.	O
RESULTS	O
:	O
Patients	O
with	O
HCC	O
had	O
higher	O
serum	O
TPO	O
and	O
chemokines	O
(	O
P	O
<	O
0	O
.	O
001	O
for	O
TPO	O
,	O
CCL4	O
,	O
CCL5	O
and	O
CXCL5	O
)	O
and	O
lower	O
CCL2	O
(	O
P	O
=	O
0	O
.	O
008	O
)	O
levels	O
than	O
cirrhotic	O
patients	O
without	O
HCC	O
.	O
Multivariate	O
forward	O
stepwise	O
regression	O
analysis	O
for	O
significant	O
parameters	O
showed	O
that	O
among	O
the	O
studied	O
parameters	O
CCL4	O
and	O
CCL5	O
(	O
P	O
=	O
0	O
.	O
001	O
)	O
are	O
diagnostic	O
markers	O
of	O
HCC	O
.	O
Serum	O
levels	O
of	O
TPO	O
and	O
chemokines	O
were	O
lower	O
,	O
whereas	O
M30	O
was	O
significantly	O
higher	O
in	O
cirrhotic	O
patients	O
than	O
in	O
HCs	O
.	O
CONCLUSIONS	O
:	O
High	O
serum	O
levels	O
of	O
inflammatory	O
chemokines	O
such	O
as	O
CCL4	O
and	O
CCL5	O
in	O
the	O
serum	O
of	O
cirrhotic	O
patients	O
indicate	O
the	O
presence	O
of	O
HCC	O
.	O

Thiamine	B
is	O
an	O
essential	O
enzyme	O
cofactor	O
required	O
for	O
proper	O
metabolic	O
function	O
and	O
maintenance	O
of	O
metabolism	O
and	O
energy	O
production	O
in	O
the	O
brain	O
.	O
In	O
developed	O
countries	O
,	O
thiamine	O
deficiency	O
(	O
TD	O
)	O
is	O
most	O
often	O
manifested	O
following	O
chronic	O
alcohol	B
consumption	O
leading	O
to	O
impaired	O
mitochondrial	O
function	O
,	O
oxidative	O
stress	O
,	O
inflammation	O
and	O
excitotoxicity	O
.	O
These	O
biochemical	O
lesions	O
result	O
in	O
apoptotic	O
cell	O
death	O
in	O
both	O
neurons	O
and	O
astrocytes	O
.	O
Comparable	O
histological	O
injuries	O
in	O
patients	O
with	O
hypoxia	O
/	O
ischemia	O
and	O
TD	O
have	O
been	O
described	O
in	O
the	O
thalamus	O
and	O
mammillary	O
bodies	O
,	O
suggesting	O
a	O
congruency	O
between	O
the	O
cellular	O
responses	O
to	O
these	O
stresses	O
.	O
Consistent	O
with	O
hypoxia	O
/	O
ischemia	O
,	O
TD	O
stabilizes	O
and	O
activates	O
Hypoxia	O
Inducible	O
Factor	O
-	O
1a	O
(	O
HIF	O
-	O
1a	O
)	O
under	O
physiological	O
oxygen	B
levels	O
.	O
However	O
,	O
the	O
role	O
of	O
TD	O
-	O
induced	O
HIF	O
-	O
1a	O
in	O
neurological	O
injury	O
is	O
currently	O
unknown	O
.	O
Using	O
Western	O
blot	O
analysis	O
and	O
RT	O
-	O
PCR	O
,	O
we	O
have	O
demonstrated	O
that	O
TD	O
induces	O
HIF	O
-	O
1a	O
expression	O
and	O
activity	O
in	O
primary	O
mouse	O
astrocytes	O
.	O
We	O
observed	O
a	O
time	O
-	O
dependent	O
increase	O
in	O
mRNA	O
and	O
protein	O
expression	O
of	O
the	O
pro	O
-	O
apoptotic	O
and	O
pro	O
-	O
inflammatory	O
HIF	O
-	O
1a	O
target	O
genes	O
MCP1	O
,	O
BNIP3	O
,	O
Nix	O
and	O
Noxa	O
during	O
TD	O
.	O
We	O
also	O
observed	O
apoptotic	O
cell	O
death	O
in	O
TD	O
as	O
demonstrated	O
by	O
PI	O
/	O
Annexin	O
V	O
staining	O
,	O
TUNEL	O
assay	O
,	O
and	O
Cell	O
Death	O
ELISA	O
.	O
Pharmacological	O
inhibition	O
of	O
HIF	O
-	O
1a	O
activity	O
using	O
YC1	O
and	O
thiamine	B
repletion	O
both	O
reduced	O
expression	O
of	O
pro	O
-	O
apoptotic	O
HIF	O
-	O
1a	O
target	O
genes	O
and	O
apoptotic	O
cell	O
death	O
in	O
TD	O
.	O
These	O
results	O
demonstrate	O
that	O
induction	O
of	O
HIF	O
-	O
1a	O
mediated	O
transcriptional	O
up	O
-	O
regulation	O
of	O
pro	O
-	O
apoptotic	O
/	O
inflammatory	O
signaling	O
contributes	O
to	O
astrocyte	O
cell	O
death	O
during	O
thiamine	O
deficiency	O
.	O

Recurrent	O
acute	O
interstitial	O
nephritis	O
induced	O
by	O
azithromycin	B
.	O

A	O
14	O
-	O
year	O
-	O
old	O
girl	O
is	O
reported	O
with	O
recurrent	O
,	O
azithromycin	B
-	O
induced	O
,	O
acute	O
interstitial	O
nephritis	O
.	O
The	O
second	O
episode	O
was	O
more	O
severe	O
than	O
the	O
first	O
;	O
and	O
although	O
both	O
were	O
treated	O
with	O
intensive	O
corticosteroid	B
therapy	O
,	O
renal	O
function	O
remained	O
impaired	O
.	O
Although	O
most	O
cases	O
of	O
antibiotic	B
induced	O
acute	O
interstitial	O
nephritis	O
are	O
benign	O
and	O
self	O
-	O
limited	O
,	O
some	O
patients	O
are	O
at	O
risk	O
for	O
permanent	O
renal	O
injury	O
.	O

Urotensin	O
-	O
II	O
(	O
U	O
-	O
II	O
)	O
receptors	O
are	O
widely	O
distributed	O
in	O
the	O
central	O
nervous	O
system	O
.	O
Intracerebroventricular	O
(	O
i	O
.	O
c	O
.	O
v	O
.	O
)	O
injection	O
of	O
U	O
-	O
II	O
causes	O
hypertension	O
and	O
bradycardia	O
and	O
stimulates	O
prolactin	O
and	O
thyrotropin	O
secretion	O
.	O
However	O
,	O
the	O
behavioral	O
effects	O
of	O
centrally	O
administered	O
U	O
-	O
II	O
have	O
received	O
little	O
attention	O
.	O
In	O
the	O
present	O
study	O
,	O
we	O
tested	O
the	O
effects	O
of	O
i	O
.	O
c	O
.	O
v	O
.	O
injections	O
of	O
U	O
-	O
II	O
on	O
behavioral	O
,	O
metabolic	O
,	O
and	O
endocrine	O
responses	O
in	O
mice	O
.	O
Administration	O
of	O
graded	O
doses	O
of	O
U	O
-	O
II	O
(	O
1	O
-	O
10	O
,	O
000	O
ng	O
/	O
mouse	O
)	O
provoked	O
:	O
(	O
1	O
)	O
a	O
dose	O
-	O
dependent	O
reduction	O
in	O
the	O
number	O
of	O
head	O
dips	O
in	O
the	O
hole	O
-	O
board	O
test	O
;	O
(	O
2	O
)	O
a	O
dose	O
-	O
dependent	O
reduction	O
in	O
the	O
number	O
of	O
entries	O
in	O
the	O
white	O
chamber	O
in	O
the	O
black	O
-	O
and	O
-	O
white	O
compartment	O
test	O
,	O
and	O
in	O
the	O
number	O
of	O
entries	O
in	O
the	O
central	O
platform	O
and	O
open	O
arms	O
in	O
the	O
plus	O
-	O
maze	O
test	O
;	O
and	O
(	O
3	O
)	O
a	O
dose	O
-	O
dependent	O
increase	O
in	O
the	O
duration	O
of	O
immobility	O
in	O
the	O
forced	O
-	O
swimming	O
test	O
and	O
tail	O
suspension	O
test	O
.	O
Intracerebroventricular	O
injection	O
of	O
U	O
-	O
II	O
also	O
caused	O
an	O
increase	O
in	O
:	O
food	O
intake	O
at	O
doses	O
of	O
100	O
and	O
1	O
,	O
000	O
ng	O
/	O
mouse	O
,	O
water	O
intake	O
at	O
doses	O
of	O
100	O
-	O
10	O
,	O
000	O
ng	O
/	O
mouse	O
,	O
and	O
horizontal	O
locomotion	O
activity	O
at	O
a	O
dose	O
of	O
10	O
,	O
000	O
ng	O
/	O
mouse	O
.	O
Whatever	O
was	O
the	O
dose	O
,	O
the	O
central	O
administration	O
of	O
U	O
-	O
II	O
had	O
no	O
effect	O
on	O
body	O
temperature	O
,	O
nociception	O
,	O
apomorphine	B
-	O
induced	O
penile	O
erection	O
and	O
climbing	O
behavior	O
,	O
and	O
stress	O
-	O
induced	O
plasma	O
corticosterone	B
level	O
.	O
Taken	O
together	O
,	O
the	O
present	O
study	O
demonstrates	O
that	O
the	O
central	O
injection	O
of	O
U	O
-	O
II	O
at	O
doses	O
of	O
1	O
-	O
10	O
,	O
000	O
ng	O
/	O
mouse	O
induces	O
anxiogenic	O
-	O
and	O
depressant	O
-	O
like	O
effects	O
in	O
mouse	O
.	O
These	O
data	O
suggest	O
that	O
U	O
-	O
II	O
may	O
be	O
involved	O
in	O
some	O
aspects	O
of	O
psychiatric	O
disorders	O
.	O

PURPOSE	O
:	O
Nitric	B
oxide	I
has	O
many	O
beneficial	O
functions	O
in	O
the	O
human	O
body	O
at	O
the	O
right	O
amounts	O
,	O
but	O
it	O
can	O
also	O
be	O
hazardous	O
if	O
it	O
is	O
produced	O
in	O
amounts	O
more	O
than	O
needed	O
and	O
has	O
therefore	O
been	O
studied	O
in	O
relation	O
to	O
several	O
neurological	O
and	O
non	O
-	O
neurological	O
disorders	O
.	O
In	O
vitro	O
and	O
in	O
vivo	O
studies	O
demonstrate	O
a	O
connection	O
between	O
the	O
inducible	O
form	O
of	O
Nitric	O
Oxide	O
Synthase	O
,	O
iNOS	O
,	O
and	O
the	O
neuropathological	O
disorder	O
glaucoma	O
,	O
one	O
of	O
the	O
major	O
causes	O
of	O
blindness	O
in	O
the	O
world	O
.	O
In	O
this	O
study	O
,	O
we	O
sought	O
to	O
establish	O
the	O
genetic	O
association	O
between	O
iNOS	O
and	O
primary	O
open	O
angle	O
glaucoma	O
,	O
POAG	O
,	O
and	O
to	O
find	O
the	O
functional	O
element	O
(	O
s	O
)	O
connected	O
with	O
the	O
pathogenesis	O
of	O
the	O
disease	O
.	O
METHODS	O
:	O
Two	O
microsatellites	O
,	O
1	O
insertion	O
/	O
deletion	O
,	O
and	O
8	O
single	O
nucleotide	O
polymorphisms	O
(	O
SNPs	O
)	O
in	O
the	O
regulatory	O
region	O
of	O
iNOS	O
were	O
genotyped	O
in	O
200	O
POAG	O
patients	O
and	O
200	O
age	O
-	O
matched	O
controls	O
.	O
Also	O
,	O
the	O
CCTTT	O
-	O
microsatellite	O
was	O
examined	O
for	O
its	O
protein	O
-	O
binding	O
capability	O
in	O
an	O
electrophoretic	O
mobility	O
shift	O
assay	O
,	O
EMSA	O
.	O
RESULTS	O
:	O
There	O
was	O
a	O
significant	O
difference	O
in	O
allele	O
distribution	O
of	O
the	O
CCTTT	O
-	O
microsatellite	O
,	O
between	O
patients	O
and	O
controls	O
.	O
(	O
CCTTT	O
)	O
14	O
,	O
which	O
has	O
been	O
reported	O
to	O
have	O
a	O
higher	O
activity	O
in	O
a	O
reporter	O
-	O
construct	O
,	O
was	O
significantly	O
more	O
abundant	O
in	O
POAG	O
patients	O
,	O
while	O
(	O
CCTTT	O
)	O
10	O
and	O
(	O
CCTTT	O
)	O
13	O
were	O
less	O
common	O
.	O
In	O
EMSA	O
,	O
the	O
(	O
CCTTT	O
)	O
14	O
allele	O
exhibited	O
specific	O
binding	O
of	O
nuclear	O
proteins	O
.	O
CONCLUSIONS	O
:	O
These	O
results	O
,	O
together	O
with	O
other	O
studies	O
on	O
this	O
gene	O
and	O
the	O
CCTTT	O
-	O
microsatellite	O
,	O
establish	O
,	O
for	O
the	O
first	O
time	O
,	O
a	O
genetic	O
association	O
of	O
iNOS	O
with	O
POAG	O
and	O
suggest	O
a	O
regulatory	O
function	O
for	O
the	O
microsatellite	O
.	O

A	O
homozygous	O
deletion	O
of	O
the	O
DOCK8	O
(	O
dedicator	O
of	O
cytokinesis	O
8	O
)	O
locus	O
at	O
chromosome	O
9p24	O
was	O
found	O
in	O
a	O
lung	O
cancer	O
cell	O
line	O
by	O
array	O
-	O
CGH	O
analysis	O
.	O
Cloning	O
of	O
the	O
full	O
-	O
length	O
DOCK8	O
cDNA	O
led	O
us	O
to	O
define	O
that	O
the	O
DOCK8	O
gene	O
encodes	O
a	O
protein	O
consisting	O
of	O
2	O
,	O
099	O
amino	O
acids	O
.	O
DOCK8	O
was	O
expressed	O
in	O
a	O
variety	O
of	O
human	O
organs	O
,	O
including	O
the	O
lungs	O
,	O
and	O
was	O
also	O
expressed	O
in	O
type	O
II	O
alveolar	O
,	O
bronchiolar	O
epithelial	O
and	O
bronchial	O
epithelial	O
cells	O
,	O
which	O
are	O
considered	O
as	O
being	O
progenitors	O
for	O
lung	O
cancer	O
cells	O
.	O
DOCK8	O
expression	O
was	O
reduced	O
in	O
62	O
/	O
71	O
(	O
87	O
%	O
)	O
primary	O
lung	O
cancers	O
compared	O
with	O
normal	O
lung	O
tissue	O
,	O
and	O
the	O
reduction	O
occurred	O
irrespective	O
of	O
the	O
histological	O
type	O
of	O
lung	O
cancer	O
.	O
5	B
-	I
Aza	I
-	I
2	I
'	I
-	I
deoxy	I
-	I
cytidine	I
and	O
/	O
or	O
Trichostatin	B
A	I
treatments	O
induced	O
DOCK8	O
expression	O
in	O
lung	O
cancer	O
cell	O
lines	O
with	O
reduced	O
DOCK8	O
expression	O
.	O
Therefore	O
,	O
epigenetic	O
mechanisms	O
,	O
including	O
DNA	O
methylation	O
and	O
histone	O
deacetylation	O
,	O
were	O
indicated	O
to	O
be	O
involved	O
in	O
DOCK8	O
down	O
-	O
regulation	O
in	O
lung	O
cancer	O
cells	O
.	O
Further	O
screening	O
revealed	O
homozygous	O
deletions	O
of	O
the	O
DOCK8	O
gene	O
in	O
a	O
gastric	O
and	O
a	O
breast	O
cancer	O
cell	O
line	O
.	O
DOCK	O
family	O
proteins	O
have	O
been	O
shown	O
to	O
play	O
roles	O
in	O
regulation	O
of	O
migration	O
,	O
morphology	O
,	O
adhesion	O
and	O
growth	O
of	O
cells	O
.	O
Thus	O
,	O
the	O
present	O
results	O
suggest	O
that	O
genetic	O
and	O
epigenetic	O
inactivation	O
of	O
DOCK8	O
is	O
involved	O
in	O
the	O
development	O
and	O
/	O
or	O
progression	O
of	O
lung	O
and	O
other	O
cancers	O
by	O
disturbing	O
such	O
regulations	O
.	O

Analysis	O
of	O
a	O
nuclear	O
family	O
with	O
three	O
affected	O
offspring	O
identified	O
an	O
autosomal	O
-	O
recessive	O
form	O
of	O
spondyloepimetaphyseal	O
dysplasia	O
characterized	O
by	O
severe	O
short	O
stature	O
and	O
a	O
unique	O
constellation	O
of	O
radiographic	O
findings	O
.	O
Homozygosity	O
for	O
a	O
haplotype	O
that	O
was	O
identical	O
by	O
descent	O
between	O
two	O
of	O
the	O
affected	O
individuals	O
identified	O
a	O
locus	O
for	O
the	O
disease	O
gene	O
within	O
a	O
17	O
.	O
4	O
Mb	O
interval	O
on	O
chromosome	O
15	O
,	O
a	O
region	O
containing	O
296	O
genes	O
.	O
These	O
genes	O
were	O
assessed	O
and	O
ranked	O
by	O
cartilage	O
selectivity	O
with	O
whole	O
-	O
genome	O
microarray	O
data	O
,	O
revealing	O
only	O
two	O
genes	O
,	O
encoding	O
aggrecan	O
and	O
chondroitin	O
sulfate	O
proteoglycan	O
4	O
,	O
that	O
were	O
selectively	O
expressed	O
in	O
cartilage	O
.	O
Sequence	O
analysis	O
of	O
aggrecan	O
complementary	O
DNA	O
from	O
an	O
affected	O
individual	O
revealed	O
homozygosity	O
for	O
a	O
missense	O
mutation	O
(	O
c	O
.	O
6799G	O
-	O
-	O
>	O
A	O
)	O
that	O
predicts	O
a	O
p	O
.	O
D2267N	O
amino	O
acid	O
substitution	O
in	O
the	O
C	O
-	O
type	O
lectin	O
domain	O
within	O
the	O
G3	O
domain	O
of	O
aggrecan	O
.	O
The	O
D2267	O
residue	O
is	O
predicted	O
to	O
coordinate	O
binding	O
of	O
a	O
calcium	B
ion	O
,	O
which	O
influences	O
the	O
conformational	O
binding	O
loops	O
of	O
the	O
C	O
-	O
type	O
lectin	O
domain	O
that	O
mediate	O
interactions	O
with	O
tenascins	O
and	O
other	O
extracellular	O
-	O
matrix	O
proteins	O
.	O
Expression	O
of	O
the	O
normal	O
and	O
mutant	O
G3	O
domains	O
in	O
mammalian	O
cells	O
showed	O
that	O
the	O
mutation	O
created	O
a	O
functional	O
N	O
-	O
glycosylation	O
site	O
but	O
did	O
not	O
adversely	O
affect	O
protein	O
trafficking	O
and	O
secretion	O
.	O
Surface	O
-	O
plasmon	O
-	O
resonance	O
studies	O
showed	O
that	O
the	O
mutation	O
influenced	O
the	O
binding	O
and	O
kinetics	O
of	O
the	O
interactions	O
between	O
the	O
aggrecan	O
G3	O
domain	O
and	O
tenascin	O
-	O
C	O
.	O
These	O
findings	O
identify	O
an	O
autosomal	O
-	O
recessive	O
skeletal	O
dysplasia	O
and	O
a	O
significant	O
role	O
for	O
the	O
aggrecan	O
C	O
-	O
type	O
lectin	O
domain	O
in	O
regulating	O
endochondral	O
ossification	O
and	O
,	O
thereby	O
,	O
height	O
.	O

Matriptase	O
-	O
2	O
mutations	O
in	O
iron	B
-	O
refractory	O
iron	O
deficiency	O
anemia	O
patients	O
provide	O
new	O
insights	O
into	O
protease	O
activation	O
mechanisms	O
.	O

Smoking	O
of	O
crack	B
cocaine	I
as	O
a	O
risk	O
factor	O
for	O
HIV	O
infection	O
among	O
people	O
who	O
use	O
injection	O
drugs	O
.	O

BACKGROUND	O
:	O
Little	O
is	O
known	O
about	O
the	O
possible	O
role	O
that	O
smoking	O
crack	B
cocaine	I
has	O
on	O
the	O
incidence	O
of	O
HIV	O
infection	O
.	O
Given	O
the	O
increasing	O
use	O
of	O
crack	B
cocaine	I
,	O
we	O
sought	O
to	O
examine	O
whether	O
use	O
of	O
this	O
illicit	O
drug	O
has	O
become	O
a	O
risk	O
factor	O
for	O
HIV	O
infection	O
.	O
METHODS	O
:	O
We	O
included	O
data	O
from	O
people	O
participating	O
in	O
the	O
Vancouver	O
Injection	O
Drug	O
Users	O
Study	O
who	O
reported	O
injecting	O
illicit	O
drugs	O
at	O
least	O
once	O
in	O
the	O
month	O
before	O
enrolment	O
,	O
lived	O
in	O
the	O
greater	O
Vancouver	O
area	O
,	O
were	O
HIV	O
-	O
negative	O
at	O
enrolment	O
and	O
completed	O
at	O
least	O
1	O
follow	O
-	O
up	O
study	O
visit	O
.	O
To	O
determine	O
whether	O
the	O
risk	O
of	O
HIV	O
seroconversion	O
among	O
daily	O
smokers	O
of	O
crack	B
cocaine	I
changed	O
over	O
time	O
,	O
we	O
used	O
Cox	O
proportional	O
hazards	O
regression	O
and	O
divided	O
the	O
study	O
into	O
3	O
periods	O
:	O
May	O
1	O
,	O
1996	O
-	O
Nov	O
.	O
30	O
,	O
1999	O
(	O
period	O
1	O
)	O
,	O
Dec	O
.	O
1	O
,	O
1999	O
-	O
Nov	O
.	O
30	O
,	O
2002	O
(	O
period	O
2	O
)	O
,	O
and	O
Dec	O
.	O
1	O
,	O
2002	O
-	O
Dec	O
.	O
30	O
,	O
2005	O
(	O
period	O
3	O
)	O
.	O
RESULTS	O
:	O
Overall	O
,	O
1048	O
eligible	O
injection	O
drug	O
users	O
were	O
included	O
in	O
our	O
study	O
.	O
Of	O
these	O
,	O
137	O
acquired	O
HIV	O
infection	O
during	O
follow	O
-	O
up	O
.	O
The	O
mean	O
proportion	O
of	O
participants	O
who	O
reported	O
daily	O
smoking	O
of	O
crack	B
cocaine	I
increased	O
from	O
11	O
.	O
6	O
%	O
in	O
period	O
1	O
to	O
39	O
.	O
7	O
%	O
in	O
period	O
3	O
.	O
After	O
adjusting	O
for	O
potential	O
confounders	O
,	O
we	O
found	O
that	O
the	O
risk	O
of	O
HIV	O
seroconversion	O
among	O
participants	O
who	O
were	O
daily	O
smokers	O
of	O
crack	B
cocaine	I
increased	O
over	O
time	O
(	O
period	O
1	O
:	O
hazard	O
ratio	O
[	O
HR	O
]	O
1	O
.	O
03	O
,	O
95	O
%	O
confidence	O
interval	O
[	O
CI	O
]	O
0	O
.	O
57	O
-	O
1	O
.	O
85	O
;	O
period	O
2	O
:	O
HR	O
1	O
.	O
68	O
,	O
95	O
%	O
CI	O
1	O
.	O
01	O
-	O
2	O
.	O
80	O
;	O
and	O
period	O
3	O
:	O
HR	O
2	O
.	O
74	O
,	O
95	O
%	O
CI	O
1	O
.	O
06	O
-	O
7	O
.	O
11	O
)	O
.	O
INTERPRETATION	O
:	O
Smoking	O
of	O
crack	B
cocaine	I
was	O
found	O
to	O
be	O
an	O
independent	O
risk	O
factor	O
for	O
HIV	O
seroconversion	O
among	O
people	O
who	O
were	O
injection	O
drug	O
users	O
.	O
This	O
finding	O
points	O
to	O
the	O
urgent	O
need	O
for	O
evidence	O
-	O
based	O
public	O
health	O
initiatives	O
targeted	O
at	O
people	O
who	O
smoke	O
crack	B
cocaine	I
.	O

BACKGROUND	O
:	O
We	O
have	O
established	O
that	O
activation	O
of	O
the	O
tryptophan	B
degrading	O
enzyme	O
indoleamine	O
2	O
,	O
3	O
dioxygenase	O
(	O
IDO	O
)	O
mediates	O
the	O
switch	O
from	O
cytokine	O
-	O
induced	O
sickness	O
behavior	O
to	O
depressive	O
-	O
like	O
behavior	O
.	O
Because	O
human	O
immunodeficiency	O
virus	O
type	O
1	O
(	O
HIV	O
-	O
1	O
)	O
Tat	O
protein	O
causes	O
depressive	O
-	O
like	O
behavior	O
in	O
mice	O
,	O
we	O
investigated	O
its	O
ability	O
to	O
activate	O
IDO	O
in	O
organotypic	O
hippocampal	O
slice	O
cultures	O
(	O
OHSCs	O
)	O
derived	O
from	O
neonatal	O
C57BL	O
/	O
6	O
mice	O
.	O
METHODS	O
:	O
Depressive	O
-	O
like	O
behavior	O
in	O
C57BL	O
/	O
6J	O
mice	O
was	O
assessed	O
by	O
the	O
forced	O
swim	O
test	O
.	O
Expression	O
of	O
cytokines	O
and	O
IDO	O
mRNA	O
in	O
OHSCs	O
was	O
measured	O
by	O
real	O
-	O
time	O
RT	O
-	O
PCR	O
and	O
cytokine	O
protein	O
was	O
measured	O
by	O
enzyme	O
-	O
linked	O
immunosorbent	O
assays	O
(	O
ELISAs	O
)	O
.	O
p38	O
MAPK	O
phosphorylation	O
was	O
analyzed	O
by	O
western	O
blot	O
.	O
RESULTS	O
:	O
Intracerebroventricular	O
(	O
i	O
.	O
c	O
.	O
v	O
.	O
)	O
administration	O
of	O
Tat	O
(	O
40	O
ng	O
)	O
induced	O
depressive	O
-	O
like	O
behavior	O
in	O
the	O
absence	O
of	O
sickness	O
.	O
Addition	O
of	O
Tat	O
(	O
40	O
ng	O
/	O
slice	O
)	O
to	O
the	O
medium	O
of	O
OHSCs	O
induced	O
IDO	O
steady	O
-	O
state	O
mRNA	O
that	O
peaked	O
at	O
6	O
h	O
.	O
This	O
effect	O
was	O
potentiated	O
by	O
pretreatment	O
with	O
IFNg	O
.	O
Tat	O
also	O
induced	O
the	O
synthesis	O
and	O
release	O
of	O
TNFa	O
and	O
IL	O
-	O
6	O
protein	O
in	O
the	O
supernatant	O
of	O
the	O
slices	O
and	O
increased	O
expression	O
of	O
the	O
inducible	O
isoform	O
of	O
nitric	O
oxide	O
synthase	O
(	O
iNOS	O
)	O
and	O
the	O
serotonin	O
transporter	O
(	O
SERT	O
)	O
.	O
Tat	O
had	O
no	O
effect	O
on	O
endogenous	O
synthesis	O
of	O
IFNg	O
.	O
To	O
explore	O
the	O
mechanisms	O
of	O
Tat	O
-	O
induced	O
IDO	O
expression	O
,	O
slices	O
were	O
pretreated	O
with	O
the	O
p38	O
mitogen	O
-	O
activated	O
protein	O
kinase	O
(	O
MAPK	O
)	O
inhibitor	O
SB	B
202190	I
for	O
30	O
min	O
before	O
Tat	O
treatment	O
.	O
SB	B
202190	I
significantly	O
decreased	O
IDO	O
expression	O
induced	O
by	O
Tat	O
,	O
and	O
this	O
effect	O
was	O
accompanied	O
by	O
a	O
reduction	O
of	O
Tat	O
-	O
induced	O
expression	O
of	O
TNFa	O
,	O
IL	O
-	O
6	O
,	O
iNOS	O
and	O
SERT	O
.	O
CONCLUSION	O
:	O
These	O
data	O
establish	O
that	O
Tat	O
induces	O
IDO	O
expression	O
via	O
an	O
IFNg	O
-	O
independent	O
mechanism	O
that	O
depends	O
upon	O
activation	O
of	O
p38	O
MAPK	O
.	O
Targeting	O
IDO	O
itself	O
or	O
the	O
p38	O
MAPK	O
signaling	O
pathway	O
could	O
provide	O
a	O
novel	O
therapy	O
for	O
comorbid	O
depressive	O
disorders	O
in	O
HIV	O
-	O
1	O
-	O
infected	O
patients	O
.	O

Gastrointestinal	B
hormones	I
/	O
neurotransmitters	B
and	O
growth	O
factors	O
can	O
activate	O
P21	O
activated	O
kinase	O
2	O
in	O
pancreatic	O
acinar	O
cells	O
by	O
novel	O
mechanisms	O
.	O

P	O
-	O
21	O
-	O
activated	O
kinases	O
(	O
PAKs	O
)	O
are	O
serine	O
/	O
threonine	O
kinases	O
comprising	O
six	O
isoforms	O
divided	O
in	O
two	O
groups	O
,	O
group	O
-	O
I	O
(	O
PAK1	O
-	O
3	O
)	O
/	O
group	O
-	O
II	O
(	O
PAK4	O
-	O
6	O
)	O
which	O
play	O
important	O
roles	O
in	O
cell	O
cytoskeletal	O
dynamics	O
,	O
survival	O
,	O
secretion	O
and	O
proliferation	O
and	O
are	O
activated	O
by	O
diverse	O
stimuli	O
.	O
However	O
,	O
little	O
is	O
known	O
about	O
PAKs	O
ability	O
to	O
be	O
activated	O
by	O
gastrointestinal	B
(	I
GI	I
)	I
hormones	I
/	O
neurotransmitters	B
/	O
growth	O
-	O
factors	O
.	O
We	O
used	O
rat	O
pancreatic	O
acini	O
to	O
explore	O
the	O
ability	O
of	O
GI	B
-	I
hormones	I
/	O
neurotransmitters	B
/	O
growth	O
-	O
factors	O
to	O
activate	O
Group	O
-	O
I	O
-	O
PAKs	O
and	O
the	O
signaling	O
cascades	O
involved	O
.	O
Only	O
PAK2	O
was	O
present	O
in	O
acini	O
.	O
PAK2	O
was	O
activated	O
by	O
some	O
pancreatic	O
growth	O
-	O
factors	O
[	O
EGF	O
,	O
PDGF	O
,	O
bFGF	O
]	O
,	O
by	O
secretagogues	O
activating	O
phospholipase	O
-	O
C	O
(	O
PLC	O
)	O
[	O
CCK	O
,	O
carbachol	B
,	O
bombesin	B
]	O
and	O
by	O
post	O
-	O
receptor	O
stimulants	O
activating	O
PKC	O
[	O
TPA	B
]	O
,	O
but	O
not	O
agents	O
only	O
mobilizing	O
cellular	O
calcium	B
or	O
increasing	O
cyclic	B
AMP	I
.	O
CCK	O
-	O
activation	O
of	O
PAK2	O
required	O
both	O
high	O
-	O
and	O
low	O
-	O
affinity	O
-	O
CCK1	O
-	O
receptor	O
-	O
state	O
activation	O
.	O
It	O
was	O
partially	O
reduced	O
by	O
PKC	O
-	O
or	O
Src	O
-	O
inhibition	O
,	O
but	O
not	O
with	O
PI3K	O
-	O
inhibitors	O
(	O
wortmannin	B
,	O
LY294002	B
)	O
or	O
thapsigargin	B
.	O
IPA	B
-	I
3	I
,	O
which	O
prevents	O
PAK2	O
binding	O
to	O
small	O
-	O
GTPases	O
partially	O
inhibited	O
PAK2	O
-	O
activation	O
,	O
as	O
well	O
as	O
reduced	O
CCK	O
-	O
induced	O
ERK1	O
/	O
2	O
activation	O
and	O
amylase	O
release	O
induced	O
by	O
CCK	O
or	O
bombesin	B
.	O
This	O
study	O
demonstrates	O
pancreatic	O
acini	O
,	O
possess	O
only	O
one	O
Group	O
-	O
I	O
-	O
PAK	O
,	O
PAK2	O
.	O
CCK	O
and	O
other	O
GI	B
-	I
hormones	I
/	O
neurotransmitters	B
/	O
growth	O
-	O
factors	O
activate	O
PAK2	O
via	O
small	O
GTPases	O
(	O
CDC42	O
/	O
Rac1	O
)	O
,	O
PKC	O
and	O
SFK	O
but	O
not	O
cytosolic	O
calcium	B
or	O
PI3K	O
.	O
CCK	O
-	O
activation	O
of	O
PAK2	O
showed	O
several	O
novel	O
features	O
being	O
dependent	O
on	O
both	O
receptor	O
-	O
activation	O
states	O
,	O
having	O
PLC	O
-	O
and	O
PKC	O
-	O
dependent	O
/	O
independent	O
components	O
and	O
small	O
-	O
GTPase	O
-	O
dependent	O
/	O
independent	O
components	O
.	O
These	O
results	O
show	O
that	O
PAK2	O
is	O
important	O
in	O
signaling	O
cascades	O
activated	O
by	O
numerous	O
pancreatic	O
stimuli	O
which	O
mediate	O
their	O
various	O
physiological	O
/	O
pathophysiological	O
responses	O
and	O
thus	O
could	O
be	O
a	O
promising	O
target	O
for	O
the	O
development	O
of	O
therapies	O
in	O
some	O
pancreatic	O
disorders	O
such	O
as	O
pancreatitis	O
.	O

Primary	O
cilia	O
are	O
specialised	O
sensory	O
and	O
developmental	O
signalling	O
devices	O
extending	O
from	O
the	O
surface	O
of	O
most	O
eukaryotic	O
cells	O
.	O
Defects	O
in	O
these	O
organelles	O
cause	O
inherited	O
human	O
disorders	O
(	O
ciliopathies	O
)	O
such	O
as	O
retinitis	O
pigmentosa	O
and	O
Bardet	O
-	O
Biedl	O
syndrome	O
(	O
BBS	O
)	O
,	O
frequently	O
affecting	O
many	O
physiological	O
and	O
developmental	O
processes	O
across	O
multiple	O
organs	O
.	O
Cilium	O
formation	O
,	O
maintenance	O
and	O
function	O
depend	O
on	O
intracellular	O
transport	O
systems	O
such	O
as	O
intraflagellar	O
transport	O
(	O
IFT	O
)	O
,	O
which	O
is	O
driven	O
by	O
kinesin	O
-	O
2	O
and	O
IFT	O
-	O
dynein	O
motors	O
and	O
regulated	O
by	O
the	O
Bardet	O
-	O
Biedl	O
syndrome	O
(	O
BBS	O
)	O
cargo	O
-	O
adaptor	O
protein	O
complex	O
,	O
or	O
BBSome	O
.	O
To	O
identify	O
new	O
cilium	O
-	O
associated	O
genes	O
,	O
we	O
employed	O
the	O
nematode	O
C	O
.	O
elegans	O
,	O
where	O
ciliogenesis	O
occurs	O
within	O
a	O
short	O
timespan	O
during	O
late	O
embryogenesis	O
when	O
most	O
sensory	O
neurons	O
differentiate	O
.	O
Using	O
whole	O
-	O
organism	O
RNA	O
-	O
Seq	O
libraries	O
,	O
we	O
discovered	O
a	O
signature	O
expression	O
profile	O
highly	O
enriched	O
for	O
transcripts	O
of	O
known	O
ciliary	O
proteins	O
,	O
including	O
FAM	O
-	O
161	O
(	O
FAM161A	O
orthologue	O
)	O
,	O
CCDC	O
-	O
104	O
(	O
CCDC104	O
)	O
,	O
and	O
RPI	O
-	O
1	O
(	O
RP1	O
/	O
RP1L1	O
)	O
,	O
which	O
we	O
confirm	O
are	O
cilium	O
-	O
localised	O
in	O
worms	O
.	O
From	O
a	O
list	O
of	O
185	O
candidate	O
ciliary	O
genes	O
,	O
we	O
uncover	O
orthologues	O
of	O
human	O
MAP9	O
,	O
YAP	O
,	O
CCDC149	O
,	O
and	O
RAB28	O
as	O
conserved	O
cilium	O
-	O
associated	O
components	O
.	O
Further	O
analyses	O
of	O
C	O
.	O
elegans	O
RAB	O
-	O
28	O
,	O
recently	O
associated	O
with	O
autosomal	O
-	O
recessive	O
cone	O
-	O
rod	O
dystrophy	O
,	O
reveal	O
that	O
this	O
small	O
GTPase	O
is	O
exclusively	O
expressed	O
in	O
ciliated	O
neurons	O
where	O
it	O
dynamically	O
associates	O
with	O
IFT	O
trains	O
.	O
Whereas	O
inactive	O
GDP	B
-	O
bound	O
RAB	O
-	O
28	O
displays	O
no	O
IFT	O
movement	O
and	O
diffuse	O
localisation	O
,	O
GTP	B
-	O
bound	O
(	O
activated	O
)	O
RAB	O
-	O
28	O
concentrates	O
at	O
the	O
periciliary	O
membrane	O
in	O
a	O
BBSome	O
-	O
dependent	O
manner	O
and	O
undergoes	O
bidirectional	O
IFT	O
.	O
Functional	O
analyses	O
reveal	O
that	O
whilst	O
cilium	O
structure	O
,	O
sensory	O
function	O
and	O
IFT	O
are	O
seemingly	O
normal	O
in	O
a	O
rab	O
-	O
28	O
null	O
allele	O
,	O
overexpression	O
of	O
predicted	O
GDP	B
or	O
GTP	B
locked	O
variants	O
of	O
RAB	O
-	O
28	O
perturbs	O
cilium	O
and	O
sensory	O
pore	O
morphogenesis	O
and	O
function	O
.	O
Collectively	O
,	O
our	O
findings	O
present	O
a	O
new	O
approach	O
for	O
identifying	O
ciliary	O
proteins	O
,	O
and	O
unveil	O
RAB28	O
,	O
a	O
GTPase	O
most	O
closely	O
related	O
to	O
the	O
BBS	O
protein	O
RABL4	O
/	O
IFT27	O
,	O
as	O
an	O
IFT	O
-	O
associated	O
cargo	O
with	O
BBSome	O
-	O
dependent	O
cell	O
autonomous	O
and	O
non	O
-	O
autonomous	O
functions	O
at	O
the	O
ciliary	O
base	O
.	O

The	O
endosomal	O
sorting	O
complex	O
required	O
for	O
transport	O
(	O
ESCRT	O
)	O
-	O
III	O
mediates	O
membrane	O
fission	O
in	O
fundamental	O
cellular	O
processes	O
,	O
including	O
cytokinesis	O
.	O
ESCRT	O
-	O
III	O
is	O
thought	O
to	O
form	O
persistent	O
filaments	O
that	O
over	O
time	O
increase	O
their	O
curvature	O
to	O
constrict	O
membranes	O
.	O
Unexpectedly	O
,	O
we	O
found	O
that	O
ESCRT	O
-	O
III	O
at	O
the	O
midbody	O
of	O
human	O
cells	O
rapidly	O
turns	O
over	O
subunits	O
with	O
cytoplasmic	O
pools	O
while	O
gradually	O
forming	O
larger	O
assemblies	O
.	O
ESCRT	O
-	O
III	O
turnover	O
depended	O
on	O
the	O
ATPase	O
VPS4	O
,	O
which	O
accumulated	O
at	O
the	O
midbody	O
simultaneously	O
with	O
ESCRT	O
-	O
III	O
subunits	O
,	O
and	O
was	O
required	O
for	O
assembly	O
of	O
functional	O
ESCRT	O
-	O
III	O
structures	O
.	O
In	O
vitro	O
,	O
the	O
Vps2	O
/	O
Vps24	O
subunits	O
of	O
ESCRT	O
-	O
III	O
formed	O
side	O
-	O
by	O
-	O
side	O
filaments	O
with	O
Snf7	O
and	O
inhibited	O
further	O
polymerization	O
,	O
but	O
the	O
growth	O
inhibition	O
was	O
alleviated	O
by	O
the	O
addition	O
of	O
Vps4	O
and	O
ATP	B
.	O
High	O
-	O
speed	O
atomic	O
force	O
microscopy	O
further	O
revealed	O
highly	O
dynamic	O
arrays	O
of	O
growing	O
and	O
shrinking	O
ESCRT	O
-	O
III	O
spirals	O
in	O
the	O
presence	O
of	O
Vps4	O
.	O
Continuous	O
ESCRT	O
-	O
III	O
remodelling	O
by	O
subunit	O
turnover	O
might	O
facilitate	O
shape	O
adaptions	O
to	O
variable	O
membrane	O
geometries	O
,	O
with	O
broad	O
implications	O
for	O
diverse	O
cellular	O
processes	O
.	O

The	O
effects	O
of	O
short	O
-	O
term	O
raloxifene	B
therapy	O
on	O
fibrinolysis	O
markers	O
:	O
TAFI	O
,	O
tPA	O
,	O
and	O
PAI	O
-	O
1	O
.	O

BACKGROUND	O
:	O
Markers	O
of	O
fibrinolysis	O
,	O
thrombin	O
-	O
activatable	O
fibrinolysis	O
inhibitor	O
(	O
TAFI	O
)	O
,	O
tissue	O
-	O
type	O
plasminogen	O
activator	O
(	O
tPA	O
)	O
,	O
and	O
plasminogen	O
activator	O
inhibitor	O
-	O
1	O
(	O
PAI	O
-	O
1	O
)	O
levels	O
were	O
studied	O
for	O
the	O
evaluation	O
of	O
short	O
-	O
term	O
effects	O
of	O
raloxifene	B
administration	O
in	O
postmenopausal	O
women	O
.	O
METHODS	O
:	O
Thirty	O
-	O
nine	O
postmenopausal	O
women	O
with	O
osteopenia	O
or	O
osteoporosis	O
were	O
included	O
in	O
this	O
prospective	O
,	O
controlled	O
clinical	O
study	O
.	O
Twenty	O
-	O
five	O
women	O
were	O
given	O
raloxifene	B
hydrochloride	I
(	O
60	O
mg	O
/	O
day	O
)	O
plus	O
calcium	B
(	O
500	O
mg	O
/	O
day	O
)	O
.	O
Age	O
-	O
matched	O
controls	O
(	O
n	O
=	O
14	O
)	O
were	O
given	O
only	O
calcium	B
.	O
Plasma	O
TAFI	O
,	O
tPA	O
,	O
and	O
PAI	O
-	O
1	O
antigen	O
levels	O
were	O
measured	O
at	O
baseline	O
and	O
after	O
3	O
months	O
of	O
treatment	O
by	O
commercially	O
available	O
ELISA	O
kits	O
.	O
Variations	O
of	O
individuals	O
were	O
assessed	O
by	O
Wilcoxon	O
'	O
s	O
test	O
.	O
Relationship	O
between	O
those	O
markers	O
and	O
demographic	O
characteristics	O
were	O
investigated	O
.	O
RESULTS	O
:	O
Three	O
months	O
of	O
raloxifene	B
treatment	O
was	O
associated	O
with	O
a	O
significant	O
decrease	O
in	O
the	O
plasma	O
TAFI	O
antigen	O
concentrations	O
(	O
16	O
%	O
change	O
,	O
P	O
<	O
0	O
.	O
01	O
)	O
,	O
and	O
a	O
significant	O
increase	O
in	O
tPA	O
antigen	O
concentrations	O
(	O
25	O
%	O
change	O
,	O
P	O
<	O
0	O
.	O
05	O
)	O
.	O
A	O
significant	O
correlation	O
was	O
found	O
between	O
baseline	O
TAFI	O
antigen	O
concentrations	O
and	O
the	O
duration	O
of	O
amenorrhea	O
(	O
P	O
<	O
0	O
.	O
05	O
;	O
r	O
=	O
0	O
.	O
33	O
)	O
.	O
CONCLUSION	O
:	O
We	O
suggest	O
that	O
the	O
increased	O
risk	O
of	O
venous	O
thromboembolism	O
due	O
to	O
raloxifene	B
treatment	O
may	O
be	O
related	O
to	O
increased	O
tPA	O
levels	O
,	O
but	O
not	O
TAFI	O
levels	O
.	O

The	O
cell	O
'	O
s	O
susceptibility	O
to	O
mutagens	O
and	O
its	O
ability	O
to	O
repair	O
DNA	O
lesions	O
are	O
important	O
for	O
cancer	O
induction	O
,	O
promotion	O
and	O
progression	O
.	O
Both	O
the	O
mutagens	O
'	O
sensitivity	O
and	O
the	O
efficacy	O
of	O
DNA	O
repair	O
may	O
be	O
affected	O
by	O
variation	O
in	O
several	O
genes	O
,	O
including	O
DNA	O
repair	O
genes	O
.	O
The	O
hOGG1	O
gene	O
encodes	O
glycosylase	O
of	O
base	O
excision	O
repair	O
and	O
RAD51	O
specifies	O
a	O
key	O
protein	O
in	O
homologues	O
recombination	O
repair	O
.	O
Both	O
can	O
be	O
involved	O
in	O
the	O
repair	O
of	O
oxidative	O
DNA	O
lesions	O
,	O
which	O
can	O
contribute	O
to	O
stomach	O
cancer	O
.	O
In	O
the	O
present	O
work	O
we	O
determined	O
the	O
level	O
of	O
basal	O
and	O
oxidative	O
DNA	O
damage	O
and	O
the	O
kinetics	O
of	O
removal	O
of	O
DNA	O
damage	O
induced	O
by	O
hydrogen	B
peroxide	I
in	O
peripheral	O
blood	O
lymphocytes	O
of	O
30	O
gastric	O
cancer	O
patients	O
and	O
30	O
healthy	O
individuals	O
.	O
The	O
metrics	O
from	O
DNA	O
damage	O
and	O
repair	O
study	O
were	O
correlated	O
with	O
the	O
genotypes	O
of	O
common	O
polymorphisms	O
of	O
the	O
hOGG1	O
and	O
RAD51	O
genes	O
:	O
a	O
G	O
-	O
-	O
>	O
C	O
transversion	O
at	O
1245	O
position	O
of	O
the	O
hOGG1	O
gene	O
producing	O
a	O
Ser	O
-	O
-	O
>	O
Cys	O
substitution	O
at	O
the	O
codon	O
326	O
(	O
the	O
Ser326Cys	O
polymorphism	O
)	O
and	O
a	O
G	O
-	O
-	O
>	O
C	O
substitution	O
at	O
position	O
135	O
(	O
5	O
'	O
-	O
untranslated	O
region	O
)	O
of	O
the	O
RAD51	O
gene	O
(	O
the	O
G135C	O
polymorphism	O
)	O
.	O
DNA	O
damage	O
and	O
repair	O
were	O
evaluated	O
by	O
alkaline	O
single	O
cell	O
gel	O
electrophoresis	O
(	O
comet	O
assay	O
)	O
assisted	O
by	O
DNA	O
repair	O
enzymes	O
:	O
endonuclease	O
III	O
(	O
Nth	O
)	O
and	O
formamidopyrimidine	O
-	O
DNA	O
glycosylase	O
(	O
Fpg	O
)	O
,	O
preferentially	O
recognizing	O
oxidized	O
DNA	O
bases	O
.	O
The	O
genotypes	O
of	O
the	O
polymorphism	O
were	O
determined	O
by	O
restriction	O
fragment	O
length	O
polymorphism	O
PCR	O
.	O
We	O
observed	O
a	O
strong	O
association	O
between	O
gastric	O
cancer	O
occurrence	O
,	O
impaired	O
DNA	O
repair	O
in	O
human	O
lymphocytes	O
and	O
the	O
G	O
/	O
C	O
genotype	O
of	O
the	O
G135C	O
polymorphism	O
of	O
the	O
RAD51	O
gene	O
.	O
Moreover	O
,	O
there	O
was	O
a	O
strong	O
correlation	O
between	O
that	O
genotype	O
and	O
stomach	O
cancer	O
occurrence	O
in	O
subjects	O
with	O
high	O
level	O
of	O
oxidatively	O
damaged	O
DNA	O
.	O
We	O
did	O
not	O
observe	O
any	O
correlation	O
between	O
the	O
Ser1245Cys	O
polymorphism	O
of	O
the	O
hOGG1	O
gene	O
and	O
gastric	O
cancer	O
,	O
including	O
subjects	O
with	O
impaired	O
DNA	O
repair	O
and	O
/	O
or	O
high	O
levels	O
of	O
endogenous	O
oxidative	O
DNA	O
lesions	O
.	O
Therefore	O
,	O
our	O
result	O
suggest	O
that	O
the	O
G135C	O
polymorphism	O
of	O
the	O
RAD51	O
gene	O
may	O
be	O
linked	O
with	O
gastric	O
cancer	O
by	O
the	O
modulation	O
of	O
the	O
cellular	O
response	O
to	O
oxidative	O
stress	O
and	O
this	O
polymorphism	O
may	O
be	O
a	O
useful	O
additional	O
marker	O
in	O
this	O
disease	O
along	O
with	O
the	O
genetic	O
or	O
/	O
and	O
environmental	O
indicators	O
of	O
oxidative	O
stress	O
.	O

A	O
prospective	O
,	O
randomized	O
,	O
double	O
-	O
blind	O
pilot	O
study	O
to	O
compare	O
the	O
results	O
of	O
stereotactic	O
unilateral	O
pallidotomy	O
and	O
subthalamotomy	O
in	O
advanced	O
idiopathic	O
Parkinson	O
'	O
s	O
disease	O
(	O
PD	O
)	O
refractory	O
to	O
medical	O
treatment	O
was	O
designed	O
.	O
Ten	O
consecutive	O
patients	O
(	O
mean	O
age	O
,	O
58	O
.	O
4	O
+	O
/	O
-	O
6	O
.	O
8	O
years	O
;	O
7	O
men	O
,	O
3	O
women	O
)	O
with	O
similar	O
characteristics	O
at	O
the	O
duration	O
of	O
disease	O
(	O
mean	O
disease	O
time	O
,	O
8	O
.	O
4	O
+	O
/	O
-	O
3	O
.	O
5	O
years	O
)	O
,	O
disabling	O
motor	O
fluctuations	O
(	O
Hoehn	O
_	O
Yahr	O
stage	O
3	O
-	O
5	O
in	O
off	O
-	O
drug	O
phases	O
)	O
and	O
levodopa	B
-	O
induced	O
dyskinesias	O
were	O
selected	O
.	O
All	O
patients	O
had	O
bilateral	O
symptoms	O
and	O
their	O
levodopa	B
equivalent	O
dosing	O
were	O
analysed	O
.	O
Six	O
patients	O
were	O
operated	O
on	O
in	O
the	O
globus	O
pallidus	O
interna	O
(	O
GPi	O
)	O
and	O
four	O
in	O
the	O
subthalamic	O
nucleus	O
(	O
STN	O
)	O
.	O
Clinical	O
evaluation	O
included	O
the	O
use	O
of	O
the	O
Unified	O
Parkinson	O
'	O
s	O
Disease	O
Rating	O
Scale	O
(	O
UPDRS	O
)	O
,	O
Hoehn_Yahr	O
score	O
and	O
Schwab	O
England	O
activities	O
of	O
daily	O
living	O
(	O
ADL	O
)	O
score	O
in	O
'	O
on	O
'	O
-	O
and	O
'	O
off	O
'	O
-	O
drug	O
conditions	O
before	O
surgery	O
and	O
6	O
months	O
after	O
surgery	O
.	O
There	O
was	O
statistically	O
significant	O
improvement	O
in	O
all	O
contralateral	O
major	O
parkinsonian	O
motor	O
signs	O
in	O
all	O
patients	O
followed	O
for	O
6	O
months	O
.	O
Levodopa	B
equivalent	O
daily	O
intake	O
was	O
significantly	O
reduced	O
in	O
the	O
STN	O
group	O
.	O
Changes	O
in	O
UPDRS	O
,	O
Hoehn	O
_	O
Yahr	O
and	O
Schwab	O
England	O
ADL	O
scores	O
were	O
similar	O
in	O
both	O
groups	O
.	O
Cognitive	O
functions	O
were	O
unchanged	O
in	O
both	O
groups	O
.	O
Complications	O
were	O
observed	O
in	O
two	O
patients	O
:	O
one	O
had	O
a	O
left	O
homonymous	O
hemianopsia	O
after	O
pallidotomy	O
and	O
another	O
one	O
developed	O
left	O
hemiballistic	O
movements	O
3	O
days	O
after	O
subthalamotomy	O
which	O
partly	O
improved	O
within	O
1	O
month	O
with	O
Valproate	B
1000	O
mg	O
/	O
day	O
.	O
The	O
findings	O
of	O
this	O
study	O
suggest	O
that	O
lesions	O
of	O
the	O
unilateral	O
STN	O
and	O
GPi	O
are	O
equally	O
effective	O
treatment	O
for	O
patients	O
with	O
advanced	O
PD	O
refractory	O
to	O
medical	O
treatment	O
.	O

PURPOSE	O
:	O
To	O
identify	O
mutations	O
in	O
the	O
carbohydrate	O
sulfotransferase	O
gene	O
(	O
CHST6	O
)	O
for	O
a	O
Chinese	O
family	O
with	O
macular	O
corneal	O
dystrophy	O
(	O
MCD	O
)	O
and	O
to	O
investigate	O
the	O
histopathological	O
changes	O
in	O
the	O
affected	O
cornea	O
.	O
METHODS	O
:	O
A	O
corneal	O
button	O
of	O
the	O
proband	O
was	O
obtained	O
by	O
penetrating	O
keratoplasty	O
.	O
The	O
half	O
button	O
and	O
ultrathin	O
sections	O
from	O
the	O
other	O
half	O
button	O
were	O
examined	O
with	O
special	O
stains	O
under	O
a	O
light	O
microscope	O
(	O
LM	O
)	O
and	O
an	O
electron	O
microscope	O
(	O
EM	O
)	O
separately	O
.	O
Genomic	O
DNA	O
was	O
extracted	O
from	O
peripheral	O
blood	O
of	O
11	O
family	O
members	O
,	O
and	O
the	O
coding	O
region	O
of	O
CHST6	O
was	O
amplified	O
by	O
the	O
polymerase	O
chain	O
reaction	O
(	O
PCR	O
)	O
method	O
.	O
The	O
PCR	O
products	O
were	O
analyzed	O
by	O
direct	O
sequencing	O
and	O
restriction	O
enzyme	O
digestion	O
.	O
RESULTS	O
:	O
The	O
positive	O
reaction	O
to	O
colloidal	O
iron	B
stain	O
(	O
extracellular	O
blue	O
accumulations	O
in	O
the	O
stroma	O
)	O
was	O
detected	O
under	O
light	O
microscopy	O
.	O
Transmission	O
electron	O
microscopy	O
revealed	O
the	O
enlargement	O
of	O
smooth	O
endoplasmic	O
reticulum	O
and	O
the	O
presence	O
of	O
intracytoplasmic	O
vacuoles	O
.	O
The	O
compound	O
heterozygous	O
mutations	O
,	O
c	O
.	O
892C	O
>	O
T	O
and	O
c	O
.	O
1072T	O
>	O
C	O
,	O
were	O
identified	O
in	O
exon	O
3	O
of	O
CHST6	O
in	O
three	O
patients	O
.	O
The	O
two	O
transversions	O
resulted	O
in	O
the	O
substitution	O
of	O
a	O
stop	O
codon	O
for	O
glutamine	O
at	O
codon	O
298	O
(	O
p	O
.	O
Q298X	O
)	O
and	O
a	O
missense	O
mutation	O
at	O
codon	O
358	O
,	O
tyrosine	O
to	O
histidine	O
(	O
p	O
.	O
Y358H	O
)	O
.	O
The	O
six	O
unaffected	O
family	O
individuals	O
carried	O
alternative	O
heterozygous	O
mutations	O
.	O
These	O
two	O
mutations	O
were	O
not	O
detected	O
in	O
any	O
of	O
the	O
100	O
control	O
subjects	O
.	O
CONCLUSIONS	O
:	O
Those	O
novel	O
compound	O
heterozygous	O
mutations	O
were	O
thought	O
to	O
contribute	O
to	O
the	O
loss	O
of	O
CHST6	O
function	O
,	O
which	O
induced	O
the	O
abnormal	O
metabolism	O
of	O
keratan	B
sulfate	I
(	O
KS	B
)	O
that	O
deposited	O
in	O
the	O
corneal	O
stroma	O
.	O
It	O
could	O
be	O
proved	O
by	O
the	O
observation	O
of	O
a	O
positive	O
stain	O
reaction	O
and	O
the	O
enlarged	O
collagen	O
fibers	O
as	O
well	O
as	O
hyperplastic	O
fibroblasts	O
under	O
microscopes	O
.	O

Acute	O
renal	O
failure	O
in	O
patients	O
with	O
AIDS	O
on	O
tenofovir	B
while	O
receiving	O
prolonged	O
vancomycin	B
course	O
for	O
osteomyelitis	O
.	O

Renal	O
failure	O
developed	O
after	O
a	O
prolonged	O
course	O
of	O
vancomycin	B
therapy	O
in	O
2	O
patients	O
who	O
were	O
receiving	O
tenofovir	B
disoproxil	I
fumarate	I
as	O
part	O
of	O
an	O
antiretroviral	O
regimen	O
.	O
Tenofovir	B
has	O
been	O
implicated	O
in	O
the	O
development	O
of	O
Fanconi	O
syndrome	O
and	O
renal	O
insufficiency	O
because	O
of	O
its	O
effects	O
on	O
the	O
proximal	O
renal	O
tubule	O
.	O
Vancomycin	B
nephrotoxicity	O
is	O
infrequent	O
but	O
may	O
result	O
from	O
coadministration	O
with	O
a	O
nephrotoxic	O
agent	O
.	O
Clinicians	O
should	O
be	O
aware	O
that	O
tenofovir	B
may	O
raise	O
the	O
risk	O
of	O
renal	O
failure	O
during	O
prolonged	O
administration	O
of	O
vancomycin	B
.	O

Metallothionein	B
induction	O
reduces	O
caspase	O
-	O
3	O
activity	O
and	O
TNFalpha	O
levels	O
with	O
preservation	O
of	O
cognitive	O
function	O
and	O
intact	O
hippocampal	O
neurons	O
in	O
carmustine	B
-	O
treated	O
rats	O
.	O

Hippocampal	O
integrity	O
is	O
essential	O
for	O
cognitive	O
functions	O
.	O
On	O
the	O
other	O
hand	O
,	O
induction	O
of	O
metallothionein	B
(	O
MT	B
)	O
by	O
ZnSO	B
(	I
4	I
)	I
and	O
its	O
role	O
in	O
neuroprotection	O
has	O
been	O
documented	O
.	O
The	O
present	O
study	O
aimed	O
to	O
explore	O
the	O
effect	O
of	O
MT	B
induction	O
on	O
carmustine	B
(	O
BCNU	B
)	O
-	O
induced	O
hippocampal	O
cognitive	O
dysfunction	O
in	O
rats	O
.	O
A	O
total	O
of	O
60	O
male	O
Wistar	O
albino	O
rats	O
were	O
randomly	O
divided	O
into	O
four	O
groups	O
(	O
15	O
/	O
group	O
)	O
:	O
The	O
control	O
group	O
injected	O
with	O
single	O
doses	O
of	O
normal	O
saline	O
(	O
i	O
.	O
c	O
.	O
v	O
)	O
followed	O
24	O
h	O
later	O
by	O
BCNU	B
solvent	O
(	O
i	O
.	O
v	O
)	O
.	O
The	O
second	O
group	O
administered	O
ZnSO	B
(	I
4	I
)	I
(	O
0	O
.	O
1	O
micromol	O
/	O
10	O
microl	O
normal	O
saline	O
,	O
i	O
.	O
c	O
.	O
v	O
,	O
once	O
)	O
then	O
BCNU	B
solvent	O
(	O
i	O
.	O
v	O
)	O
after	O
24	O
h	O
.	O
Third	O
group	O
received	O
BCNU	B
(	O
20	O
mg	O
/	O
kg	O
,	O
i	O
.	O
v	O
,	O
once	O
)	O
24	O
h	O
after	O
injection	O
with	O
normal	O
saline	O
(	O
i	O
.	O
c	O
.	O
v	O
)	O
.	O
Fourth	O
group	O
received	O
a	O
single	O
dose	O
of	O
ZnSO	B
(	I
4	I
)	I
(	O
0	O
.	O
1	O
micromol	O
/	O
10	O
microl	O
normal	O
saline	O
,	O
i	O
.	O
c	O
.	O
v	O
)	O
then	O
BCNU	B
(	O
20	O
mg	O
/	O
kg	O
,	O
i	O
.	O
v	O
,	O
once	O
)	O
after	O
24	O
h	O
.	O
The	O
obtained	O
data	O
revealed	O
that	O
BCNU	B
administration	O
resulted	O
in	O
deterioration	O
of	O
learning	O
and	O
short	O
-	O
term	O
memory	O
(	O
STM	O
)	O
,	O
as	O
measured	O
by	O
using	O
radial	O
arm	O
water	O
maze	O
,	O
accompanied	O
with	O
decreased	O
hippocampal	O
glutathione	O
reductase	O
(	O
GR	O
)	O
activity	O
and	O
reduced	O
glutathione	B
(	O
GSH	B
)	O
content	O
.	O
Also	O
,	O
BCNU	B
administration	O
increased	O
serum	O
tumor	O
necrosis	O
factor	O
-	O
alpha	O
(	O
TNFalpha	O
)	O
,	O
hippocampal	O
MT	B
and	O
malondialdehyde	B
(	O
MDA	B
)	O
contents	O
as	O
well	O
as	O
caspase	O
-	O
3	O
activity	O
in	O
addition	O
to	O
histological	O
alterations	O
.	O
ZnSO	B
(	I
4	I
)	I
pretreatment	O
counteracted	O
BCNU	B
-	O
induced	O
inhibition	O
of	O
GR	O
and	O
depletion	O
of	O
GSH	B
and	O
resulted	O
in	O
significant	O
reduction	O
in	O
the	O
levels	O
of	O
MDA	B
and	O
TNFalpha	O
as	O
well	O
as	O
the	O
activity	O
of	O
caspase	O
-	O
3	O
.	O
The	O
histological	O
features	O
were	O
improved	O
in	O
hippocampus	O
of	O
rats	O
treated	O
with	O
ZnSO	B
(	I
4	I
)	I
+	O
BCNU	B
compared	O
to	O
only	O
BCNU	B
-	O
treated	O
animals	O
.	O
In	O
conclusion	O
,	O
MT	B
induction	O
halts	O
BCNU	B
-	O
induced	O
hippocampal	O
toxicity	O
as	O
it	O
prevented	O
GR	O
inhibition	O
and	O
GSH	B
depletion	O
and	O
counteracted	O
the	O
increased	O
levels	O
of	O
TNFalpha	O
,	O
MDA	B
and	O
caspase	O
-	O
3	O
activity	O
with	O
subsequent	O
preservation	O
of	O
cognition	O
.	O

Association	O
of	O
obesity	O
risk	O
SNPs	O
in	O
PCSK1	O
with	O
insulin	O
sensitivity	O
and	O
proinsulin	B
conversion	O
.	O

BACKGROUND	O
:	O
Prohormone	O
convertase	O
1	O
is	O
involved	O
in	O
maturation	O
of	O
peptides	O
.	O
Rare	O
mutations	O
in	O
gene	O
PCSK1	O
,	O
encoding	O
this	O
enzyme	O
,	O
cause	O
childhood	O
obesity	O
and	O
abnormal	O
glucose	O
homeostasis	O
with	O
elevated	O
proinsulin	B
concentrations	O
.	O
Common	O
single	O
nucleotide	O
polymorphisms	O
(	O
SNPs	O
)	O
within	O
this	O
gene	O
,	O
rs6232	O
and	O
rs6235	O
,	O
are	O
associated	O
with	O
obesity	O
.	O
We	O
studied	O
whether	O
these	O
SNPs	O
influence	O
the	O
prediabetic	O
traits	O
insulin	O
resistance	O
,	O
beta	O
-	O
cell	O
dysfunction	O
,	O
or	O
glucose	O
intolerance	O
.	O
METHODS	O
:	O
We	O
genotyped	O
1498	O
German	O
subjects	O
for	O
SNPs	O
rs6232	O
and	O
rs6235	O
within	O
PCSK1	O
.	O
The	O
subjects	O
were	O
metabolically	O
characterized	O
by	O
oral	O
glucose	B
tolerance	O
test	O
with	O
glucose	B
,	O
insulin	O
,	O
proinsulin	B
,	O
and	O
C	B
-	I
peptide	I
measurements	O
.	O
A	O
subgroup	O
of	O
512	O
subjects	O
underwent	O
a	O
hyperinsulinemic	O
-	O
euglycemic	O
clamp	O
.	O
RESULTS	O
:	O
The	O
minor	O
allele	O
frequencies	O
were	O
25	O
.	O
8	O
%	O
for	O
SNP	O
rs6235	O
and	O
6	O
.	O
0	O
%	O
for	O
rs6232	O
.	O
After	O
adjustment	O
for	O
sex	O
and	O
age	O
,	O
we	O
found	O
no	O
association	O
of	O
SNPs	O
rs6235	O
and	O
rs6232	O
with	O
BMI	O
or	O
other	O
weight	O
-	O
related	O
traits	O
(	O
all	O
p	O
>	O
or	O
=	O
0	O
.	O
07	O
)	O
.	O
Both	O
minor	O
alleles	O
,	O
adjusted	O
for	O
sex	O
,	O
age	O
,	O
BMI	O
and	O
insulin	O
sensitivity	O
were	O
associated	O
with	O
elevated	O
AUCproinsulin	O
and	O
AUCproinsulin	O
/	O
AUCinsulin	O
(	O
rs6235	O
:	O
p	O
(	O
additive	O
)	O
model	O
<	O
or	O
=	O
0	O
.	O
009	O
,	O
effect	O
sizes	O
8	O
/	O
8	O
%	O
,	O
rs6232	O
:	O
pdominant	O
model	O
<	O
or	O
=	O
0	O
.	O
01	O
,	O
effect	O
sizes	O
10	O
/	O
21	O
%	O
)	O
.	O
Insulin	O
secretion	O
was	O
not	O
affected	O
by	O
the	O
variants	O
(	O
different	O
secretion	O
parameters	O
,	O
all	O
p	O
>	O
or	O
=	O
0	O
.	O
08	O
)	O
.	O
The	O
minor	O
allele	O
of	O
SNP	O
rs6232	O
was	O
additionally	O
associated	O
with	O
15	O
%	O
higher	O
OGTT	O
-	O
derived	O
and	O
19	O
%	O
higher	O
clamp	O
-	O
derived	O
insulin	O
sensitivity	O
(	O
pdom	O
<	O
or	O
=	O
0	O
.	O
0047	O
)	O
,	O
4	O
.	O
5	O
%	O
lower	O
HOMAIR	O
(	O
pdom	O
=	O
0	O
.	O
02	O
)	O
and	O
3	O
.	O
5	O
%	O
lower	O
120	O
-	O
min	O
glucose	B
(	O
pdom	O
=	O
0	O
.	O
0003	O
)	O
independently	O
of	O
BMI	O
and	O
proinsulin	B
conversion	O
.	O
SNP	O
rs6235	O
was	O
not	O
associated	O
with	O
parameters	O
of	O
glucose	O
metabolism	O
.	O
CONCLUSIONS	O
:	O
Like	O
rare	O
mutations	O
in	O
PCSK1	O
,	O
the	O
more	O
common	O
variants	O
tested	O
determine	O
glucose	B
-	O
stimulated	O
proinsulin	B
conversion	O
,	O
but	O
not	O
insulin	O
secretion	O
.	O
In	O
addition	O
,	O
rs6232	O
,	O
encoding	O
the	O
amino	O
acid	O
exchange	O
N221D	O
,	O
influences	O
insulin	O
sensitivity	O
and	O
glucose	B
homeostasis	O
.	O

Inhibitory	O
effect	O
of	O
emodin	B
on	O
fatty	O
acid	O
synthase	O
,	O
colon	O
cancer	O
proliferation	O
and	O
apoptosis	O
.	O

Fatty	O
acid	O
synthase	O
(	O
FASN	O
)	O
is	O
a	O
key	O
anabolic	O
enzyme	O
for	O
de	O
novo	O
fatty	B
acid	I
synthesis	O
,	O
which	O
is	O
important	O
in	O
the	O
development	O
of	O
colon	O
carcinoma	O
.	O
The	O
high	O
expression	O
of	O
FASN	O
is	O
considered	O
a	O
promising	O
molecular	O
target	O
for	O
colon	O
cancer	O
therapy	O
.	O
Emodin	B
,	O
a	O
naturally	O
occurring	O
anthraquinone	B
,	O
exhibits	O
an	O
anticancer	O
effect	O
in	O
various	O
types	O
of	O
human	O
cancer	O
,	O
including	O
colon	O
cancer	O
;	O
however	O
,	O
the	O
molecular	O
mechanisms	O
remain	O
to	O
be	O
fully	O
elucidated	O
.	O
Cell	O
viability	O
was	O
evaluated	O
using	O
a	O
Cell	O
Counting	O
Kit	O
-	O
8	O
assay	O
.	O
The	O
apoptosis	O
rate	O
of	O
cells	O
was	O
quantified	O
via	O
flow	O
cytometry	O
following	O
Annexin	O
V	O
/	O
propidium	B
iodide	I
staining	O
.	O
FASN	O
activity	O
was	O
measured	O
by	O
monitoring	O
oxidation	O
of	O
nicotinamide	B
adenine	I
dinucleotide	I
phosphate	I
at	O
a	O
wavelength	O
of	O
340	O
nm	O
,	O
and	O
intracellular	O
free	B
fatty	I
acid	I
levels	O
were	O
detected	O
using	O
a	O
Free	B
Fatty	I
Acid	I
Quantification	O
kit	O
.	O
Western	O
blot	O
analysis	O
and	O
reverse	O
transcription	O
-	O
polymerase	O
chain	O
reaction	O
were	O
used	O
to	O
detect	O
target	O
gene	O
and	O
protein	O
expression	O
.	O
The	O
present	O
study	O
was	O
performed	O
to	O
investigate	O
whether	O
the	O
gene	O
expression	O
of	O
FASN	O
and	O
its	O
enzymatic	O
activity	O
are	O
regulated	O
by	O
emodin	B
in	O
a	O
human	O
colon	O
cancer	O
cell	O
line	O
.	O
Emodin	B
markedly	O
inhibited	O
the	O
proliferation	O
of	O
HCT116	O
cells	O
and	O
a	O
higher	O
protein	O
level	O
of	O
FASN	O
was	O
expressed	O
,	O
compared	O
with	O
that	O
in	O
SW480	O
,	O
SNU	O
-	O
C2A	O
or	O
SNU	O
-	O
C5	O
cells	O
.	O
Emodin	B
significantly	O
downregulated	O
the	O
protein	O
expression	O
of	O
FASN	O
in	O
HCT116	O
cells	O
,	O
which	O
was	O
caused	O
by	O
protein	O
degradation	O
due	O
to	O
elevated	O
protein	O
ubiquitination	O
.	O
Emodin	B
also	O
inhibited	O
intracellular	O
FASN	O
enzymatic	O
activity	O
and	O
reduced	O
the	O
levels	O
of	O
intracellular	O
free	B
fatty	I
acids	I
.	O
Emodin	B
enhanced	O
antiproliferation	O
and	O
apoptosis	O
in	O
a	O
dose	O
-	O
and	O
time	O
-	O
dependent	O
manner	O
.	O
The	O
combined	O
treatment	O
of	O
emodin	B
and	O
cerulenin	B
,	O
a	O
commercial	O
FASN	O
inhibitor	O
,	O
had	O
an	O
additive	O
effect	O
on	O
these	O
activities	O
.	O
Palmitate	B
,	O
the	O
final	O
product	O
of	O
the	O
FASN	O
reaction	O
,	O
rescued	O
emodin	B
-	O
induced	O
viability	O
and	O
apoptosis	O
.	O
In	O
addition	O
,	O
emodin	B
altered	O
FASN	O
-	O
involved	O
signaling	O
pathways	O
,	O
including	O
phosphatidylinositol	O
3	O
-	O
kinase	O
/	O
Akt	O
and	O
mitogen	O
-	O
activated	O
protein	O
kinases	O
/	O
extracellular	O
signal	O
-	O
regulated	O
kinases	O
1	O
/	O
2	O
.	O
These	O
results	O
suggested	O
that	O
emodin	B
-	O
regulated	O
cell	O
growth	O
and	O
apoptosis	O
were	O
mediated	O
by	O
inhibiting	O
FASN	O
and	O
provide	O
a	O
molecular	O
basis	O
for	O
colon	O
cancer	O
therapy	O
.	O

Immunosuppressed	O
renal	O
transplant	O
recipients	O
(	O
RTRs	O
)	O
are	O
predisposed	O
to	O
non	O
-	O
melanoma	O
skin	O
cancers	O
(	O
NMSCs	O
)	O
,	O
predominantly	O
squamous	O
cell	O
carcinomas	O
(	O
SCCs	O
)	O
.	O
We	O
have	O
analyzed	O
skin	O
lesions	O
from	O
RTRs	O
with	O
aggressive	O
tumors	O
for	O
p53	O
gene	O
modifications	O
,	O
the	O
presence	O
of	O
Human	O
Papillomas	O
Virus	O
(	O
HPV	O
)	O
DNA	O
in	O
relation	O
to	O
the	O
p53	O
codon	O
72	O
genotype	O
and	O
polymorphisms	O
of	O
the	O
XPD	O
repair	O
gene	O
.	O
We	O
detected	O
24	O
p53	O
mutations	O
in	O
15	O
/	O
25	O
(	O
60	O
%	O
)	O
NMSCs	O
,	O
1	O
deletion	O
and	O
23	O
base	O
substitutions	O
,	O
the	O
majority	O
(	O
78	O
%	O
)	O
being	O
UV	O
-	O
specific	O
C	O
to	O
T	O
transitions	O
at	O
bipyrimidine	O
sites	O
.	O
Importantly	O
,	O
35	O
%	O
(	O
6	O
/	O
17	O
)	O
are	O
tandem	O
mutations	O
,	O
including	O
4	O
UV	O
signature	O
CC	O
to	O
TT	O
transitions	O
possibly	O
linked	O
to	O
modulated	O
DNA	O
repair	O
caused	O
by	O
the	O
immunosuppressive	O
drug	O
cyclosporin	B
A	I
(	O
CsA	B
)	O
.	O
We	O
found	O
8	O
p53	O
mutations	O
in	O
7	O
/	O
17	O
(	O
41	O
%	O
)	O
precancerous	O
actinic	O
keratosis	O
(	O
AK	O
)	O
,	O
suggesting	O
that	O
p53	O
mutations	O
are	O
early	O
events	O
in	O
RTR	O
skin	O
carcinogenesis	O
.	O
Immunohistochemical	O
analysis	O
shows	O
a	O
good	O
correlation	O
between	O
p53	O
accumulation	O
and	O
mutations	O
.	O
HPV	O
DNA	O
was	O
detected	O
in	O
78	O
%	O
of	O
skin	O
lesions	O
(	O
60	O
%	O
Basal	O
Cell	O
Carcinomas	O
,	O
82	O
%	O
AK	O
and	O
79	O
%	O
SCCs	O
)	O
.	O
Thus	O
,	O
immunosuppression	O
has	O
increased	O
the	O
risk	O
of	O
infections	O
by	O
HPVs	O
,	O
predominantly	O
epidermodysplasia	O
verruciformis	O
,	O
speculated	O
to	O
play	O
a	O
role	O
in	O
skin	O
cancer	O
development	O
.	O
No	O
association	O
is	O
found	O
between	O
HPV	O
status	O
and	O
p53	O
mutation	O
.	O
Moreover	O
,	O
p53	O
codon	O
72	O
or	O
frequencies	O
of	O
three	O
XPD	O
genotypes	O
of	O
RTRs	O
are	O
comparable	O
with	O
control	O
populations	O
.	O
The	O
p53	O
mutation	O
spectrum	O
,	O
presenting	O
a	O
high	O
level	O
of	O
CC	O
to	O
TT	O
mutations	O
,	O
shows	O
that	O
the	O
UV	O
component	O
of	O
sunlight	O
is	O
the	O
major	O
risk	O
factor	O
and	O
modulated	O
DNA	O
repair	O
by	O
immunosuppressive	O
drug	O
treatment	O
may	O
be	O
significant	O
in	O
the	O
skin	O
carcinogenesis	O
of	O
RTRs	O
.	O

Syncope	O
and	O
QT	O
prolongation	O
among	O
patients	O
treated	O
with	O
methadone	B
for	O
heroin	O
dependence	O
in	O
the	O
city	O
of	O
Copenhagen	O
.	O

BACKGROUND	O
:	O
Methadone	B
is	O
prescribed	O
to	O
heroin	O
addicts	O
to	O
decrease	O
illicit	O
opioid	B
use	O
.	O
Prolongation	O
of	O
the	O
QT	O
interval	O
in	O
the	O
ECG	O
of	O
patients	O
with	O
torsade	O
de	O
pointes	O
(	O
TdP	O
)	O
has	O
been	O
reported	O
in	O
methadone	B
users	O
.	O
As	O
heroin	O
addicts	O
sometimes	O
faint	O
while	O
using	O
illicit	O
drugs	O
,	O
doctors	O
might	O
attribute	O
too	O
many	O
episodes	O
of	O
syncope	O
to	O
illicit	O
drug	O
use	O
and	O
thereby	O
underestimate	O
the	O
incidence	O
of	O
TdP	O
in	O
this	O
special	O
population	O
,	O
and	O
the	O
high	O
mortality	O
in	O
this	O
population	O
may	O
,	O
in	O
part	O
,	O
be	O
caused	O
by	O
the	O
proarrhythmic	O
effect	O
of	O
methadone	B
.	O
METHODS	O
:	O
In	O
this	O
cross	O
-	O
sectional	O
study	O
interview	O
,	O
ECGs	O
and	O
blood	O
samples	O
were	O
collected	O
in	O
a	O
population	O
of	O
adult	O
heroin	O
addicts	O
treated	O
with	O
methadone	B
or	O
buprenorphine	B
on	O
a	O
daily	O
basis	O
.	O
Of	O
the	O
patients	O
at	O
the	O
Drug	O
Addiction	O
Service	O
in	O
the	O
municipal	O
of	O
Copenhagen	O
,	O
450	O
(	O
approximately	O
52	O
%	O
)	O
were	O
included	O
.	O
The	O
QT	O
interval	O
was	O
estimated	O
from	O
12	O
lead	O
ECGs	O
.	O
All	O
participants	O
were	O
interviewed	O
about	O
any	O
experience	O
of	O
syncope	O
.	O
The	O
association	O
between	O
opioid	B
dose	O
and	O
QT	O
,	O
and	O
methadone	B
dose	O
and	O
reporting	O
of	O
syncope	O
was	O
assessed	O
using	O
multivariate	O
linear	O
regression	O
and	O
logistic	O
regression	O
,	O
respectively	O
.	O
RESULTS	O
:	O
Methadone	B
dose	O
was	O
associated	O
with	O
longer	O
QT	O
interval	O
of	O
0	O
.	O
140	O
ms	O
/	O
mg	O
(	O
p	O
=	O
0	O
.	O
002	O
)	O
.	O
No	O
association	O
between	O
buprenorphine	B
and	O
QTc	O
was	O
found	O
.	O
Among	O
the	O
subjects	O
treated	O
with	O
methadone	B
,	O
28	O
%	O
men	O
and	O
32	O
%	O
women	O
had	O
prolonged	O
QTc	O
interval	O
.	O
None	O
of	O
the	O
subjects	O
treated	O
with	O
buprenorphine	B
had	O
QTc	O
interval	O
>	O
0	O
.	O
440	O
s	O
(	O
(	O
1	O
/	O
2	O
)	O
)	O
.	O
A	O
50	O
mg	O
higher	O
methadone	B
dose	O
was	O
associated	O
with	O
a	O
1	O
.	O
2	O
(	O
95	O
%	O
CI	O
1	O
.	O
1	O
to	O
1	O
.	O
4	O
)	O
times	O
higher	O
odds	O
for	O
syncope	O
.	O
CONCLUSIONS	O
:	O
Methadone	B
is	O
associated	O
with	O
QT	O
prolongation	O
and	O
higher	O
reporting	O
of	O
syncope	O
in	O
a	O
population	O
of	O
heroin	O
addicts	O
.	O

This	O
study	O
was	O
conducted	O
to	O
determine	O
the	O
prevalence	O
of	O
alkaptonuria	O
in	O
the	O
UAE	O
population	O
and	O
to	O
identify	O
the	O
genotype	O
of	O
affected	O
individuals	O
.	O
In	O
a	O
3	O
stage	O
sampling	O
technique	O
2981	O
pupils	O
from	O
Government	O
schools	O
in	O
Al	O
Ain	O
and	O
private	O
schools	O
in	O
Dubai	O
were	O
selected	O
to	O
take	O
part	O
in	O
the	O
study	O
,	O
of	O
whom	O
2857	O
provided	O
urine	O
samples	O
.	O
Urine	O
collected	O
was	O
analysed	O
for	O
homogentisic	B
acid	I
by	O
gas	O
chromatography	O
-	O
mass	O
spectrometry	O
.	O
Genomic	O
DNA	O
was	O
isolated	O
from	O
the	O
white	O
blood	O
cells	O
of	O
all	O
family	O
members	O
of	O
the	O
affected	O
case	O
following	O
standard	O
established	O
protocols	O
.	O
Specific	O
PRC	O
primers	O
were	O
designed	O
to	O
amplify	O
all	O
14	O
exons	O
of	O
the	O
HGD	O
gene	O
with	O
the	O
flanking	O
intronic	O
sequences	O
including	O
the	O
splice	O
site	O
sequences	O
.	O
2857	O
children	O
returned	O
a	O
viable	O
urine	O
sample	O
,	O
of	O
which	O
one	O
was	O
highly	O
positive	O
for	O
homogentisic	B
acid	I
.	O
All	O
12	O
members	O
of	O
this	O
girl	O
'	O
s	O
family	O
were	O
studied	O
and	O
one	O
,	O
a	O
22	O
year	O
old	O
brother	O
,	O
was	O
found	O
to	O
excrete	O
HGA	B
.	O
Another	O
,	O
a	O
sister	O
who	O
had	O
not	O
provided	O
a	O
urine	O
sample	O
,	O
was	O
discovered	O
by	O
genetic	O
testing	O
.	O
There	O
were	O
no	O
complaints	O
of	O
joint	O
pain	O
or	O
other	O
symptoms	O
in	O
any	O
member	O
of	O
this	O
family	O
.	O
Parents	O
were	O
first	O
cousins	O
.	O
We	O
found	O
a	O
single	O
nucleotide	O
deletion	O
c	O
.	O
342delA	O
,	O
located	O
in	O
exon	O
3	O
,	O
which	O
resulted	O
in	O
a	O
frameshift	O
at	O
amino	O
acid	O
position	O
58	O
(	O
p	O
.	O
Arg58fs	O
or	O
p	O
.	O
R58fs	O
)	O
.	O
Alkaptonuria	O
may	O
be	O
more	O
common	O
than	O
it	O
is	O
thought	O
to	O
be	O
with	O
an	O
allele	O
prevalence	O
estimated	O
at	O
0	O
.	O
0107	O
(	O
95	O
%	O
CI	O
0	O
.	O
000392	O
-	O
0	O
.	O
03473	O
)	O
.	O
The	O
R58fs	O
mutation	O
is	O
old	O
,	O
perhaps	O
having	O
occurred	O
several	O
thousand	O
years	O
ago	O
,	O
and	O
has	O
spread	O
over	O
a	O
large	O
geographical	O
area	O
.	O

Calbindin	O
-	O
D28k	O
(	O
CB	O
)	O
,	O
one	O
of	O
the	O
major	O
calcium	B
-	O
binding	O
and	O
buffering	O
proteins	O
,	O
has	O
a	O
critical	O
role	O
in	O
preventing	O
a	O
neuronal	O
death	O
as	O
well	O
as	O
maintaining	O
calcium	B
homeostasis	O
.	O
Although	O
marked	O
reductions	O
of	O
CB	O
expression	O
have	O
been	O
observed	O
in	O
the	O
brains	O
of	O
mice	O
and	O
humans	O
with	O
Alzheimer	O
disease	O
(	O
AD	O
)	O
,	O
it	O
is	O
unknown	O
whether	O
these	O
changes	O
contribute	O
to	O
AD	O
-	O
related	O
dysfunction	O
.	O
To	O
determine	O
the	O
pathogenic	O
importance	O
of	O
CB	O
depletions	O
in	O
AD	O
models	O
,	O
we	O
crossed	O
5	O
familial	O
AD	O
mutations	O
(	O
5XFAD	O
;	O
Tg	O
)	O
mice	O
with	O
CB	O
knock	O
-	O
out	O
(	O
CBKO	O
)	O
mice	O
and	O
generated	O
a	O
novel	O
line	O
CBKO	O
.	O
5XFAD	O
(	O
CBKOTg	O
)	O
mice	O
.	O
We	O
first	O
identified	O
the	O
change	O
of	O
signaling	O
pathways	O
and	O
differentially	O
expressed	O
proteins	O
globally	O
by	O
removing	O
CB	O
in	O
Tg	O
mice	O
using	O
mass	O
spectrometry	O
and	O
antibody	O
microarray	O
.	O
Immunohistochemistry	O
showed	O
that	O
CBKOTg	O
mice	O
had	O
significant	O
neuronal	O
loss	O
in	O
the	O
subiculum	O
area	O
without	O
changing	O
the	O
magnitude	O
(	O
number	O
)	O
of	O
amyloid	O
b	O
-	O
peptide	O
(	O
Ab	O
)	O
plaques	O
deposition	O
and	O
elicited	O
significant	O
apoptotic	O
features	O
and	O
mitochondrial	O
dysfunction	O
compared	O
with	O
Tg	O
mice	O
.	O
Moreover	O
,	O
CBKOTg	O
mice	O
reduced	O
levels	O
of	O
phosphorylated	O
mitogen	O
-	O
activated	O
protein	O
kinase	O
(	O
extracellular	O
signal	O
-	O
regulated	O
kinase	O
)	O
1	O
/	O
2	O
and	O
cAMP	O
response	O
element	O
-	O
binding	O
protein	O
at	O
Ser	O
-	O
133	O
and	O
synaptic	O
molecules	O
such	O
as	O
N	O
-	O
methyl	O
-	O
D	O
-	O
aspartate	O
receptor	O
1	O
(	O
NMDA	O
receptor	O
1	O
)	O
,	O
NMDA	O
receptor	O
2A	O
,	O
PSD	O
-	O
95	O
and	O
synaptophysin	O
in	O
the	O
subiculum	O
compared	O
with	O
Tg	O
mice	O
.	O
Importantly	O
,	O
this	O
is	O
the	O
first	O
experimental	O
evidence	O
that	O
removal	O
of	O
CB	O
from	O
amyloid	O
precursor	O
protein	O
/	O
presenilin	O
transgenic	O
mice	O
aggravates	O
AD	O
pathogenesis	O
,	O
suggesting	O
that	O
CB	O
has	O
a	O
critical	O
role	O
in	O
AD	O
pathogenesis	O
.	O

Role	O
of	O
stress	O
-	O
activated	O
OCT4A	O
in	O
the	O
cell	O
fate	O
decisions	O
of	O
embryonal	O
carcinoma	O
cells	O
treated	O
with	O
etoposide	B
.	O

Tumor	O
cellular	O
senescence	O
induced	O
by	O
genotoxic	O
treatments	O
has	O
recently	O
been	O
found	O
to	O
be	O
paradoxically	O
linked	O
to	O
the	O
induction	O
of	O
"	O
stemness	O
.	O
"	O
This	O
observation	O
is	O
critical	O
as	O
it	O
directly	O
impinges	O
upon	O
the	O
response	O
of	O
tumors	O
to	O
current	O
chemo	O
-	O
radio	O
-	O
therapy	O
treatment	O
regimens	O
.	O
Previously	O
,	O
we	O
showed	O
that	O
following	O
etoposide	B
(	O
ETO	B
)	O
treatment	O
embryonal	O
carcinoma	O
PA	O
-	O
1	O
cells	O
undergo	O
a	O
p53	O
-	O
dependent	O
upregulation	O
of	O
OCT4A	O
and	O
p21Cip1	O
(	O
governing	O
self	O
-	O
renewal	O
and	O
regulating	O
cell	O
cycle	O
inhibition	O
and	O
senescence	O
,	O
respectively	O
)	O
.	O
Here	O
we	O
report	O
further	O
detail	O
on	O
the	O
relationship	O
between	O
these	O
and	O
other	O
critical	O
cell	O
-	O
fate	O
regulators	O
.	O
PA	O
-	O
1	O
cells	O
treated	O
with	O
ETO	B
display	O
highly	O
heterogeneous	O
increases	O
in	O
OCT4A	O
and	O
p21Cip1	O
indicative	O
of	O
dis	O
-	O
adaptation	O
catastrophe	O
.	O
Silencing	O
OCT4A	O
suppresses	O
p21Cip1	O
,	O
changes	O
cell	O
cycle	O
regulation	O
and	O
subsequently	O
suppresses	O
terminal	O
senescence	O
;	O
p21Cip1	O
-	O
silencing	O
did	O
not	O
affect	O
OCT4A	O
expression	O
or	O
cellular	O
phenotype	O
.	O
SOX2	O
and	O
NANOG	O
expression	O
did	O
not	O
change	O
following	O
ETO	B
treatment	O
suggesting	O
a	O
dissociation	O
of	O
OCT4A	O
from	O
its	O
pluripotency	O
function	O
.	O
Instead	O
,	O
ETO	B
-	O
induced	O
OCT4A	O
was	O
concomitant	O
with	O
activation	O
of	O
AMPK	O
,	O
a	O
key	O
component	O
of	O
metabolic	O
stress	O
and	O
autophagy	O
regulation	O
.	O
p16ink4a	O
,	O
the	O
inducer	O
of	O
terminal	O
senescence	O
,	O
underwent	O
autophagic	O
sequestration	O
in	O
the	O
cytoplasm	O
of	O
ETO	B
-	O
treated	O
cells	O
,	O
allowing	O
alternative	O
cell	O
fates	O
.	O
Accordingly	O
,	O
failure	O
of	O
autophagy	O
was	O
accompanied	O
by	O
an	O
accumulation	O
of	O
p16ink4a	O
,	O
nuclear	O
disintegration	O
,	O
and	O
loss	O
of	O
cell	O
recovery	O
.	O
Together	O
,	O
these	O
findings	O
imply	O
that	O
OCT4A	O
induction	O
following	O
DNA	O
damage	O
in	O
PA	O
-	O
1	O
cells	O
,	O
performs	O
a	O
cell	O
stress	O
,	O
rather	O
than	O
self	O
-	O
renewal	O
,	O
function	O
by	O
moderating	O
the	O
expression	O
of	O
p21Cip1	O
,	O
which	O
alongside	O
AMPK	O
helps	O
to	O
then	O
regulate	O
autophagy	O
.	O
Moreover	O
,	O
this	O
data	O
indicates	O
that	O
exhaustion	O
of	O
autophagy	O
,	O
through	O
persistent	O
DNA	O
damage	O
,	O
is	O
the	O
cause	O
of	O
terminal	O
cellular	O
senescence	O
.	O

Genome	O
-	O
wide	O
association	O
studies	O
have	O
identified	O
genomic	O
loci	O
,	O
whose	O
single	O
-	O
nucleotide	O
polymorphisms	O
(	O
SNPs	O
)	O
predispose	O
to	O
prostate	O
cancer	O
(	O
PCa	O
)	O
.	O
However	O
,	O
the	O
mechanisms	O
of	O
most	O
of	O
these	O
variants	O
are	O
largely	O
unknown	O
.	O
We	O
integrated	O
chromatin	O
-	O
immunoprecipitation	O
-	O
coupled	O
sequencing	O
and	O
microarray	O
expression	O
profiling	O
in	O
TMPRSS2	O
-	O
ERG	O
gene	O
rearrangement	O
positive	O
DUCaP	O
cells	O
with	O
the	O
GWAS	O
PCa	O
risk	O
SNPs	O
catalog	O
to	O
identify	O
disease	O
susceptibility	O
SNPs	O
localized	O
within	O
functional	O
androgen	O
receptor	O
-	O
binding	O
sites	O
(	O
ARBSs	O
)	O
.	O
Among	O
the	O
48	O
GWAS	O
index	O
risk	O
SNPs	O
and	O
3	O
,	O
917	O
linked	O
SNPs	O
,	O
80	O
were	O
found	O
located	O
in	O
ARBSs	O
.	O
Of	O
these	O
,	O
rs11891426	O
:	O
T	O
>	O
G	O
in	O
an	O
intron	O
of	O
the	O
melanophilin	O
gene	O
(	O
MLPH	O
)	O
was	O
within	O
a	O
novel	O
putative	O
auxiliary	O
AR	O
-	O
binding	O
motif	O
,	O
which	O
is	O
enriched	O
in	O
the	O
neighborhood	O
of	O
canonical	O
androgen	B
-	O
responsive	O
elements	O
.	O
T	O
>	O
G	O
exchange	O
attenuated	O
the	O
transcriptional	O
activity	O
of	O
the	O
ARBS	O
in	O
an	O
AR	O
reporter	O
gene	O
assay	O
.	O
The	O
expression	O
of	O
MLPH	O
in	O
primary	O
prostate	O
tumors	O
was	O
significantly	O
lower	O
in	O
those	O
with	O
the	O
G	O
compared	O
with	O
the	O
T	O
allele	O
and	O
correlated	O
significantly	O
with	O
AR	O
protein	O
.	O
Higher	O
melanophilin	O
level	O
in	O
prostate	O
tissue	O
of	O
patients	O
with	O
a	O
favorable	O
PCa	O
risk	O
profile	O
points	O
out	O
a	O
tumor	O
-	O
suppressive	O
effect	O
.	O
These	O
results	O
unravel	O
a	O
hidden	O
link	O
between	O
AR	O
and	O
a	O
functional	O
putative	O
PCa	O
risk	O
SNP	O
,	O
whose	O
allele	O
alteration	O
affects	O
androgen	B
regulation	O
of	O
its	O
host	O
gene	O
MLPH	O
.	O

Salidroside	B
Ameliorates	O
Renal	O
Interstitial	O
Fibrosis	O
by	O
Inhibiting	O
the	O
TLR4	O
/	O
NF	O
-	O
kappaB	O
and	O
MAPK	O
Signaling	O
Pathways	O
.	O

Salidroside	B
(	O
Sal	B
)	O
is	O
an	O
active	O
ingredient	O
that	O
is	O
isolated	O
from	O
Rhodiola	O
rosea	O
,	O
which	O
has	O
been	O
reported	O
to	O
have	O
anti	O
-	O
inflammatory	O
activities	O
and	O
a	O
renal	O
protective	O
effect	O
.	O
However	O
,	O
the	O
role	O
of	O
Sal	B
on	O
renal	O
fibrosis	O
has	O
not	O
yet	O
been	O
elucidated	O
.	O
Here	O
,	O
the	O
purpose	O
of	O
the	O
current	O
study	O
is	O
to	O
test	O
the	O
protective	O
effects	O
of	O
Sal	B
against	O
renal	O
interstitial	O
fibrosis	O
(	O
RIF	O
)	O
,	O
and	O
to	O
explore	O
the	O
underlying	O
mechanisms	O
using	O
both	O
in	O
vivo	O
and	O
in	O
vitro	O
models	O
.	O
In	O
this	O
study	O
,	O
we	O
establish	O
the	O
unilateral	O
ureteric	O
obstruction	O
(	O
UUO	O
)	O
or	O
folic	B
acid	I
(	O
FA	B
)	O
-	O
induced	O
mice	O
renal	O
interstitial	O
fibrosis	O
in	O
vivo	O
and	O
the	O
transforming	O
growth	O
factor	O
(	O
TGF	O
)	O
-	O
beta1	O
-	O
stimulated	O
human	O
proximal	O
tubular	O
epithelial	O
cell	O
(	O
HK	O
-	O
2	O
)	O
model	O
in	O
vitro	O
.	O
The	O
levels	O
of	O
kidney	O
functional	O
parameters	O
and	O
inflammatory	O
cytokines	O
in	O
serum	O
are	O
examined	O
.	O
The	O
degree	O
of	O
renal	O
damage	O
and	O
fibrosis	O
is	O
determined	O
by	O
histological	O
assessment	O
.	O
Immunohistochemistry	O
and	O
western	O
blotting	O
are	O
used	O
to	O
determine	O
the	O
mechanisms	O
of	O
Sal	B
against	O
RIF	O
.	O
Our	O
results	O
show	O
that	O
treatment	O
with	O
Sal	B
can	O
ameliorate	O
tubular	O
injury	O
and	O
deposition	O
of	O
the	O
extracellular	O
matrix	O
(	O
ECM	O
)	O
components	O
(	O
including	O
collagen	O
SH	O
and	O
collagen	O
I	O
)	O
.	O
Furthermore	O
,	O
Sal	B
administration	O
significantly	O
suppresses	O
epithelial	O
-	O
mesenchymal	O
transition	O
(	O
EMT	O
)	O
,	O
as	O
evidenced	O
by	O
a	O
decreased	O
expression	O
of	O
alpha	O
-	O
SMA	O
,	O
vimentin	O
,	O
TGF	O
-	O
beta1	O
,	O
snail	O
,	O
slug	O
,	O
and	O
a	O
largely	O
restored	O
expression	O
of	O
E	O
-	O
cadherin	O
.	O
Additionally	O
,	O
Sal	B
also	O
reduces	O
the	O
levels	O
of	O
serum	O
biochemical	O
markers	O
(	O
serum	O
creatinine	B
,	O
Scr	O
;	O
blood	O
urea	B
nitrogen	B
,	O
BUN	O
;	O
and	O
uric	B
acid	I
,	O
UA	B
)	O
and	O
decreases	O
the	O
release	O
of	O
inflammatory	O
cytokines	O
(	O
IL	O
-	O
1beta	O
,	O
IL	O
-	O
6	O
,	O
TNF	O
-	O
alpha	O
)	O
.	O
Further	O
study	O
revealed	O
that	O
the	O
effect	O
of	O
Sal	B
on	O
renal	O
interstitial	O
fibrosis	O
is	O
associated	O
with	O
the	O
lower	O
expression	O
of	O
TLR4	O
,	O
p	O
-	O
IkappaBalpha	O
,	O
p	O
-	O
NF	O
-	O
kappaB	O
and	O
mitogen	O
-	O
activated	O
protein	O
kinases	O
(	O
MAPK	O
)	O
,	O
both	O
in	O
vivo	O
and	O
in	O
vitro	O
.	O
In	O
conclusion	O
,	O
Sal	B
treatment	O
improves	O
kidney	O
function	O
,	O
ameliorates	O
the	O
deposition	O
of	O
the	O
ECM	O
components	O
and	O
relieves	O
the	O
protein	O
levels	O
of	O
EMT	O
markers	O
in	O
mouse	O
kidneys	O
and	O
HK	O
-	O
2	O
cells	O
.	O
Furthermore	O
,	O
Sal	B
treatment	O
significantly	O
decreases	O
the	O
release	O
of	O
inflammatory	O
cytokines	O
and	O
inhibits	O
the	O
TLR4	O
/	O
NF	O
-	O
kappaB	O
and	O
MAPK	O
signaling	O
pathways	O
.	O
Collectively	O
,	O
these	O
results	O
suggest	O
that	O
the	O
administration	O
of	O
Sal	B
could	O
be	O
a	O
novel	O
therapeutic	O
strategy	O
in	O
treating	O
renal	O
fibrosis	O
.	O

BACKGROUND	O
AND	O
OBJECTIVES	O
:	O
The	O
low	O
prevalence	O
of	O
the	O
C282Y	O
mutation	O
of	O
the	O
HFE	O
gene	O
in	O
Japan	O
means	O
that	O
the	O
genetic	O
background	O
of	O
hemochromatosis	O
in	O
Japanese	O
patients	O
remains	O
unclear	O
.	O
In	O
a	O
previous	O
report	O
,	O
we	O
showed	O
that	O
3	O
patients	O
from	O
one	O
family	O
had	O
an	O
AVAQ	O
594	O
-	O
597	O
deletion	O
of	O
the	O
transferrin	O
receptor	O
(	O
TfR2	O
)	O
gene	O
.	O
This	O
suggests	O
that	O
the	O
TfR2	O
gene	O
is	O
involved	O
in	O
hemochromatosis	O
in	O
Japanese	O
patients	O
.	O
DESIGN	O
AND	O
METHODS	O
:	O
Nine	O
patients	O
clinically	O
diagnosed	O
with	O
hemochromatosis	O
were	O
included	O
in	O
the	O
study	O
.	O
DNA	O
was	O
extracted	O
from	O
whole	O
blood	O
samples	O
collected	O
with	O
informed	O
consent	O
.	O
The	O
HFE	O
and	O
TfR2	O
genes	O
were	O
analyzed	O
by	O
sequencing	O
the	O
coding	O
region	O
and	O
splicing	O
sites	O
.	O
RESULTS	O
:	O
There	O
were	O
no	O
mutations	O
in	O
the	O
HFE	O
gene	O
.	O
In	O
the	O
TfR2	O
gene	O
,	O
2	O
novel	O
mutations	O
,	O
1469T	O
-	O
>	O
G	O
(	O
L490R	O
)	O
and	O
1665delC	O
(	O
V561X	O
)	O
,	O
were	O
found	O
in	O
2	O
patients	O
.	O
A	O
known	O
variation	O
,	O
714C	O
-	O
>	O
(	O
I238M	O
)	O
,	O
was	O
also	O
found	O
in	O
the	O
patient	O
with	O
L490R	O
.	O
The	O
patient	O
homozygous	O
for	O
both	O
L490R	O
and	O
I238M	O
presented	O
with	O
a	O
mild	O
manifestation	O
of	O
hemochromatosis	O
at	O
the	O
age	O
of	O
41	O
years	O
.	O
His	O
liver	O
was	O
cirrhotic	O
with	O
parenchymal	O
iron	B
deposits	O
and	O
the	O
result	O
of	O
a	O
glucose	B
tolerance	O
test	O
was	O
compatible	O
with	O
diabetes	O
mellitus	O
.	O
The	O
patient	O
homozygous	O
for	O
V561X	O
had	O
severe	O
iron	O
overload	O
with	O
the	O
triad	O
of	O
cirrhosis	O
,	O
diabetes	O
mellitus	O
and	O
skin	O
pigmentation	O
at	O
the	O
age	O
of	O
58	O
years	O
.	O
INTERPRETATION	O
AND	O
CONCLUSIONS	O
:	O
Taken	O
together	O
with	O
the	O
previous	O
report	O
,	O
5	O
of	O
our	O
12	O
patients	O
with	O
hemochromatosis	O
manifesting	O
in	O
middle	O
age	O
had	O
mutations	O
in	O
the	O
TfR2	O
gene	O
.	O
Thus	O
,	O
TfR2	O
plays	O
a	O
role	O
in	O
the	O
pathogenesis	O
of	O
hemochromatosis	O
in	O
Japan	O
.	O

Succinylcholine	B
-	O
induced	O
masseter	O
muscle	O
rigidity	O
during	O
bronchoscopic	O
removal	O
of	O
a	O
tracheal	O
foreign	O
body	O
.	O

Masseter	O
muscle	O
rigidity	O
during	O
general	O
anesthesia	O
is	O
considered	O
an	O
early	O
warning	O
sign	O
of	O
a	O
possible	O
episode	O
of	O
malignant	O
hyperthermia	O
.	O
The	O
decision	O
whether	O
to	O
continue	O
or	O
discontinue	O
the	O
procedure	O
depends	O
on	O
the	O
urgency	O
of	O
the	O
surgery	O
and	O
severity	O
of	O
masseter	O
muscle	O
rigidity	O
.	O
Here	O
,	O
we	O
describe	O
a	O
case	O
of	O
severe	O
masseter	O
muscle	O
rigidity	O
(	O
jaw	O
of	O
steel	O
)	O
after	O
succinylcholine	B
(	O
Sch	B
)	O
administration	O
during	O
general	O
anesthetic	O
management	O
for	O
rigid	O
bronchoscopic	O
removal	O
of	O
a	O
tracheal	O
foreign	O
body	O
.	O
Anesthesia	O
was	O
continued	O
uneventfully	O
with	O
propofol	B
infusion	O
while	O
all	O
facilities	O
were	O
available	O
to	O
detect	O
and	O
treat	O
malignant	O
hyperthermia	O
.	O

Curcumin	B
decreases	O
specificity	O
protein	O
expression	O
in	O
bladder	O
cancer	O
cells	O
.	O

Curcumin	B
is	O
the	O
active	O
component	O
of	O
tumeric	O
,	O
and	O
this	O
polyphenolic	O
compound	O
has	O
been	O
extensively	O
investigated	O
as	O
an	O
anticancer	O
drug	O
that	O
modulates	O
multiple	O
pathways	O
and	O
genes	O
.	O
In	O
this	O
study	O
,	O
10	O
to	O
25	O
micromol	O
/	O
L	O
curcumin	B
inhibited	O
253JB	O
-	O
V	O
and	O
KU7	O
bladder	O
cancer	O
cell	O
growth	O
,	O
and	O
this	O
was	O
accompanied	O
by	O
induction	O
of	O
apoptosis	O
and	O
decreased	O
expression	O
of	O
the	O
proapoptotic	O
protein	O
survivin	O
and	O
the	O
angiogenic	O
proteins	O
vascular	O
endothelial	O
growth	O
factor	O
(	O
VEGF	O
)	O
and	O
VEGF	O
receptor	O
1	O
(	O
VEGFR1	O
)	O
.	O
Because	O
expression	O
of	O
survivin	O
,	O
VEGF	O
,	O
and	O
VEGFR1	O
are	O
dependent	O
on	O
specificity	O
protein	O
(	O
Sp	O
)	O
transcription	O
factors	O
,	O
we	O
also	O
investigated	O
the	O
effects	O
of	O
curcumin	B
on	O
Sp	O
protein	O
expression	O
as	O
an	O
underlying	O
mechanism	O
for	O
the	O
apoptotic	O
and	O
antiangiogenic	O
activity	O
of	O
this	O
compound	O
.	O
The	O
results	O
show	O
that	O
curcumin	B
induced	O
proteasome	O
-	O
dependent	O
down	O
-	O
regulation	O
of	O
Sp1	O
,	O
Sp3	O
,	O
and	O
Sp4	O
in	O
253JB	O
-	O
V	O
and	O
KU7	O
cells	O
.	O
Moreover	O
,	O
using	O
RNA	O
interference	O
with	O
small	O
inhibitory	O
RNAs	O
for	O
Sp1	O
,	O
Sp3	O
,	O
and	O
Sp4	O
,	O
we	O
observed	O
that	O
curcumin	B
-	O
dependent	O
inhibition	O
of	O
nuclear	O
factor	O
kappaB	O
(	O
NF	O
-	O
kappaB	O
)	O
-	O
dependent	O
genes	O
,	O
such	O
as	O
bcl	O
-	O
2	O
,	O
survivin	O
,	O
and	O
cyclin	O
D1	O
,	O
was	O
also	O
due	O
,	O
in	O
part	O
,	O
to	O
loss	O
of	O
Sp	O
proteins	O
.	O
Curcumin	B
also	O
decreased	O
bladder	O
tumor	O
growth	O
in	O
athymic	O
nude	O
mice	O
bearing	O
KU7	O
cells	O
as	O
xenografts	O
and	O
this	O
was	O
accompanied	O
by	O
decreased	O
Sp1	O
,	O
Sp3	O
,	O
and	O
Sp4	O
protein	O
levels	O
in	O
tumors	O
.	O
These	O
results	O
show	O
for	O
the	O
first	O
time	O
that	O
one	O
of	O
the	O
underlying	O
mechanisms	O
of	O
action	O
of	O
curcumin	B
as	O
a	O
cancer	O
chemotherapeutic	O
agent	O
is	O
due	O
,	O
in	O
part	O
,	O
to	O
decreased	O
expression	O
of	O
Sp	O
transcription	O
factors	O
in	O
bladder	O
cancer	O
cells	O
.	O

Histamine	B
regulates	O
functions	O
via	O
four	O
receptors	O
(	O
HRH1	O
,	O
HRH2	O
,	O
HRH3	O
,	O
and	O
HRH4	O
)	O
.	O
The	O
d	B
-	I
myo	I
-	I
inositol	I
1	I
,	I
4	I
,	I
5	I
-	I
trisphosphate	I
(	O
IP	B
(	I
3	I
)	I
)	O
/	O
Ca	B
(	I
2	I
+	I
)	I
/	O
protein	O
kinase	O
C	O
(	O
PKC	O
)	O
/	O
mitogen	O
-	O
activated	O
protein	O
kinase	O
pathway	O
regulates	O
cholangiocarcinoma	O
growth	O
.	O
We	O
evaluated	O
the	O
role	O
of	O
HRH3	O
in	O
the	O
regulation	O
of	O
cholangiocarcinoma	O
growth	O
.	O
Expression	O
of	O
HRH3	O
in	O
intrahepatic	O
and	O
extrahepatic	O
cell	O
lines	O
,	O
normal	O
cholangiocytes	O
,	O
and	O
human	O
tissue	O
arrays	O
was	O
measured	O
.	O
In	O
Mz	O
-	O
ChA	O
-	O
1	O
cells	O
stimulated	O
with	O
(	B
R	I
)	I
-	I
(	B
alpha	I
)	I
-	I
(	B
-	I
)	I
-	I
methylhistamine	I
dihydrobromide	I
(	O
RAMH	B
)	O
,	O
we	O
measured	O
(	O
a	O
)	O
cell	O
growth	O
,	O
(	O
b	O
)	O
IP	B
(	I
3	I
)	I
and	O
cyclic	B
AMP	I
levels	O
,	O
and	O
(	O
c	O
)	O
phosphorylation	O
of	O
PKC	O
and	O
mitogen	O
-	O
activated	O
protein	O
kinase	O
isoforms	O
.	O
Localization	O
of	O
PKCalpha	O
was	O
visualized	O
by	O
immunofluorescence	O
in	O
cell	O
smears	O
and	O
immunoblotting	O
for	O
PKCalpha	O
in	O
cytosol	O
and	O
membrane	O
fractions	O
.	O
Following	O
knockdown	O
of	O
PKCalpha	O
,	O
Mz	O
-	O
ChA	O
-	O
1	O
cells	O
were	O
stimulated	O
with	O
RAMH	B
before	O
evaluating	O
cell	O
growth	O
and	O
extracellular	O
signal	O
-	O
regulated	O
kinase	O
(	O
ERK	O
)	O
-	O
1	O
/	O
2	O
phosphorylation	O
.	O
In	O
vivo	O
experiments	O
were	O
done	O
in	O
BALB	O
/	O
c	O
nude	O
mice	O
.	O
Mice	O
were	O
treated	O
with	O
saline	O
or	O
RAMH	B
for	O
44	O
days	O
and	O
tumor	O
volume	O
was	O
measured	O
.	O
Tumors	O
were	O
excised	O
and	O
evaluated	O
for	O
proliferation	O
,	O
apoptosis	O
,	O
and	O
expression	O
of	O
PKCalpha	O
,	O
vascular	O
endothelial	O
growth	O
factor	O
(	O
VEGF	O
)	O
-	O
A	O
,	O
VEGF	O
-	O
C	O
,	O
VEGF	O
receptor	O
2	O
,	O
and	O
VEGF	O
receptor	O
3	O
.	O
HRH3	O
expression	O
was	O
found	O
in	O
all	O
cells	O
.	O
RAMH	B
inhibited	O
the	O
growth	O
of	O
cholangiocarcinoma	O
cells	O
.	O
RAMH	B
increased	O
IP	B
(	I
3	I
)	I
levels	O
and	O
PKCalpha	O
phosphorylation	O
and	O
decreased	O
ERK1	O
/	O
2	O
phosphorylation	O
.	O
RAMH	B
induced	O
a	O
shift	O
in	O
the	O
localization	O
of	O
PKCalpha	O
expression	O
from	O
the	O
cytosolic	O
domain	O
into	O
the	O
membrane	O
region	O
of	O
Mz	O
-	O
ChA	O
-	O
1	O
cells	O
.	O
Silencing	O
of	O
PKCalpha	O
prevented	O
RAMH	B
inhibition	O
of	O
Mz	O
-	O
ChA	O
-	O
1	O
cell	O
growth	O
and	O
ablated	O
RAMH	B
effects	O
on	O
ERK1	O
/	O
2	O
phosphorylation	O
.	O
In	O
vivo	O
,	O
RAMH	B
decreased	O
tumor	O
growth	O
and	O
expression	O
of	O
VEGF	O
and	O
its	O
receptors	O
;	O
PKCalpha	O
expression	O
was	O
increased	O
.	O
RAMH	B
inhibits	O
cholangiocarcinoma	O
growth	O
by	O
PKCalpha	O
-	O
dependent	O
ERK1	O
/	O
2	O
dephosphorylation	O
.	O
Modulation	O
of	O
PKCalpha	O
by	O
histamine	O
receptors	O
may	O
be	O
important	O
in	O
regulating	O
cholangiocarcinoma	O
growth	O
.	O

ARX	O
mutations	O
cause	O
a	O
diverse	O
spectrum	O
of	O
human	O
disorders	O
,	O
ranging	O
from	O
severe	O
brain	O
and	O
genital	O
malformations	O
to	O
non	O
-	O
syndromic	O
intellectual	O
disability	O
(	O
ID	O
)	O
.	O
ARX	O
is	O
a	O
transcription	O
factor	O
with	O
multiple	O
domains	O
that	O
include	O
four	O
polyalanine	B
(	O
pA	B
)	O
tracts	O
,	O
the	O
first	O
two	O
of	O
which	O
are	O
frequently	O
expanded	O
by	O
mutations	O
.	O
We	O
progressively	O
screened	O
DNA	O
samples	O
from	O
613	O
individuals	O
with	O
ID	O
initially	O
for	O
the	O
most	O
frequent	O
ARX	O
mutations	O
(	O
c	O
.	O
304ins	O
(	O
GCG	O
)	O
(	O
7	O
)	O
'	O
expansion	O
'	O
of	O
pA1	O
and	O
c	O
.	O
429_452dup	O
'	O
dup24bp	O
'	O
of	O
pA2	O
)	O
.	O
Five	O
hundred	O
samples	O
without	O
pA1	O
or	O
pA2	O
mutations	O
had	O
the	O
entire	O
ARX	O
ORF	O
screened	O
by	O
single	O
stranded	O
polymorphism	O
conformation	O
(	O
SSCP	O
)	O
and	O
/	O
or	O
denaturing	O
high	O
pressure	O
liquid	O
chromatography	O
(	O
dHPLC	O
)	O
analysis	O
.	O
Overall	O
,	O
eight	O
families	O
with	O
six	O
mutations	O
in	O
ARX	O
were	O
identified	O
(	O
1	O
.	O
31	O
%	O
)	O
:	O
five	O
duplication	O
mutations	O
in	O
pA2	O
(	O
0	O
.	O
82	O
%	O
)	O
with	O
three	O
new	O
clinical	O
reports	O
of	O
families	O
with	O
the	O
dup24bp	O
and	O
two	O
duplications	O
larger	O
than	O
the	O
dup24bp	O
mutation	O
discovered	O
(	O
dup27bp	O
,	O
dup33bp	O
)	O
;	O
and	O
three	O
point	O
mutations	O
(	O
0	O
.	O
6	O
%	O
)	O
,	O
including	O
one	O
novel	O
mutation	O
in	O
the	O
homeodomain	O
(	O
c	O
.	O
1074G	O
>	O
T	O
)	O
.	O
Four	O
ultraconserved	O
regions	O
distal	O
to	O
ARX	O
(	O
uc466	O
-	O
469	O
)	O
were	O
also	O
screened	O
in	O
a	O
subset	O
of	O
94	O
patients	O
,	O
with	O
three	O
unique	O
nucleotide	O
changes	O
identified	O
in	O
two	O
(	O
uc466	O
,	O
uc467	O
)	O
.	O
The	O
subcellular	O
localization	O
of	O
full	O
length	O
ARX	O
proteins	O
was	O
assessed	O
for	O
11	O
variants	O
.	O
Protein	O
mislocalization	O
increased	O
as	O
a	O
function	O
of	O
pA2	O
tract	O
length	O
and	O
phenotypic	O
severity	O
,	O
as	O
has	O
been	O
previously	O
suggested	O
for	O
pA1	O
.	O
Similarly	O
,	O
protein	O
mislocalization	O
of	O
the	O
homeodomain	O
mutations	O
also	O
correlated	O
with	O
clinical	O
severity	O
,	O
suggesting	O
an	O
emerging	O
genotype	O
vs	O
cellular	O
phenotype	O
correlation	O
.	O

The	O
discoidin	O
domain	O
receptors	O
(	O
DDRs	O
)	O
,	O
DDR1	O
and	O
DDR2	O
,	O
form	O
a	O
unique	O
subfamily	O
of	O
receptor	O
tyrosine	O
kinases	O
that	O
are	O
activated	O
by	O
the	O
binding	O
of	O
triple	O
-	O
helical	O
collagen	O
.	O
Excessive	O
signaling	O
by	O
DDR1	O
and	O
DDR2	O
has	O
been	O
linked	O
to	O
the	O
progression	O
of	O
various	O
human	O
diseases	O
,	O
including	O
fibrosis	O
,	O
atherosclerosis	O
and	O
cancer	O
.	O
We	O
report	O
the	O
inhibition	O
of	O
these	O
unusual	O
receptor	O
tyrosine	O
kinases	O
by	O
the	O
multi	O
-	O
targeted	O
cancer	O
drugs	O
imatinib	B
and	O
ponatinib	B
,	O
as	O
well	O
as	O
the	O
selective	O
type	O
II	O
inhibitor	O
DDR1	B
-	I
IN	I
-	I
1	I
.	O
Ponatinib	B
is	O
identified	O
as	O
the	O
more	O
potent	O
molecule	O
,	O
which	O
inhibits	O
DDR1	O
and	O
DDR2	O
with	O
an	O
IC50	O
of	O
9nM	O
.	O
Co	O
-	O
crystal	O
structures	O
of	O
human	O
DDR1	O
reveal	O
a	O
DFG	B
-	O
out	O
conformation	O
(	O
DFG	B
,	O
Asp	B
-	I
Phe	I
-	I
Gly	I
)	O
of	O
the	O
kinase	O
domain	O
that	O
is	O
stabilized	O
by	O
an	O
unusual	O
salt	O
bridge	O
between	O
the	O
activation	O
loop	O
and	O
aD	O
helix	O
.	O
Differences	O
to	O
Abelson	O
kinase	O
(	O
ABL	O
)	O
are	O
observed	O
in	O
the	O
DDR1	O
P	O
-	O
loop	O
,	O
where	O
a	O
b	O
-	O
hairpin	O
replaces	O
the	O
cage	O
-	O
like	O
structure	O
of	O
ABL	O
.	O
P	O
-	O
loop	O
residues	O
in	O
DDR1	O
that	O
confer	O
drug	O
resistance	O
in	O
ABL	O
are	O
therefore	O
accommodated	O
outside	O
the	O
ATP	B
pocket	O
.	O
Whereas	O
imatinib	B
and	O
ponatinib	B
bind	O
potently	O
to	O
both	O
the	O
DDR	O
and	O
ABL	O
kinases	O
,	O
the	O
hydrophobic	O
interactions	O
of	O
the	O
ABL	O
P	O
-	O
loop	O
appear	O
poorly	O
satisfied	O
by	O
DDR1	B
-	I
IN	I
-	I
1	I
suggesting	O
a	O
structural	O
basis	O
for	O
its	O
DDR1	O
selectivity	O
.	O
Such	O
inhibitors	O
may	O
have	O
applications	O
in	O
clinical	O
indications	O
of	O
DDR1	O
and	O
DDR2	O
overexpression	O
or	O
mutation	O
,	O
including	O
lung	O
cancer	O
.	O

Low	O
functional	O
programming	O
of	O
renal	O
AT2R	O
mediates	O
the	O
developmental	O
origin	O
of	O
glomerulosclerosis	O
in	O
adult	O
offspring	O
induced	O
by	O
prenatal	O
caffeine	B
exposure	O
.	O

UNASSIGNED	O
:	O
Our	O
previous	O
study	O
has	O
indicated	O
that	O
prenatal	O
caffeine	B
exposure	O
(	O
PCE	O
)	O
could	O
induce	O
intrauterine	O
growth	O
retardation	O
(	O
IUGR	O
)	O
of	O
offspring	O
.	O
Recent	O
research	O
suggested	O
that	O
IUGR	O
is	O
a	O
risk	O
factor	O
for	O
glomerulosclerosis	O
.	O
However	O
,	O
whether	O
PCE	O
could	O
induce	O
glomerulosclerosis	O
and	O
its	O
underlying	O
mechanisms	O
remain	O
unknown	O
.	O
This	O
study	O
aimed	O
to	O
demonstrate	O
the	O
induction	O
to	O
glomerulosclerosis	O
in	O
adult	O
offspring	O
by	O
PCE	O
and	O
its	O
intrauterine	O
programming	O
mechanisms	O
.	O
A	O
rat	O
model	O
of	O
IUGR	O
was	O
established	O
by	O
PCE	O
,	O
male	O
fetuses	O
and	O
adult	O
offspring	O
at	O
the	O
age	O
of	O
postnatal	O
week	O
24	O
were	O
euthanized	O
.	O
The	O
results	O
revealed	O
that	O
the	O
adult	O
offspring	O
kidneys	O
in	O
the	O
PCE	O
group	O
exhibited	O
glomerulosclerosis	O
as	O
well	O
as	O
interstitial	O
fibrosis	O
,	O
accompanied	O
by	O
elevated	O
levels	O
of	O
serum	O
creatinine	B
and	O
urine	O
protein	O
.	O
Renal	O
angiotensin	O
II	O
receptor	O
type	O
2	O
(	O
AT2R	O
)	O
gene	O
expression	O
in	O
adult	O
offspring	O
was	O
reduced	O
by	O
PCE	O
,	O
whereas	O
the	O
renal	O
angiotensin	O
II	O
receptor	O
type	O
1a	O
(	O
AT1aR	O
)	O
/	O
AT2R	O
expression	O
ratio	O
was	O
increased	O
.	O
The	O
fetal	O
kidneys	O
in	O
the	O
PCE	O
group	O
displayed	O
an	O
enlarged	O
Bowman	O
'	O
s	O
space	O
and	O
a	O
shrunken	O
glomerular	O
tuft	O
,	O
accompanied	O
by	O
a	O
reduced	O
cortex	O
width	O
and	O
an	O
increase	O
in	O
the	O
nephrogenic	O
zone	O
/	O
cortical	O
zone	O
ratio	O
.	O
Observation	O
by	O
electronic	O
microscope	O
revealed	O
structural	O
damage	O
of	O
podocytes	O
;	O
the	O
reduced	O
expression	O
level	O
of	O
podocyte	O
marker	O
genes	O
,	O
nephrin	O
and	O
podocin	O
,	O
was	O
also	O
detected	O
by	O
q	O
-	O
PCR	O
.	O
Moreover	O
,	O
AT2R	O
gene	O
and	O
protein	O
expressions	O
in	O
fetal	O
kidneys	O
were	O
inhibited	O
by	O
PCE	O
,	O
associated	O
with	O
the	O
repression	O
of	O
the	O
gene	O
expression	O
of	O
glial	O
-	O
cell	O
-	O
line	O
-	O
derived	O
neurotrophic	O
factor	O
(	O
GDNF	O
)	O
/	O
tyrosine	O
kinase	O
receptor	O
(	O
c	O
-	O
Ret	O
)	O
signaling	O
pathway	O
.	O
These	O
results	O
demonstrated	O
that	O
PCE	O
could	O
induce	O
dysplasia	O
of	O
fetal	O
kidneys	O
as	O
well	O
as	O
glomerulosclerosis	O
of	O
adult	O
offspring	O
,	O
and	O
the	O
low	O
functional	O
programming	O
of	O
renal	O
AT2R	O
might	O
mediate	O
the	O
developmental	O
origin	O
of	O
adult	O
glomerulosclerosis	O
.	O

Dysregulation	O
of	O
the	O
oncogenic	O
transcription	O
factor	O
MYC	O
induces	O
B	O
-	O
cell	O
transformation	O
and	O
is	O
a	O
driver	O
for	O
B	O
-	O
cell	O
non	O
-	O
Hodgkin	O
lymphoma	O
(	O
B	O
-	O
NHL	O
)	O
.	O
MYC	O
overexpression	O
in	O
B	O
-	O
NHL	O
is	O
associated	O
with	O
more	O
aggressive	O
phenotypes	O
and	O
poor	O
prognosis	O
.	O
Although	O
genomic	O
studies	O
suggest	O
a	O
link	O
between	O
MYC	O
overexpression	O
and	O
B	O
-	O
cell	O
receptor	O
(	O
BCR	O
)	O
signaling	O
molecules	O
in	O
B	O
-	O
NHL	O
,	O
signaling	O
pathways	O
essential	O
to	O
Myc	O
-	O
mediated	O
B	O
-	O
cell	O
transformation	O
have	O
not	O
been	O
fully	O
elucidated	O
.	O
We	O
utilized	O
intracellular	O
phospho	O
-	O
flow	O
cytometry	O
to	O
investigate	O
the	O
relationship	O
between	O
Myc	O
and	O
BCR	O
signaling	O
in	O
pre	O
-	O
malignant	O
B	O
cells	O
.	O
Utilizing	O
the	O
Eu	O
-	O
myc	O
mouse	O
model	O
,	O
where	O
Myc	O
is	O
overexpressed	O
specifically	O
in	O
B	O
cells	O
,	O
both	O
basal	O
and	O
stimulated	O
BCR	O
signaling	O
were	O
increased	O
in	O
precancerous	O
B	O
lymphocytes	O
from	O
Eu	O
-	O
myc	O
mice	O
compared	O
with	O
wild	O
-	O
type	O
littermates	O
.	O
B	O
cells	O
overexpressing	O
Myc	O
displayed	O
constitutively	O
higher	O
levels	O
of	O
activated	O
CD79a	O
,	O
Btk	O
,	O
Plcg2	O
and	O
Erk1	O
/	O
2	O
.	O
Notably	O
,	O
Myc	O
-	O
overexpressing	O
B	O
cells	O
maintained	O
elevated	O
BCR	O
signaling	O
despite	O
treatment	O
with	O
ibrutinib	B
,	O
a	O
Bruton	O
'	O
s	O
tyrosine	O
kinase	O
inhibitor	O
.	O
Furthermore	O
,	O
PI3K	O
/	O
Akt	O
pathway	O
signaling	O
was	O
also	O
increased	O
in	O
Eu	O
-	O
myc	O
B	O
cells	O
,	O
and	O
this	O
increase	O
was	O
partially	O
suppressed	O
with	O
ibrutinib	B
.	O
In	O
addition	O
,	O
experiments	O
with	O
Btk	O
-	O
null	O
B	O
cells	O
revealed	O
off	O
-	O
target	O
effects	O
of	O
ibrutinib	B
on	O
BCR	O
signaling	O
.	O
Our	O
data	O
show	O
that	O
in	O
pre	O
-	O
malignant	O
B	O
cells	O
,	O
Myc	O
overexpression	O
is	O
sufficient	O
to	O
activate	O
BCR	O
and	O
PI3K	O
/	O
Akt	O
signaling	O
pathways	O
and	O
further	O
enhances	O
signaling	O
following	O
BCR	O
ligation	O
.	O
Therefore	O
,	O
our	O
results	O
indicate	O
that	O
precancerous	O
B	O
cells	O
have	O
already	O
acquired	O
enhanced	O
survival	O
and	O
growth	O
capabilities	O
before	O
transformation	O
,	O
and	O
that	O
elevated	O
MYC	O
levels	O
confer	O
resistance	O
to	O
pharmacologic	O
inhibitors	O
of	O
BCR	O
signaling	O
,	O
which	O
has	O
significant	O
implications	O
for	O
B	O
-	O
NHL	O
treatment	O
.	O

Intracerebral	O
hemorrhage	O
(	O
ICH	O
)	O
is	O
a	O
devastating	O
disease	O
without	O
effective	O
treatment	O
.	O
After	O
ICH	O
,	O
the	O
immediate	O
infiltration	O
of	O
leukocytes	O
and	O
activation	O
of	O
microglia	O
are	O
accompanied	O
by	O
a	O
rapid	O
up	O
-	O
regulation	O
of	O
the	O
18	O
-	O
kDa	O
translocator	O
protein	O
(	O
TSPO	O
)	O
.	O
TSPO	O
ligands	O
have	O
shown	O
anti	O
-	O
inflammatory	O
and	O
neuroprotective	O
properties	O
in	O
models	O
of	O
CNS	O
injury	O
.	O
In	O
this	O
study	O
,	O
we	O
determined	O
the	O
impact	O
of	O
a	O
TSPO	O
ligand	O
,	O
etifoxine	B
,	O
on	O
brain	O
injury	O
and	O
inflammation	O
in	O
2	O
mouse	O
models	O
of	O
ICH	O
.	O
TSPO	O
was	O
up	O
-	O
regulated	O
in	O
Iba1	O
(	O
+	O
)	O
cells	O
from	O
brains	O
of	O
patients	O
with	O
ICH	O
and	O
in	O
CD11b	O
(	O
+	O
)	O
CD45	O
(	O
int	O
)	O
cells	O
from	O
mice	O
subjected	O
to	O
collagenase	B
-	O
induced	O
ICH	O
.	O
Etifoxine	B
significantly	O
reduced	O
neurodeficits	O
and	O
perihematomal	O
brain	O
edema	O
after	O
ICH	O
induction	O
by	O
injection	O
of	O
either	O
autologous	O
blood	O
or	O
collagenase	B
.	O
In	O
collagenase	B
-	O
induced	O
ICH	O
mice	O
,	O
the	O
protection	O
of	O
etifoxine	B
was	O
associated	O
with	O
reduced	O
leukocyte	O
infiltration	O
into	O
the	O
brain	O
and	O
microglial	O
production	O
of	O
IL	O
-	O
6	O
and	O
TNF	O
-	O
a	O
.	O
Etifoxine	B
improved	O
blood	O
-	O
brain	O
barrier	O
integrity	O
and	O
diminished	O
cell	O
death	O
.	O
Notably	O
,	O
the	O
protective	O
effect	O
of	O
etifoxine	B
was	O
abolished	O
in	O
mice	O
depleted	O
of	O
microglia	O
by	O
using	O
a	O
colony	O
-	O
stimulating	O
factor	O
1	O
receptor	O
inhibitor	O
.	O
These	O
results	O
indicate	O
that	O
the	O
TSPO	O
ligand	O
etifoxine	B
attenuates	O
brain	O
injury	O
and	O
inflammation	O
after	O
ICH	O
.	O
TSPO	O
may	O
be	O
a	O
viable	O
therapeutic	O
target	O
that	O
requires	O
further	O
investigations	O
in	O
ICH	O
.	O
-	O
Li	O
,	O
M	O
.	O
,	O
Ren	O
,	O
H	O
.	O
,	O
Sheth	O
,	O
K	O
.	O
N	O
.	O
,	O
Shi	O
,	O
F	O
.	O
-	O
D	O
.	O
,	O
Liu	O
,	O
Q	O
.	O
A	O
TSPO	O
ligand	O
attenuates	O
brain	O
injury	O
after	O
intracerebral	O
hemorrhage	O
.	O

We	O
describe	O
a	O
new	O
cause	O
of	O
congenital	O
disorder	O
of	O
glycosylation	O
-	O
Ic	O
(	O
CDG	O
-	O
Ic	O
)	O
in	O
a	O
young	O
girl	O
with	O
a	O
rather	O
mild	O
CDG	O
phenotype	O
.	O
Her	O
cells	O
accumulated	O
lipid	B
-	I
linked	I
oligosaccharides	I
lacking	O
three	O
glucose	B
residues	O
,	O
and	O
sequencing	O
of	O
the	O
ALG6	O
gene	O
showed	O
what	O
initially	O
appeared	O
to	O
be	O
a	O
homozygous	O
novel	O
point	O
mutation	O
(	O
338G	O
>	O
A	O
)	O
.	O
However	O
,	O
haplotype	O
analysis	O
showed	O
that	O
the	O
patient	O
does	O
not	O
carry	O
any	O
paternal	O
DNA	O
markers	O
extending	O
33kb	O
in	O
the	O
telomeric	O
direction	O
from	O
the	O
ALG6	O
region	O
,	O
and	O
microsatellite	O
analysis	O
extended	O
the	O
abnormal	O
region	O
to	O
at	O
least	O
2	O
.	O
5Mb	O
.	O
We	O
used	O
high	O
-	O
resolution	O
karyotyping	O
to	O
confirm	O
a	O
deletion	O
(	O
10	O
-	O
12Mb	O
)	O
[	O
del	O
(	O
1	O
)	O
(	O
p31	O
.	O
2p32	O
.	O
3	O
)	O
]	O
and	O
found	O
no	O
structural	O
abnormalities	O
in	O
the	O
father	O
,	O
suggesting	O
a	O
de	O
novo	O
event	O
.	O
Our	O
findings	O
extend	O
the	O
causes	O
of	O
CDG	O
to	O
larger	O
DNA	O
deletions	O
and	O
identify	O
the	O
first	O
Japanese	O
CDG	O
-	O
Ic	O
mutation	O
.	O

COX	O
-	O
2	O
is	O
a	O
key	O
enzyme	O
in	O
the	O
conversion	O
of	O
arachidonic	B
acid	I
to	O
prostaglandins	B
.	O
The	O
prostaglandins	B
produced	O
by	O
COX	O
-	O
2	O
are	O
involved	O
in	O
inflammation	O
and	O
pain	O
response	O
in	O
different	O
tissues	O
in	O
the	O
body	O
.	O
Accumulating	O
evidence	O
from	O
epidemiologic	O
studies	O
,	O
chemical	O
carcinogen	O
-	O
induced	O
rodent	O
models	O
and	O
clinical	O
trials	O
indicate	O
that	O
COX	O
-	O
2	O
plays	O
a	O
role	O
in	O
human	O
carcinogenesis	O
and	O
is	O
overexpressed	O
in	O
prostate	O
cancer	O
tissue	O
.	O
We	O
examined	O
whether	O
sequence	O
variants	O
in	O
the	O
COX	O
-	O
2	O
gene	O
are	O
associated	O
with	O
prostate	O
cancer	O
risk	O
.	O
We	O
analyzed	O
a	O
large	O
population	O
-	O
based	O
case	O
-	O
control	O
study	O
,	O
cancer	O
prostate	O
in	O
Sweden	O
(	O
CAPS	O
)	O
consisting	O
of	O
1	O
,	O
378	O
cases	O
and	O
782	O
controls	O
.	O
We	O
evaluated	O
16	O
single	O
nucleotide	O
polymorphisms	O
(	O
SNPs	O
)	O
spanning	O
the	O
entire	O
COX	O
-	O
2	O
gene	O
in	O
94	O
subjects	O
of	O
the	O
control	O
group	O
.	O
Five	O
SNPs	O
had	O
a	O
minor	O
allele	O
frequency	O
of	O
more	O
than	O
5	O
%	O
in	O
our	O
study	O
population	O
and	O
these	O
were	O
genotyped	O
in	O
all	O
case	O
patients	O
and	O
control	O
subjects	O
and	O
gene	O
-	O
specific	O
haplotypes	O
were	O
constructed	O
.	O
A	O
statistically	O
significant	O
difference	O
in	O
allele	O
frequency	O
between	O
cases	O
and	O
controls	O
was	O
observed	O
for	O
2	O
of	O
the	O
SNPs	O
(	O
+	O
3100	O
T	O
/	O
G	O
and	O
+	O
8365	O
C	O
/	O
T	O
)	O
,	O
with	O
an	O
odds	O
ratio	O
of	O
0	O
.	O
78	O
(	O
95	O
%	O
CI	O
=	O
0	O
.	O
64	O
-	O
0	O
.	O
96	O
)	O
and	O
0	O
.	O
65	O
(	O
95	O
%	O
CI	O
=	O
0	O
.	O
45	O
-	O
0	O
.	O
94	O
)	O
respectively	O
.	O
In	O
the	O
haplotype	O
analysis	O
,	O
1	O
haplotype	O
carrying	O
the	O
variant	O
allele	O
from	O
both	O
+	O
3100	O
T	O
/	O
G	O
and	O
+	O
8365	O
C	O
/	O
T	O
,	O
with	O
a	O
population	O
frequency	O
of	O
3	O
%	O
,	O
was	O
also	O
significantly	O
associated	O
with	O
decreased	O
risk	O
of	O
prostate	O
cancer	O
(	O
p	O
=	O
0	O
.	O
036	O
,	O
global	O
simulated	O
p	O
-	O
value	O
=	O
0	O
.	O
046	O
)	O
.	O
This	O
study	O
supports	O
the	O
hypothesis	O
that	O
inflammation	O
is	O
involved	O
in	O
prostate	O
carcinogenesis	O
and	O
that	O
sequence	O
variation	O
within	O
the	O
COX	O
-	O
2	O
gene	O
influence	O
the	O
risk	O
of	O
prostate	O
cancer	O
.	O

Drug	O
-	O
induced	O
long	O
QT	O
syndrome	O
in	O
injection	O
drug	O
users	O
receiving	O
methadone	B
:	O
high	O
frequency	O
in	O
hospitalized	O
patients	O
and	O
risk	O
factors	O
.	O

BACKGROUND	O
:	O
Drug	O
-	O
induced	O
long	O
QT	O
syndrome	O
is	O
a	O
serious	O
adverse	O
drug	O
reaction	O
.	O
Methadone	B
prolongs	O
the	O
QT	O
interval	O
in	O
vitro	O
in	O
a	O
dose	O
-	O
dependent	O
manner	O
.	O
In	O
the	O
inpatient	O
setting	O
,	O
the	O
frequency	O
of	O
QT	O
interval	O
prolongation	O
with	O
methadone	B
treatment	O
,	O
its	O
dose	O
dependence	O
,	O
and	O
the	O
importance	O
of	O
cofactors	O
such	O
as	O
drug	O
-	O
drug	O
interactions	O
remain	O
unknown	O
.	O
METHODS	O
:	O
We	O
performed	O
a	O
systematic	O
,	O
retrospective	O
study	O
comparing	O
active	O
or	O
former	O
intravenous	O
drug	O
users	O
receiving	O
methadone	B
and	O
those	O
not	O
receiving	O
methadone	B
among	O
all	O
patients	O
hospitalized	O
over	O
a	O
5	O
-	O
year	O
period	O
in	O
a	O
tertiary	O
care	O
hospital	O
.	O
A	O
total	O
of	O
167	O
patients	O
receiving	O
methadone	B
fulfilled	O
the	O
inclusion	O
criteria	O
and	O
were	O
compared	O
with	O
a	O
control	O
group	O
of	O
80	O
injection	O
drug	O
users	O
not	O
receiving	O
methadone	B
.	O
In	O
addition	O
to	O
methadone	B
dose	O
,	O
15	O
demographic	O
,	O
biological	O
,	O
and	O
pharmacological	O
variables	O
were	O
considered	O
as	O
potential	O
risk	O
factors	O
for	O
QT	O
prolongation	O
.	O
RESULTS	O
:	O
Among	O
167	O
methadone	B
maintenance	O
patients	O
,	O
the	O
prevalence	O
of	O
QTc	O
prolongation	O
to	O
0	O
.	O
50	O
second	O
(	O
(	O
1	O
/	O
2	O
)	O
)	O
or	O
longer	O
was	O
16	O
.	O
2	O
%	O
compared	O
with	O
0	O
%	O
in	O
80	O
control	O
subjects	O
.	O
Six	O
patients	O
(	O
3	O
.	O
6	O
%	O
)	O
in	O
the	O
methadone	B
group	O
presented	O
torsades	O
de	O
pointes	O
.	O
QTc	O
length	O
was	O
weakly	O
but	O
significantly	O
associated	O
with	O
methadone	B
daily	O
dose	O
(	O
Spearman	O
rank	O
correlation	O
coefficient	O
,	O
0	O
.	O
20	O
;	O
P	O
<	O
.	O
01	O
)	O
.	O
Multivariate	O
regression	O
analysis	O
allowed	O
attribution	O
of	O
31	O
.	O
8	O
%	O
of	O
QTc	O
variability	O
to	O
methadone	B
dose	O
,	O
cytochrome	O
P	O
-	O
450	O
3A4	O
drug	O
-	O
drug	O
interactions	O
,	O
hypokalemia	O
,	O
and	O
altered	O
liver	O
function	O
.	O
CONCLUSIONS	O
:	O
QT	O
interval	O
prolongation	O
in	O
methadone	B
maintenance	O
patients	O
hospitalized	O
in	O
a	O
tertiary	O
care	O
center	O
is	O
a	O
frequent	O
finding	O
.	O
Methadone	B
dose	O
,	O
presence	O
of	O
cytochrome	B
P	I
-	I
450	I
3A4	I
inhibitors	I
,	O
potassium	B
level	O
,	O
and	O
liver	O
function	O
contribute	O
to	O
QT	O
prolongation	O
.	O
Long	O
QT	O
syndrome	O
can	O
occur	O
with	O
low	O
doses	O
of	O
methadone	B
.	O

Alpha	B
-	I
lipoic	I
acid	I
prevents	O
mitochondrial	O
damage	O
and	O
neurotoxicity	O
in	O
experimental	O
chemotherapy	O
neuropathy	O
.	O

The	O
study	O
investigates	O
if	O
alpha	B
-	I
lipoic	I
acid	I
is	O
neuroprotective	O
against	O
chemotherapy	O
induced	O
neurotoxicity	O
,	O
if	O
mitochondrial	O
damage	O
plays	O
a	O
critical	O
role	O
in	O
toxic	O
neurodegenerative	O
cascade	O
,	O
and	O
if	O
neuroprotective	O
effects	O
of	O
alpha	B
-	I
lipoic	I
acid	I
depend	O
on	O
mitochondria	O
protection	O
.	O
We	O
used	O
an	O
in	O
vitro	O
model	O
of	O
chemotherapy	O
induced	O
peripheral	O
neuropathy	O
that	O
closely	O
mimic	O
the	O
in	O
vivo	O
condition	O
by	O
exposing	O
primary	O
cultures	O
of	O
dorsal	O
root	O
ganglion	O
(	O
DRG	O
)	O
sensory	O
neurons	O
to	O
paclitaxel	B
and	O
cisplatin	B
,	O
two	O
widely	O
used	O
and	O
highly	O
effective	O
chemotherapeutic	O
drugs	O
.	O
This	O
approach	O
allowed	O
investigating	O
the	O
efficacy	O
of	O
alpha	B
-	I
lipoic	I
acid	I
in	O
preventing	O
axonal	O
damage	O
and	O
apoptosis	O
and	O
the	O
function	O
and	O
ultrastructural	O
morphology	O
of	O
mitochondria	O
after	O
exposure	O
to	O
toxic	O
agents	O
and	O
alpha	B
-	I
lipoic	I
acid	I
.	O
Our	O
results	O
demonstrate	O
that	O
both	O
cisplatin	B
and	O
paclitaxel	B
cause	O
early	O
mitochondrial	O
impairment	O
with	O
loss	O
of	O
membrane	O
potential	O
and	O
induction	O
of	O
autophagic	O
vacuoles	O
in	O
neurons	O
.	O
Alpha	B
-	I
lipoic	I
acid	I
exerts	O
neuroprotective	O
effects	O
against	O
chemotherapy	O
induced	O
neurotoxicity	O
in	O
sensory	O
neurons	O
:	O
it	O
rescues	O
the	O
mitochondrial	O
toxicity	O
and	O
induces	O
the	O
expression	O
of	O
frataxin	O
,	O
an	O
essential	O
mitochondrial	O
protein	O
with	O
anti	O
-	O
oxidant	O
and	O
chaperone	O
properties	O
.	O
In	O
conclusion	O
mitochondrial	O
toxicity	O
is	O
an	O
early	O
common	O
event	O
both	O
in	O
paclitaxel	B
and	O
cisplatin	B
induced	O
neurotoxicity	O
.	O
Alpha	B
-	I
lipoic	I
acid	I
protects	O
sensory	O
neurons	O
through	O
its	O
anti	O
-	O
oxidant	O
and	O
mitochondrial	O
regulatory	O
functions	O
,	O
possibly	O
inducing	O
the	O
expression	O
of	O
frataxin	O
.	O
These	O
findings	O
suggest	O
that	O
alpha	B
-	I
lipoic	I
acid	I
might	O
reduce	O
the	O
risk	O
of	O
developing	O
peripheral	O
nerve	O
toxicity	O
in	O
patients	O
undergoing	O
chemotherapy	O
and	O
encourage	O
further	O
confirmatory	O
clinical	O
trials	O
.	O

Bortezomib	B
and	O
dexamethasone	B
as	O
salvage	O
therapy	O
in	O
patients	O
with	O
relapsed	O
/	O
refractory	O
multiple	O
myeloma	O
:	O
analysis	O
of	O
long	O
-	O
term	O
clinical	O
outcomes	O
.	O

Bortezomib	B
(	O
bort	B
)	O
-	O
dexamethasone	B
(	O
dex	B
)	O
is	O
an	O
effective	O
therapy	O
for	O
relapsed	O
/	O
refractory	O
(	O
R	O
/	O
R	O
)	O
multiple	O
myeloma	O
(	O
MM	O
)	O
.	O
This	O
retrospective	O
study	O
investigated	O
the	O
combination	O
of	O
bort	B
(	O
1	O
.	O
3	O
mg	O
/	O
m	O
(	O
2	O
)	O
on	O
days	O
1	O
,	O
4	O
,	O
8	O
,	O
and	O
11	O
every	O
3	O
weeks	O
)	O
and	O
dex	B
(	O
20	O
mg	O
on	O
the	O
day	O
of	O
and	O
the	O
day	O
after	O
bort	B
)	O
as	O
salvage	O
treatment	O
in	O
85	O
patients	O
with	O
R	O
/	O
R	O
MM	O
after	O
prior	O
autologous	O
stem	O
cell	O
transplantation	O
or	O
conventional	O
chemotherapy	O
.	O
The	O
median	O
number	O
of	O
prior	O
lines	O
of	O
therapy	O
was	O
2	O
.	O
Eighty	O
-	O
seven	O
percent	O
of	O
the	O
patients	O
had	O
received	O
immunomodulatory	O
drugs	O
included	O
in	O
some	O
line	O
of	O
therapy	O
before	O
bort	B
-	O
dex	B
.	O
The	O
median	O
number	O
of	O
bort	B
-	O
dex	B
cycles	O
was	O
6	O
,	O
up	O
to	O
a	O
maximum	O
of	O
12	O
cycles	O
.	O
On	O
an	O
intention	O
-	O
to	O
-	O
treat	O
basis	O
,	O
55	O
%	O
of	O
the	O
patients	O
achieved	O
at	O
least	O
partial	O
response	O
,	O
including	O
19	O
%	O
CR	O
and	O
35	O
%	O
achieved	O
at	O
least	O
very	O
good	O
partial	O
response	O
.	O
Median	O
durations	O
of	O
response	O
,	O
time	O
to	O
next	O
therapy	O
and	O
treatment	O
-	O
free	O
interval	O
were	O
8	O
,	O
11	O
.	O
2	O
,	O
and	O
5	O
.	O
1	O
months	O
,	O
respectively	O
.	O
The	O
most	O
relevant	O
adverse	O
event	O
was	O
peripheral	O
neuropathy	O
,	O
which	O
occurred	O
in	O
78	O
%	O
of	O
the	O
patients	O
(	O
grade	O
II	O
,	O
38	O
%	O
;	O
grade	O
III	O
,	O
21	O
%	O
)	O
and	O
led	O
to	O
treatment	O
discontinuation	O
in	O
6	O
%	O
.	O
With	O
a	O
median	O
follow	O
up	O
of	O
22	O
months	O
,	O
median	O
time	O
to	O
progression	O
,	O
progression	O
-	O
free	O
survival	O
(	O
PFS	O
)	O
and	O
overall	O
survival	O
(	O
OS	O
)	O
were	O
8	O
.	O
9	O
,	O
8	O
.	O
7	O
,	O
and	O
22	O
months	O
,	O
respectively	O
.	O
Prolonged	O
PFS	O
and	O
OS	O
were	O
observed	O
in	O
patients	O
achieving	O
CR	O
and	O
receiving	O
bort	B
-	O
dex	B
a	O
single	O
line	O
of	O
prior	O
therapy	O
.	O
Bort	B
-	O
dex	B
was	O
an	O
effective	O
salvage	O
treatment	O
for	O
MM	O
patients	O
,	O
particularly	O
for	O
those	O
in	O
first	O
relapse	O
.	O

Chronic	O
treatment	O
with	O
metformin	B
suppresses	O
toll	O
-	O
like	O
receptor	O
4	O
signaling	O
and	O
attenuates	O
left	O
ventricular	O
dysfunction	O
following	O
myocardial	O
infarction	O
.	O

Acute	O
treatment	O
with	O
metformin	B
has	O
a	O
protective	O
effect	O
in	O
myocardial	O
infarction	O
by	O
suppression	O
of	O
inflammatory	O
responses	O
due	O
to	O
activation	O
of	O
AMP	O
-	O
activated	O
protein	O
kinase	O
(	O
AMPK	O
)	O
.	O
In	O
the	O
present	O
study	O
,	O
the	O
effect	O
of	O
chronic	O
pre	O
-	O
treatment	O
with	O
metformin	B
on	O
cardiac	O
dysfunction	O
and	O
toll	O
-	O
like	O
receptor	O
4	O
(	O
TLR4	O
)	O
activities	O
following	O
myocardial	O
infarction	O
and	O
their	O
relation	O
with	O
AMPK	O
were	O
assessed	O
.	O
Male	O
Wistar	O
rats	O
were	O
randomly	O
assigned	O
to	O
one	O
of	O
5	O
groups	O
(	O
n	O
=	O
6	O
)	O
:	O
normal	O
control	O
and	O
groups	O
were	O
injected	O
isoproterenol	B
after	O
chronic	O
pre	O
-	O
treatment	O
with	O
0	O
,	O
25	O
,	O
50	O
,	O
or	O
100mg	O
/	O
kg	O
of	O
metformin	B
twice	O
daily	O
for	O
14	O
days	O
.	O
Isoproterenol	B
(	O
100mg	O
/	O
kg	O
)	O
was	O
injected	O
subcutaneously	O
on	O
the	O
13th	O
and	O
14th	O
days	O
to	O
induce	O
acute	O
myocardial	O
infarction	O
.	O
Isoproterenol	B
alone	O
decreased	O
left	O
ventricular	O
systolic	O
pressure	O
and	O
myocardial	O
contractility	O
indexed	O
as	O
LVdp	O
/	O
dtmax	O
and	O
LVdp	O
/	O
dtmin	O
.	O
The	O
left	O
ventricular	O
dysfunction	O
was	O
significantly	O
lower	O
in	O
the	O
groups	O
treated	O
with	O
25	O
and	O
50mg	O
/	O
kg	O
of	O
metformin	B
.	O
Metfromin	B
markedly	O
lowered	O
isoproterenol	B
-	O
induced	O
elevation	O
in	O
the	O
levels	O
of	O
TLR4	O
mRNA	O
,	O
myeloid	O
differentiation	O
protein	O
88	O
(	O
MyD88	O
)	O
,	O
tumor	O
necrosis	O
factor	O
-	O
alpha	O
(	O
TNF	O
-	O
a	O
)	O
,	O
and	O
interleukin	O
6	O
(	O
IL	O
-	O
6	O
)	O
in	O
the	O
heart	O
tissues	O
.	O
Similar	O
changes	O
were	O
also	O
seen	O
in	O
the	O
serum	O
levels	O
of	O
TNF	O
-	O
a	O
and	O
IL	O
-	O
6	O
.	O
However	O
,	O
the	O
lower	O
doses	O
of	O
25	O
and	O
50mg	O
/	O
kg	O
were	O
more	O
effective	O
than	O
100mg	O
/	O
kg	O
.	O
Phosphorylated	O
AMPKa	O
(	O
p	O
-	O
AMPK	O
)	O
in	O
the	O
myocardium	O
was	O
significantly	O
elevated	O
by	O
25mg	O
/	O
kg	O
of	O
metformin	B
,	O
slightly	O
by	O
50mg	O
/	O
kg	O
,	O
but	O
not	O
by	O
100mg	O
/	O
kg	O
.	O
Chronic	O
pre	O
-	O
treatment	O
with	O
metformin	B
reduces	O
post	O
-	O
myocardial	O
infarction	O
cardiac	O
dysfunction	O
and	O
suppresses	O
inflammatory	O
responses	O
,	O
possibly	O
through	O
inhibition	O
of	O
TLR4	O
activities	O
.	O
This	O
mechanism	O
can	O
be	O
considered	O
as	O
a	O
target	O
to	O
protect	O
infarcted	O
myocardium	O
.	O

High	O
glucose	B
repatterns	O
human	O
podocyte	O
energy	O
metabolism	O
during	O
differentiation	O
and	O
diabetic	O
nephropathy	O
.	O

Podocytes	O
play	O
a	O
key	O
role	O
in	O
diabetic	O
nephropathy	O
pathogenesis	O
,	O
but	O
alteration	O
of	O
their	O
metabolism	O
remains	O
unknown	O
in	O
human	O
kidney	O
.	O
By	O
using	O
a	O
conditionally	O
differentiating	O
human	O
podocyte	O
cell	O
line	O
,	O
we	O
addressed	O
the	O
functional	O
and	O
molecular	O
changes	O
in	O
podocyte	O
energetics	O
during	O
in	O
vitro	O
development	O
or	O
under	O
high	O
glucose	B
conditions	O
.	O
In	O
5	O
mM	O
glucose	B
medium	O
,	O
we	O
observed	O
a	O
stepwise	O
activation	O
of	O
oxidative	O
metabolism	O
during	O
cell	O
differentiation	O
that	O
was	O
characterized	O
by	O
peroxisome	O
proliferator	O
-	O
activated	O
receptor	O
-	O
g	O
coactivator	O
1a	O
(	O
PGC	O
-	O
1a	O
)	O
-	O
dependent	O
stimulation	O
of	O
mitochondrial	O
biogenesis	O
and	O
function	O
,	O
with	O
concomitant	O
reduction	O
of	O
the	O
glycolytic	O
enzyme	O
content	O
.	O
Conversely	O
,	O
when	O
podocytes	O
were	O
cultured	O
in	O
high	O
glucose	B
(	O
20	O
mM	O
)	O
,	O
stepwise	O
oxidative	O
phosphorylation	O
biogenesis	O
was	O
aborted	O
,	O
and	O
a	O
glycolytic	O
switch	O
occurred	O
,	O
with	O
consecutive	O
lactic	O
acidosis	O
.	O
Expression	O
of	O
the	O
master	O
regulators	O
of	O
oxidative	O
metabolism	O
transcription	O
factor	O
A	O
mitochondrial	O
,	O
PGC	O
-	O
1a	O
,	O
AMPK	O
,	O
and	O
serine	O
-	O
threonine	O
liver	O
kinase	O
B1	O
was	O
altered	O
by	O
high	O
glucose	B
,	O
as	O
well	O
as	O
their	O
downstream	O
signaling	O
networks	O
.	O
Focused	O
transcriptomics	O
revealed	O
that	O
myocyte	O
-	O
specific	O
enhancer	O
factor	O
2C	O
(	O
MEF2C	O
)	O
and	O
myogenic	O
factor	O
5	O
(	O
MYF5	O
)	O
expression	O
was	O
inhibited	O
by	O
high	O
glucose	B
levels	O
,	O
and	O
endoribonuclease	O
-	O
prepared	O
small	O
interfering	O
RNA	O
-	O
mediated	O
combined	O
inhibition	O
of	O
those	O
transcription	O
factors	O
phenocopied	O
the	O
glycolytic	O
shift	O
that	O
was	O
observed	O
in	O
high	O
glucose	B
conditions	O
.	O
Accordingly	O
,	O
a	O
reduced	O
expression	O
of	O
MEF2C	O
,	O
MYF5	O
,	O
and	O
PGC	O
-	O
1a	O
was	O
found	O
in	O
kidney	O
tissue	O
sections	O
that	O
were	O
obtained	O
from	O
patients	O
with	O
diabetic	O
nephropathy	O
.	O
These	O
findings	O
obtained	O
in	O
human	O
samples	O
demonstrate	O
that	O
MEF2C	O
-	O
MYF5	O
-	O
dependent	O
bioenergetic	O
dedifferentiation	O
occurs	O
in	O
podocytes	O
that	O
are	O
confronted	O
with	O
a	O
high	O
-	O
glucose	B
milieu	O
.	O
-	O
Imasawa	O
,	O
T	O
.	O
,	O
Obre	O
,	O
E	O
.	O
,	O
Bellance	O
,	O
N	O
.	O
,	O
Lavie	O
,	O
J	O
.	O
,	O
Imasawa	O
,	O
T	O
.	O
,	O
Rigothier	O
,	O
C	O
.	O
,	O
Delmas	O
,	O
Y	O
.	O
,	O
Combe	O
,	O
C	O
.	O
,	O
Lacombe	O
,	O
D	O
.	O
,	O
Benard	O
,	O
G	O
.	O
,	O
Claverol	O
,	O
S	O
.	O
,	O
Bonneu	O
,	O
M	O
.	O
,	O
Rossignol	O
,	O
R	O
.	O
High	O
glucose	B
repatterns	O
human	O
podocyte	O
energy	O
metabolism	O
during	O
differentiation	O
and	O
diabetic	O
nephropathy	O
.	O

To	O
probe	O
the	O
role	O
of	O
protein	O
arginine	O
methyltransferase	O
5	O
(	O
PRMT5	O
)	O
in	O
regulating	O
inflammation	O
,	O
cell	O
proliferation	O
,	O
migration	O
and	O
invasion	O
of	O
fibroblast	O
-	O
like	O
synoviocytes	O
(	O
FLSs	O
)	O
from	O
patients	O
with	O
rheumatoid	O
arthritis	O
(	O
RA	O
)	O
.	O
FLSs	O
were	O
separated	O
from	O
synovial	O
tissues	O
(	O
STs	O
)	O
from	O
patients	O
with	O
RA	O
and	O
osteoarthritis	O
(	O
OA	O
)	O
.	O
An	O
inhibitor	O
of	O
PRMT5	O
(	O
EPZ015666	B
)	O
and	O
short	O
interference	O
RNA	O
(	O
siRNA	O
)	O
against	O
PRMT5	O
were	O
used	O
to	O
inhibit	O
PRMT5	O
expression	O
.	O
The	O
standard	O
of	O
protein	O
was	O
measured	O
by	O
Western	O
blot	O
or	O
immunofluorescence	O
.	O
The	O
excretion	O
and	O
genetic	O
expression	O
of	O
inflammatory	O
factors	O
were	O
,	O
respectively	O
,	O
estimated	O
by	O
enzyme	O
-	O
linked	O
immunosorbent	O
assay	O
(	O
ELISA	O
)	O
and	O
real	O
-	O
time	O
polymerase	O
chain	O
reaction	O
(	O
PCR	O
)	O
.	O
Migration	O
and	O
invasion	O
in	O
vitro	O
were	O
detected	O
by	O
Boyden	O
chamber	O
assay	O
.	O
FLSs	O
proliferation	O
was	O
detected	O
by	O
BrdU	O
incorporation	O
.	O
Increased	O
PRMT5	O
was	O
discovered	O
in	O
STs	O
and	O
FLSs	O
from	O
patients	O
with	O
RA	O
.	O
In	O
RA	O
FLSs	O
,	O
the	O
level	O
of	O
PRMT5	O
was	O
up	O
-	O
regulated	O
by	O
stimulation	O
with	O
IL	O
-	O
1b	O
and	O
TNF	O
-	O
a	O
.	O
Inhibition	O
of	O
PRMT5	O
by	O
EPZ015666	B
and	O
siRNA	O
-	O
mediated	O
knockdown	O
reduced	O
IL	O
-	O
6	O
and	O
IL	O
-	O
8	O
production	O
,	O
and	O
proliferation	O
of	O
RA	O
FLSs	O
.	O
In	O
addition	O
,	O
inhibition	O
of	O
PRMT5	O
decreased	O
in	O
vitro	O
migration	O
and	O
invasion	O
of	O
RA	O
FLSs	O
.	O
Furthermore	O
,	O
EPZ015666	B
restrained	O
the	O
phosphorylation	O
of	O
IkB	O
kinaseb	O
and	O
IkBa	O
,	O
as	O
well	O
as	O
nucleus	O
transsituation	O
of	O
p65	O
as	O
well	O
as	O
AKT	O
in	O
FLSs	O
.	O
PRMT5	O
regulated	O
the	O
production	O
of	O
inflammatory	O
factors	O
,	O
cell	O
proliferation	O
,	O
migration	O
and	O
invasion	O
of	O
RA	O
FLS	O
,	O
which	O
was	O
mediated	O
by	O
the	O
NF	O
-	O
kB	O
and	O
AKT	O
pathways	O
.	O
Our	O
data	O
suggested	O
that	O
targeting	O
PRMT5	O
to	O
prevent	O
synovial	O
inflammation	O
and	O
destruction	O
might	O
be	O
a	O
promising	O
therapy	O
for	O
RA	O
.	O

BACKGROUND	O
:	O
ADAM12	O
is	O
upregulated	O
in	O
human	O
breast	O
cancers	O
and	O
is	O
a	O
predictor	O
of	O
chemoresistance	O
in	O
estrogen	O
receptor	O
-	O
negative	O
tumors	O
.	O
ADAM12	O
is	O
induced	O
during	O
epithelial	O
-	O
to	O
-	O
mesenchymal	O
transition	O
,	O
a	O
feature	O
associated	O
with	O
claudin	O
-	O
low	O
breast	O
tumors	O
,	O
which	O
are	O
enriched	O
in	O
cancer	O
stem	O
cell	O
(	O
CSC	O
)	O
markers	O
.	O
It	O
is	O
currently	O
unknown	O
whether	O
ADAM12	O
plays	O
an	O
active	O
role	O
in	O
promoting	O
the	O
CSC	O
phenotype	O
in	O
breast	O
cancer	O
cells	O
.	O
METHODS	O
:	O
ADAM12	O
expression	O
was	O
downregulated	O
in	O
representative	O
claudin	O
-	O
low	O
breast	O
cancer	O
cell	O
lines	O
,	O
SUM159PT	O
and	O
Hs578T	O
,	O
using	O
siRNA	O
transfection	O
or	O
inducible	O
shRNA	O
expression	O
.	O
Cell	O
characteristics	O
commonly	O
associated	O
with	O
the	O
CSC	O
phenotype	O
in	O
vitro	O
(	O
cell	O
migration	O
,	O
invasion	O
,	O
anoikis	O
resistance	O
,	O
mammosphere	O
formation	O
,	O
ALDH	O
activity	O
,	O
and	O
expression	O
of	O
the	O
CD44	O
and	O
CD24	O
cell	O
surface	O
markers	O
)	O
and	O
in	O
vivo	O
(	O
tumor	O
formation	O
in	O
mice	O
using	O
limiting	O
dilution	O
transplantation	O
assays	O
)	O
were	O
evaluated	O
.	O
RNA	O
sequencing	O
was	O
performed	O
to	O
identify	O
global	O
gene	O
expression	O
changes	O
after	O
ADAM12	O
knockdown	O
.	O
RESULTS	O
:	O
We	O
found	O
that	O
sorted	O
SUM159PT	O
cell	O
populations	O
with	O
high	O
ADAM12	O
levels	O
had	O
elevated	O
expression	O
of	O
CSC	O
markers	O
and	O
an	O
increased	O
ability	O
to	O
form	O
mammospheres	O
.	O
ADAM12	O
knockdown	O
reduced	O
cell	O
migration	O
and	O
invasion	O
,	O
decreased	O
anoikis	O
resistance	O
,	O
and	O
compromised	O
mammosphere	O
formation	O
.	O
ADAM12	O
knockdown	O
also	O
diminished	O
ALDEFLUOR	O
(	O
+	O
)	O
and	O
CD44	O
(	O
hi	O
)	O
/	O
CD24	O
(	O
-	O
/	O
lo	O
)	O
CSC	O
-	O
enriched	O
populations	O
in	O
vitro	O
and	O
reduced	O
tumorigenesis	O
in	O
mice	O
in	O
vivo	O
.	O
RNA	O
sequencing	O
identified	O
a	O
significant	O
overlap	O
between	O
ADAM12	O
-	O
and	O
Epidermal	O
Growth	O
Factor	O
Receptor	O
(	O
EGFR	O
)	O
-	O
regulated	O
genes	O
.	O
Consequently	O
,	O
ADAM12	O
knockdown	O
lowered	O
the	O
basal	O
activation	O
level	O
of	O
EGFR	O
,	O
and	O
this	O
effect	O
was	O
abolished	O
by	O
batimastat	B
,	O
a	O
metalloproteinase	O
inhibitor	O
.	O
Furthermore	O
,	O
incubation	O
of	O
cells	O
with	O
exogenously	O
added	O
EGF	O
prevented	O
the	O
downregulation	O
of	O
CD44	O
(	O
hi	O
)	O
/	O
CD24	O
(	O
-	O
/	O
lo	O
)	O
cell	O
population	O
by	O
ADAM12	O
knockdown	O
.	O
CONCLUSIONS	O
:	O
These	O
results	O
indicate	O
that	O
ADAM12	O
actively	O
supports	O
the	O
CSC	O
phenotype	O
in	O
claudin	O
-	O
low	O
breast	O
cancer	O
cells	O
via	O
modulation	O
of	O
the	O
EGFR	O
pathway	O
.	O

The	O
goal	O
of	O
this	O
study	O
was	O
to	O
perform	O
5	O
-	O
alpha	O
-	O
reductase	O
type	O
2	O
gene	O
(	O
SRD5A2	O
)	O
analysis	O
in	O
a	O
male	O
pseudohermaphrodite	O
(	O
MPH	O
)	O
patient	O
with	O
normal	O
testosterone	B
(	O
T	B
)	O
production	O
and	O
normal	O
androgen	O
receptor	O
(	O
AR	O
)	O
gene	O
coding	O
sequences	O
.	O
A	O
patient	O
of	O
Chinese	O
origin	O
with	O
ambiguous	O
genitalia	O
at	O
14	O
months	O
,	O
a	O
46	O
,	O
XY	O
karyotype	O
,	O
and	O
normal	O
T	B
secretion	O
under	O
human	B
chorionic	I
gonadotropin	I
(	O
hCG	B
)	O
stimulation	O
underwent	O
a	O
gonadectomy	O
at	O
20	O
months	O
.	O
Exons	O
1	O
-	O
8	O
of	O
the	O
AR	O
gene	O
and	O
exons	O
1	O
-	O
5	O
of	O
the	O
SRD5A2	O
gene	O
were	O
sequenced	O
from	O
peripheral	O
blood	O
DNA	O
.	O
AR	O
gene	O
coding	O
sequences	O
were	O
normal	O
.	O
SRD5A2	O
gene	O
analysis	O
revealed	O
2	O
consecutive	O
mutations	O
in	O
exon	O
4	O
,	O
each	O
located	O
in	O
a	O
different	O
allele	O
:	O
1	O
)	O
a	O
T	O
nucleotide	O
deletion	O
,	O
which	O
predicts	O
a	O
frameshift	O
mutation	O
from	O
codon	O
219	O
,	O
and	O
2	O
)	O
a	O
missense	O
mutation	O
at	O
codon	O
227	O
,	O
where	O
the	O
substitution	O
of	O
guanine	O
(	O
CGA	O
)	O
by	O
adenine	O
(	O
CAA	O
)	O
predicts	O
a	O
glutamine	O
replacement	O
of	O
arginine	O
(	O
R227Q	O
)	O
.	O
Testes	O
located	O
in	O
the	O
inguinal	O
canal	O
showed	O
a	O
normal	O
morphology	O
for	O
age	O
.	O
The	O
patient	O
was	O
a	O
compound	O
heterozygote	O
for	O
SRD5A2	O
mutations	O
,	O
carrying	O
2	O
mutations	O
in	O
exon	O
4	O
.	O
The	O
patient	O
showed	O
an	O
R227Q	O
mutation	O
that	O
has	O
been	O
described	O
in	O
an	O
Asian	O
population	O
and	O
MPH	O
patients	O
,	O
along	O
with	O
a	O
novel	O
frameshift	O
mutation	O
,	O
Tdel219	O
.	O
Testis	O
morphology	O
showed	O
that	O
,	O
during	O
early	O
infancy	O
,	O
the	O
5	O
-	O
alpha	O
-	O
reductase	O
enzyme	O
deficiency	O
may	O
not	O
have	O
affected	O
interstitial	O
or	O
tubular	O
development	O
.	O

Interaction	O
between	O
warfarin	B
and	O
levofloxacin	B
:	O
case	O
series	O
.	O

Warfarin	B
is	O
the	O
most	O
widely	O
used	O
oral	O
anticoagulant	O
and	O
is	O
indicated	O
for	O
many	O
clinical	O
conditions	O
.	O
Levofloxacin	B
,	O
a	O
fluoroquinolone	B
,	O
is	O
one	O
of	O
the	O
most	O
commonly	O
prescribed	O
antibiotics	O
in	O
clinical	O
practice	O
and	O
is	O
effective	O
against	O
Gram	O
-	O
positive	O
,	O
Gram	O
-	O
negative	O
,	O
and	O
atypical	O
bacteria	O
.	O
While	O
small	O
prospective	O
studies	O
have	O
not	O
revealed	O
any	O
significant	O
drug	O
-	O
drug	O
interaction	O
between	O
warfarin	B
and	O
levofloxacin	B
,	O
several	O
case	O
reports	O
have	O
indicated	O
that	O
levofloxacin	B
may	O
significantly	O
potentiate	O
the	O
anticoagulation	O
effect	O
of	O
warfarin	B
.	O
We	O
report	O
3	O
cases	O
of	O
serious	O
bleeding	O
complications	O
that	O
appear	O
to	O
be	O
the	O
result	O
of	O
the	O
interaction	O
between	O
warfarin	B
and	O
levofloxacin	B
.	O
Physicians	O
should	O
be	O
aware	O
of	O
this	O
potential	O
interaction	O
and	O
use	O
caution	O
when	O
prescribing	O
levofloxacin	B
to	O
patients	O
taking	O
warfarin	B
.	O

Rapid	O
reversal	O
of	O
anticoagulation	O
reduces	O
hemorrhage	O
volume	O
in	O
a	O
mouse	O
model	O
of	O
warfarin	B
-	O
associated	O
intracerebral	O
hemorrhage	O
.	O

Warfarin	B
-	O
associated	O
intracerebral	O
hemorrhage	O
(	O
W	B
-	O
ICH	O
)	O
is	O
a	O
severe	O
type	O
of	O
stroke	O
.	O
There	O
is	O
no	O
consensus	O
on	O
the	O
optimal	O
treatment	O
for	O
W	B
-	O
ICH	O
.	O
Using	O
a	O
mouse	O
model	O
,	O
we	O
tested	O
whether	O
the	O
rapid	O
reversal	O
of	O
anticoagulation	O
using	O
human	O
prothrombin	B
complex	I
concentrate	I
(	O
PCC	B
)	O
can	O
reduce	O
hemorrhagic	O
blood	O
volume	O
.	O
Male	O
CD	O
-	O
1	O
mice	O
were	O
treated	O
with	O
warfarin	B
(	O
2	O
mg	O
/	O
kg	O
over	O
24	O
h	O
)	O
,	O
resulting	O
in	O
a	O
mean	O
(	O
+	O
/	O
-	O
s	O
.	O
d	O
.	O
)	O
International	O
Normalized	O
Ratio	O
of	O
3	O
.	O
5	O
+	O
/	O
-	O
0	O
.	O
9	O
.	O
First	O
,	O
we	O
showed	O
that	O
an	O
intravenous	O
administration	O
of	O
human	O
PCC	B
rapidly	O
reversed	O
anticoagulation	O
in	O
mice	O
.	O
Second	O
,	O
a	O
stereotactic	O
injection	O
of	O
collagenase	B
was	O
administered	O
to	O
induce	O
hemorrhage	O
in	O
the	O
right	O
striatum	O
.	O
Forty	O
-	O
five	O
minutes	O
later	O
,	O
the	O
animals	O
were	O
randomly	O
treated	O
with	O
PCC	B
(	O
100	O
U	O
/	O
kg	O
)	O
or	O
saline	O
i	O
.	O
v	O
.	O
(	O
n	O
=	O
12	O
per	O
group	O
)	O
.	O
Twenty	O
-	O
four	O
hours	O
after	O
hemorrhage	O
induction	O
,	O
hemorrhagic	O
blood	O
volume	O
was	O
quantified	O
using	O
a	O
photometric	O
hemoglobin	O
assay	O
.	O
The	O
mean	O
hemorrhagic	O
blood	O
volume	O
was	O
reduced	O
in	O
PCC	B
-	O
treated	O
animals	O
(	O
6	O
.	O
5	O
+	O
/	O
-	O
3	O
.	O
1	O
microL	O
)	O
compared	O
with	O
saline	O
controls	O
(	O
15	O
.	O
3	O
+	O
/	O
-	O
11	O
.	O
2	O
microL	O
,	O
P	O
=	O
0	O
.	O
015	O
)	O
.	O
In	O
the	O
saline	O
group	O
,	O
45	O
%	O
of	O
the	O
mice	O
developed	O
large	O
hematomas	O
(	O
i	O
.	O
e	O
.	O
,	O
>	O
15	O
microL	O
)	O
.	O
In	O
contrast	O
,	O
such	O
extensive	O
lesions	O
were	O
never	O
found	O
in	O
the	O
PCC	B
group	O
.	O
We	O
provide	O
experimental	O
data	O
suggesting	O
PCC	B
to	O
be	O
an	O
effective	O
acute	O
treatment	O
for	O
W	B
-	O
ICH	O
in	O
terms	O
of	O
reducing	O
hemorrhagic	O
blood	O
volume	O
.	O
Future	O
studies	O
are	O
needed	O
to	O
assess	O
the	O
therapeutic	O
potential	O
emerging	O
from	O
our	O
finding	O
for	O
human	O
W	B
-	O
ICH	O
.	O

CONTEXT	O
:	O
Generalized	O
glucocorticoid	O
resistance	O
syndrome	O
is	O
a	O
rare	O
familial	O
or	O
sporadic	O
condition	O
characterized	O
by	O
partial	O
insensitivity	O
to	O
glucocorticoids	B
,	O
caused	O
by	O
mutations	O
in	O
the	O
glucocorticoid	O
receptor	O
(	O
GR	O
)	O
gene	O
.	O
Most	O
of	O
the	O
reported	O
cases	O
are	O
adults	O
,	O
demonstrating	O
symptoms	O
associated	O
with	O
mineralocorticoid	B
and	O
/	O
or	O
adrenal	O
androgen	B
excess	O
caused	O
by	O
compensatively	O
increased	O
secretion	O
of	O
the	O
adrenocorticotropic	O
hormone	O
.	O
PATIENT	O
:	O
We	O
identified	O
a	O
new	O
2	O
-	O
yr	O
-	O
old	O
female	O
case	O
of	O
generalized	O
glucocorticoid	O
resistance	O
syndrome	O
.	O
The	O
patient	O
(	O
TJ	O
)	O
presented	O
with	O
a	O
generalized	O
seizure	O
associated	O
with	O
hypoglycemia	O
and	O
hypokalemia	O
.	O
She	O
also	O
had	O
hypertension	O
and	O
premature	O
pubarche	O
,	O
whereas	O
dexamethasone	B
effectively	O
suppressed	O
these	O
clinical	O
manifestations	O
.	O
RESULTS	O
:	O
The	O
patient	O
'	O
s	O
GR	O
gene	O
had	O
a	O
heterozygotic	O
mutation	O
(	O
G	O
-	O
-	O
>	O
A	O
)	O
at	O
nucleotide	O
position	O
2141	O
(	O
exon	O
8	O
)	O
,	O
which	O
resulted	O
in	O
substitution	O
of	O
arginine	O
by	O
glutamine	O
at	O
amino	O
acid	O
position	O
714	O
in	O
the	O
ligand	O
-	O
binding	O
domain	O
(	O
LBD	O
)	O
of	O
the	O
GR	O
alpha	O
.	O
Molecular	O
analysis	O
revealed	O
that	O
the	O
mutant	O
receptor	O
had	O
significantly	O
impaired	O
transactivation	O
activity	O
with	O
a	O
2	O
-	O
fold	O
reduction	O
in	O
affinity	O
to	O
ligand	O
.	O
It	O
showed	O
attenuated	O
transactivation	O
of	O
the	O
activation	O
function	O
(	O
AF	O
)	O
-	O
2	O
and	O
reduced	O
binding	O
to	O
a	O
p160	O
nuclear	O
receptor	O
coactivator	O
.	O
Computer	O
-	O
based	O
structural	O
analysis	O
revealed	O
that	O
replacement	O
of	O
arginine	O
by	O
glutamine	O
at	O
position	O
714	O
transmitted	O
a	O
conformational	O
change	O
to	O
the	O
LBD	O
and	O
the	O
AF	O
-	O
2	O
transactivation	O
surface	O
,	O
resulting	O
in	O
a	O
decreased	O
binding	O
affinity	O
to	O
ligand	O
and	O
to	O
the	O
LXXLL	O
coactivator	O
motif	O
.	O
CONCLUSIONS	O
:	O
Dexamethasone	B
treatment	O
is	O
effective	O
in	O
controlling	O
the	O
premature	O
pubarche	O
,	O
hypoglycemia	O
,	O
hypertension	O
,	O
and	O
hypokalemia	O
in	O
this	O
child	O
case	O
,	O
wherein	O
arginine	O
714	O
plays	O
a	O
key	O
role	O
in	O
the	O
proper	O
formation	O
of	O
the	O
ligand	O
-	O
binding	O
pocket	O
and	O
the	O
AF	O
-	O
2	O
surface	O
of	O
the	O
GR	O
alpha	O
LBD	O
.	O

BACKGROUND	O
:	O
The	O
plasminogen	O
activator	O
inhibitor	O
type	O
-	O
1	O
(	O
PAI	O
-	O
1	O
)	O
has	O
been	O
implicated	O
in	O
the	O
regulation	O
of	O
fibrinolysis	O
and	O
extracellular	O
matrix	O
components	O
.	O
The	O
single	O
base	O
pair	O
guanine	O
insertion	O
/	O
deletion	O
polymorphism	O
(	O
4G	O
/	O
5G	O
)	O
within	O
the	O
promoter	O
region	O
of	O
the	O
PAI	O
-	O
1	O
gene	O
influences	O
PAI	O
-	O
1	O
synthesis	O
and	O
may	O
modulate	O
hepatic	O
fibrogenesis	O
.	O
AIM	O
:	O
To	O
evaluate	O
the	O
influence	O
of	O
PAI	O
-	O
1	O
serum	O
levels	O
and	O
4G	O
/	O
5G	O
polymorphism	O
on	O
the	O
risk	O
of	O
liver	O
fibrosis	O
associated	O
to	O
non	O
-	O
alcoholic	O
fatty	O
liver	O
disease	O
(	O
NAFLD	O
)	O
in	O
morbidly	O
obese	O
patients	O
.	O
MATERIAL	O
AND	O
METHODS	O
:	O
Case	O
-	O
control	O
study	O
of	O
50	O
obese	O
patients	O
undergoing	O
bariatric	O
surgery	O
and	O
71	O
non	O
-	O
obese	O
subjects	O
matched	O
by	O
age	O
and	O
sex	O
.	O
Anthropometric	O
and	O
biochemical	O
measurements	O
were	O
performed	O
,	O
including	O
PAI	O
-	O
1	O
serum	O
levels	O
.	O
Genomic	O
DNA	O
was	O
obtained	O
to	O
assess	O
the	O
presence	O
of	O
4G	O
/	O
5G	O
polymorphism	O
.	O
RESULTS	O
:	O
BMI	O
,	O
insulinemia	O
,	O
triglycerides	B
,	O
HOMA	O
-	O
IR	O
,	O
hypertension	O
and	O
diabetes	O
were	O
significantly	O
higher	O
in	O
obese	O
patients	O
compared	O
to	O
control	O
subjects	O
.	O
PAI	O
-	O
1	O
serum	O
levels	O
observed	O
in	O
obese	O
patients	O
were	O
significantly	O
lower	O
(	O
10	O
.	O
63	O
4	O
.	O
82	O
)	O
compared	O
to	O
controls	O
(	O
14	O
.	O
26	O
11	O
.	O
4	O
;	O
p	O
<	O
0	O
.	O
05	O
)	O
.	O
No	O
differences	O
were	O
observed	O
in	O
the	O
PAI	O
-	O
1	O
4G	O
/	O
5G	O
promoter	O
genotypes	O
frequencies	O
(	O
p	O
=	O
0	O
.	O
12	O
)	O
.	O
No	O
differences	O
were	O
observed	O
in	O
PAI	O
-	O
1	O
plasma	O
levels	O
among	O
obese	O
patients	O
with	O
liver	O
fibrosis	O
(	O
10	O
.	O
64	O
4	O
.	O
35	O
)	O
compared	O
to	O
patients	O
without	O
liver	O
fibrosis	O
(	O
10	O
.	O
61	O
5	O
.	O
2	O
;	O
p	O
=	O
0	O
.	O
985	O
)	O
.	O
PAI	O
-	O
1	O
4G	O
/	O
5G	O
promoter	O
genotypes	O
frequencies	O
were	O
similar	O
in	O
patients	O
with	O
or	O
without	O
liver	O
fibrosis	O
associated	O
to	O
NASH	O
(	O
p	O
=	O
0	O
.	O
6	O
)	O
.	O
CONCLUSIONS	O
:	O
Morbidly	O
obese	O
patients	O
had	O
significantly	O
lower	O
PAI	O
-	O
1	O
serum	O
levels	O
with	O
similar	O
PAI	O
-	O
1	O
4G	O
/	O
5G	O
genotypes	O
frequencies	O
compared	O
to	O
non	O
-	O
obese	O
subjects	O
.	O
The	O
frequency	O
of	O
4G	O
/	O
5G	O
genotypes	O
in	O
Chilean	O
Hispanic	O
healthy	O
subjects	O
was	O
similar	O
to	O
that	O
described	O
in	O
other	O
populations	O
.	O
No	O
association	O
was	O
found	O
between	O
PAI	O
-	O
1	O
serum	O
levels	O
or	O
4G	O
/	O
5G	O
genotype	O
with	O
liver	O
fibrosis	O
in	O
obese	O
patients	O
.	O

PURPOSE	O
:	O
In	O
the	O
present	O
study	O
,	O
we	O
aimed	O
to	O
substantiate	O
the	O
putative	O
significance	O
of	O
angiotensin	O
I	O
-	O
converting	O
enzyme	O
(	O
ACE	O
)	O
on	O
gastric	O
cancer	O
biology	O
by	O
investigating	O
the	O
influence	O
of	O
its	O
gene	O
polymorphism	O
on	O
gastric	O
cancer	O
progression	O
.	O
EXPERIMENTAL	O
DESIGN	O
:	O
Genomic	O
DNA	O
was	O
purified	O
from	O
peripheral	O
blood	O
mononuclear	O
cells	O
or	O
tissue	O
specimens	O
.	O
Amplified	O
ACE	O
gene	O
fragments	O
were	O
separated	O
on	O
agarose	B
gels	O
.	O
D	O
or	O
I	O
alleles	O
were	O
identified	O
by	O
the	O
presence	O
of	O
190	O
-	O
or	O
490	O
-	O
bp	O
fragments	O
,	O
respectively	O
.	O
Local	O
expression	O
of	O
ACE	O
was	O
investigated	O
by	O
immunohistochemistry	O
.	O
RESULTS	O
:	O
Twenty	O
-	O
four	O
of	O
113	O
(	O
21	O
%	O
)	O
gastric	O
cancer	O
patients	O
had	O
the	O
II	O
,	O
57	O
(	O
51	O
%	O
)	O
the	O
ID	O
,	O
and	O
32	O
(	O
28	O
%	O
)	O
the	O
DD	O
genotype	O
.	O
The	O
distribution	O
of	O
the	O
ACE	O
genotypes	O
did	O
not	O
differ	O
significantly	O
from	O
the	O
control	O
group	O
of	O
189	O
patients	O
without	O
gastric	O
cancer	O
.	O
However	O
,	O
the	O
ACE	O
genotypes	O
correlated	O
with	O
the	O
number	O
of	O
lymph	O
node	O
metastases	O
and	O
the	O
Unio	O
Internationale	O
Contra	O
Cancrum	O
(	O
UICC	O
)	O
tumor	O
stage	O
.	O
Patients	O
with	O
the	O
II	O
genotype	O
had	O
a	O
highly	O
significantly	O
smaller	O
number	O
of	O
lymph	O
node	O
metastases	O
(	O
P	O
<	O
0	O
.	O
001	O
)	O
and	O
a	O
significantly	O
lower	O
UICC	O
tumor	O
stage	O
(	O
P	O
=	O
0	O
.	O
01	O
)	O
than	O
patients	O
with	O
the	O
DD	O
genotype	O
.	O
No	O
correlation	O
was	O
found	O
between	O
tumor	O
type	O
,	O
tumor	O
location	O
,	O
local	O
tumor	O
growth	O
,	O
distant	O
metastases	O
,	O
and	O
the	O
ACE	O
genotype	O
.	O
The	O
expression	O
of	O
ACE	O
in	O
gastric	O
cancer	O
was	O
investigated	O
by	O
immunohistochemistry	O
in	O
100	O
of	O
113	O
patients	O
.	O
ACE	O
was	O
expressed	O
by	O
endothelial	O
cells	O
in	O
all	O
(	O
100	O
%	O
)	O
specimens	O
and	O
by	O
tumor	O
cells	O
in	O
56	O
(	O
56	O
%	O
)	O
specimens	O
.	O
CONCLUSIONS	O
:	O
Our	O
study	O
shows	O
that	O
ACE	O
is	O
expressed	O
locally	O
in	O
gastric	O
cancer	O
and	O
that	O
the	O
gene	O
polymorphism	O
influences	O
metastatic	O
behavior	O
.	O

There	O
is	O
currently	O
no	O
known	O
genetic	O
disease	O
linked	O
to	O
prolactin	O
(	O
Prl	O
)	O
or	O
its	O
receptor	O
(	O
PrlR	O
)	O
in	O
humans	O
.	O
Given	O
the	O
essential	O
role	O
of	O
this	O
hormonal	O
system	O
in	O
breast	O
physiology	O
,	O
we	O
reasoned	O
that	O
genetic	O
anomalies	O
of	O
Prl	O
/	O
PrlR	O
genes	O
may	O
be	O
related	O
to	O
the	O
occurrence	O
of	O
breast	O
diseases	O
with	O
high	O
proliferative	O
potential	O
.	O
Multiple	O
fibroadenomas	O
(	O
MFA	O
)	O
are	O
benign	O
breast	O
tumors	O
which	O
appear	O
most	O
frequently	O
in	O
young	O
women	O
,	O
including	O
at	O
puberty	O
,	O
when	O
Prl	O
has	O
well	O
-	O
recognized	O
proliferative	O
actions	O
on	O
the	O
breast	O
.	O
In	O
a	O
prospective	O
study	O
involving	O
74	O
MFA	O
patients	O
and	O
170	O
control	O
subjects	O
,	O
we	O
identified	O
four	O
patients	O
harboring	O
a	O
heterozygous	O
single	O
nucleotide	O
polymorphism	O
in	O
exon	O
6	O
of	O
the	O
PrlR	O
gene	O
,	O
encoding	O
Ile	O
(	O
146	O
)	O
-	O
-	O
>	O
Leu	O
substitution	O
in	O
its	O
extracellular	O
domain	O
.	O
This	O
sole	O
substitution	O
was	O
sufficient	O
to	O
confer	O
constitutive	O
activity	O
to	O
the	O
receptor	O
variant	O
(	O
PrlR	O
(	O
I146L	O
)	O
)	O
,	O
as	O
assessed	O
in	O
three	O
reconstituted	O
cell	O
models	O
(	O
Ba	O
/	O
F3	O
,	O
HEK293	O
and	O
MCF	O
-	O
7	O
cells	O
)	O
by	O
Prl	O
-	O
independent	O
(	O
i	O
)	O
PrlR	O
tyrosine	O
phosphorylation	O
,	O
(	O
ii	O
)	O
activation	O
of	O
signal	O
transducer	O
and	O
activator	O
of	O
transcription	O
5	O
(	O
STAT5	O
)	O
signaling	O
,	O
(	O
iii	O
)	O
transcriptional	O
activity	O
toward	O
a	O
Prl	O
-	O
responsive	O
reporter	O
gene	O
,	O
and	O
(	O
iv	O
)	O
cell	O
proliferation	O
and	O
protection	O
from	O
cell	O
death	O
.	O
Constitutive	O
activity	O
of	O
PrlR	O
(	O
I146L	O
)	O
in	O
the	O
breast	O
sample	O
from	O
a	O
patient	O
was	O
supported	O
by	O
increased	O
STAT5	O
signaling	O
.	O
This	O
is	O
a	O
unique	O
description	O
of	O
a	O
functional	O
mutation	O
of	O
the	O
PrlR	O
associated	O
with	O
a	O
human	O
disease	O
.	O
Hallmarks	O
of	O
constitutive	O
activity	O
were	O
all	O
reversed	O
by	O
a	O
specific	O
PrlR	B
antagonist	I
,	O
which	O
opens	O
potential	O
therapeutic	O
approaches	O
for	O
MFA	O
,	O
or	O
any	O
other	O
disease	O
that	O
could	O
be	O
associated	O
with	O
this	O
mutation	O
in	O
future	O
.	O

Reversible	O
inferior	O
colliculus	O
lesion	O
in	O
metronidazole	B
-	O
induced	O
encephalopathy	O
:	O
magnetic	O
resonance	O
findings	O
on	O
diffusion	O
-	O
weighted	O
and	O
fluid	O
attenuated	O
inversion	O
recovery	O
imaging	O
.	O

OBJECTIVE	O
:	O
This	O
is	O
to	O
present	O
reversible	O
inferior	O
colliculus	O
lesions	O
in	O
metronidazole	B
-	O
induced	O
encephalopathy	O
,	O
to	O
focus	O
on	O
the	O
diffusion	O
-	O
weighted	O
imaging	O
(	O
DWI	O
)	O
and	O
fluid	O
attenuated	O
inversion	O
recovery	O
(	O
FLAIR	O
)	O
imaging	O
.	O
MATERIALS	O
AND	O
METHODS	O
:	O
From	O
November	O
2005	O
to	O
September	O
2007	O
,	O
8	O
patients	O
(	O
5	O
men	O
and	O
3	O
women	O
)	O
were	O
diagnosed	O
as	O
having	O
metronidazole	B
-	O
induced	O
encephalopathy	O
(	O
age	O
range	O
;	O
43	O
-	O
78	O
years	O
)	O
.	O
They	O
had	O
been	O
taking	O
metronidazole	B
(	O
total	O
dosage	O
,	O
45	O
-	O
120	O
g	O
;	O
duration	O
,	O
30	O
days	O
to	O
2	O
months	O
)	O
to	O
treat	O
the	O
infection	O
in	O
various	O
organs	O
.	O
Initial	O
brain	O
magnetic	O
resonance	O
imaging	O
(	O
MRI	O
)	O
were	O
obtained	O
after	O
the	O
hospitalization	O
,	O
including	O
DWI	O
(	O
8	O
/	O
8	O
)	O
,	O
apparent	O
diffusion	O
coefficient	O
(	O
ADC	O
)	O
map	O
(	O
4	O
/	O
8	O
)	O
,	O
FLAIR	O
(	O
7	O
/	O
8	O
)	O
,	O
and	O
T2	O
-	O
weighted	O
image	O
(	O
8	O
/	O
8	O
)	O
.	O
Follow	O
-	O
up	O
MRIs	O
were	O
performed	O
on	O
5	O
patients	O
from	O
third	O
to	O
14th	O
days	O
after	O
discontinuation	O
of	O
metronidazole	B
administration	O
.	O
Findings	O
of	O
initial	O
and	O
follow	O
-	O
up	O
MRIs	O
were	O
retrospectively	O
evaluated	O
by	O
2	O
neuroradiologists	O
by	O
consensus	O
,	O
to	O
analyze	O
the	O
presence	O
of	O
abnormal	O
signal	O
intensities	O
,	O
their	O
locations	O
,	O
and	O
signal	O
changes	O
on	O
follow	O
-	O
up	O
images	O
.	O
RESULTS	O
:	O
Initial	O
MRIs	O
showed	O
abnormal	O
high	O
signal	O
intensities	O
on	O
DWI	O
and	O
FLAIR	O
(	O
or	O
T2	O
-	O
weighted	O
image	O
)	O
at	O
the	O
dentate	O
nucleus	O
(	O
8	O
/	O
8	O
)	O
,	O
inferior	O
colliculus	O
(	O
6	O
/	O
8	O
)	O
,	O
corpus	O
callosum	O
(	O
2	O
/	O
8	O
)	O
,	O
pons	O
(	O
2	O
/	O
8	O
)	O
,	O
medulla	O
(	O
1	O
/	O
8	O
)	O
,	O
and	O
bilateral	O
cerebral	O
white	O
matter	O
(	O
1	O
/	O
8	O
)	O
.	O
High	O
-	O
signal	O
intensity	O
lesions	O
on	O
DWI	O
tended	O
to	O
show	O
low	O
signal	O
intensity	O
on	O
ADC	O
map	O
(	O
3	O
/	O
4	O
)	O
,	O
but	O
in	O
one	O
patient	O
,	O
high	O
signal	O
intensity	O
was	O
shown	O
at	O
bilateral	O
dentate	O
nuclei	O
on	O
not	O
only	O
DWI	O
but	O
also	O
ADC	O
map	O
.	O
All	O
the	O
lesions	O
in	O
dentate	O
,	O
inferior	O
colliculus	O
,	O
pons	O
,	O
and	O
medullas	O
had	O
been	O
resolved	O
completely	O
on	O
follow	O
-	O
up	O
MRIs	O
in	O
5	O
patients	O
,	O
but	O
in	O
1	O
patient	O
of	O
them	O
,	O
corpus	O
callosal	O
lesion	O
persisted	O
.	O
CONCLUSIONS	O
:	O
Reversible	O
inferior	O
colliculus	O
lesions	O
could	O
be	O
considered	O
as	O
the	O
characteristic	O
for	O
metronidazole	B
-	O
induced	O
encephalopathy	O
,	O
next	O
to	O
the	O
dentate	O
nucleus	O
involvement	O
.	O

Differential	O
impact	O
of	O
immune	O
escape	O
mutations	O
G145R	O
and	O
P120T	O
on	O
the	O
replication	O
of	O
lamivudine	B
-	O
resistant	O
hepatitis	B
B	I
virus	I
e	I
antigen	I
-	O
positive	O
and	O
-	O
negative	O
strains	O
.	O

Immune	O
escape	O
variants	O
of	O
the	O
hepatitis	O
B	O
virus	O
(	O
HBV	O
)	O
represent	O
an	O
emerging	O
clinical	O
challenge	O
,	O
because	O
they	O
can	O
be	O
associated	O
with	O
vaccine	O
escape	O
,	O
HBV	O
reactivation	O
,	O
and	O
failure	O
of	O
diagnostic	O
tests	O
.	O
Recent	O
data	O
suggest	O
a	O
preferential	O
selection	O
of	O
immune	O
escape	O
mutants	O
in	O
distinct	O
peripheral	O
blood	O
leukocyte	O
compartments	O
of	O
infected	O
individuals	O
.	O
We	O
therefore	O
systematically	O
analyzed	O
the	O
functional	O
impact	O
of	O
the	O
most	O
prevalent	O
immune	O
escape	O
variants	O
,	O
the	O
sG145R	O
and	O
sP120T	O
mutants	O
,	O
on	O
the	O
viral	O
replication	O
efficacy	O
and	O
antiviral	O
drug	O
susceptibility	O
of	O
common	O
treatment	O
-	O
associated	O
mutants	O
with	O
resistance	O
to	O
lamivudine	B
(	O
LAM	B
)	O
and	O
/	O
or	O
HBeAg	B
negativity	O
.	O
Replication	O
-	O
competent	O
HBV	O
strains	O
with	O
sG145R	O
or	O
sP120T	O
and	O
LAM	B
resistance	O
(	O
rtM204I	O
or	O
rtL180M	O
/	O
rtM204V	O
)	O
were	O
generated	O
on	O
an	O
HBeAg	B
-	O
positive	O
and	O
an	O
HBeAg	B
-	O
negative	O
background	O
with	O
precore	O
(	O
PC	O
)	O
and	O
basal	O
core	O
promoter	O
(	O
BCP	O
)	O
mutants	O
.	O
The	O
sG145R	O
mutation	O
strongly	O
reduced	O
HBsAg	B
levels	O
and	O
was	O
able	O
to	O
fully	O
restore	O
the	O
impaired	O
replication	O
of	O
LAM	B
-	O
resistant	O
HBV	O
mutants	O
to	O
the	O
levels	O
of	O
wild	O
-	O
type	O
HBV	O
,	O
and	O
PC	O
or	O
BCP	O
mutations	O
further	O
enhanced	O
viral	O
replication	O
.	O
Although	O
the	O
sP120T	O
substitution	O
also	O
impaired	O
HBsAg	B
secretion	O
,	O
it	O
did	O
not	O
enhance	O
the	O
replication	O
of	O
LAM	B
-	O
resistant	O
clones	O
.	O
However	O
,	O
the	O
concomitant	O
occurrence	O
of	O
HBeAg	B
negativity	O
(	O
PC	O
/	O
BCP	O
)	O
,	O
sP120T	O
,	O
and	O
LAM	B
resistance	O
resulted	O
in	O
the	O
restoration	O
of	O
replication	O
to	O
levels	O
of	O
wild	O
-	O
type	O
HBV	O
.	O
In	O
all	O
clones	O
with	O
combined	O
immune	O
escape	O
and	O
LAM	B
resistance	O
mutations	O
,	O
the	O
nucleotide	O
analogues	O
adefovir	B
and	O
tenofovir	B
remained	O
effective	O
in	O
suppressing	O
viral	O
replication	O
in	O
vitro	O
.	O
These	O
findings	O
reveal	O
the	O
differential	O
impact	O
of	O
immune	O
escape	O
variants	O
on	O
the	O
replication	O
and	O
drug	O
susceptibility	O
of	O
complex	O
HBV	O
mutants	O
,	O
supporting	O
the	O
need	O
of	O
close	O
surveillance	O
and	O
treatment	O
adjustment	O
in	O
response	O
to	O
the	O
selection	O
of	O
distinct	O
mutational	O
patterns	O
.	O

Safety	O
of	O
capecitabine	B
:	O
a	O
review	O
.	O

IMPORTANCE	O
OF	O
THE	O
FIELD	O
:	O
Fluoropyrimidines	B
,	O
in	O
particular	O
5	B
-	I
fluorouracil	I
(	O
5	B
-	I
FU	I
)	O
,	O
have	O
been	O
the	O
mainstay	O
of	O
treatment	O
for	O
several	O
solid	O
tumors	O
,	O
including	O
colorectal	O
,	O
breast	O
and	O
head	O
and	O
neck	O
cancers	O
,	O
for	O
>	O
40	O
years	O
.	O
AREAS	O
COVERED	O
IN	O
THIS	O
REVIEW	O
:	O
This	O
article	O
reviews	O
the	O
pharmacology	O
and	O
efficacy	O
of	O
capecitabine	B
with	O
a	O
special	O
emphasis	O
on	O
its	O
safety	O
.	O
WHAT	O
THE	O
READER	O
WILL	O
GAIN	O
:	O
The	O
reader	O
will	O
gain	O
better	O
insight	O
into	O
the	O
safety	O
of	O
capecitabine	B
in	O
special	O
populations	O
such	O
as	O
patients	O
with	O
advanced	O
age	O
,	O
renal	O
and	O
kidney	O
disease	O
.	O
We	O
also	O
explore	O
different	O
dosing	O
and	O
schedules	O
of	O
capecitabine	B
administration	O
.	O
TAKE	O
HOME	O
MESSAGE	O
:	O
Capecitabine	B
is	O
an	O
oral	O
prodrug	O
of	O
5	B
-	I
FU	I
and	O
was	O
developed	O
to	O
fulfill	O
the	O
need	O
for	O
a	O
more	O
convenient	O
therapy	O
and	O
provide	O
an	O
improved	O
safety	O
/	O
efficacy	O
profile	O
.	O
It	O
has	O
shown	O
promising	O
results	O
alone	O
or	O
in	O
combination	O
with	O
other	O
chemotherapeutic	O
agents	O
in	O
colorectal	O
,	O
breast	O
,	O
pancreaticobiliary	O
,	O
gastric	O
,	O
renal	O
cell	O
and	O
head	O
and	O
neck	O
cancers	O
.	O
The	O
most	O
commonly	O
reported	O
toxic	O
effects	O
of	O
capecitabine	B
are	O
diarrhea	O
,	O
nausea	O
,	O
vomiting	O
,	O
stomatitis	O
and	O
hand	O
-	O
foot	O
syndrome	O
.	O
Capecitabine	B
has	O
a	O
well	O
-	O
established	O
safety	O
profile	O
and	O
can	O
be	O
given	O
safely	O
to	O
patients	O
with	O
advanced	O
age	O
,	O
hepatic	O
and	O
renal	O
dysfunctions	O
.	O

Cytostatic	O
and	O
anti	O
-	O
angiogenic	O
effects	O
of	O
temsirolimus	B
in	O
refractory	O
mantle	O
cell	O
lymphoma	O
.	O

Mantle	O
cell	O
lymphoma	O
(	O
MCL	O
)	O
is	O
a	O
rare	O
and	O
aggressive	O
type	O
of	O
B	O
-	O
cell	O
non	O
-	O
Hodgkin	O
'	O
s	O
lymphoma	O
.	O
Patients	O
become	O
progressively	O
refractory	O
to	O
conventional	O
chemotherapy	O
,	O
and	O
their	O
prognosis	O
is	O
poor	O
.	O
However	O
,	O
a	O
38	O
%	O
remission	O
rate	O
has	O
been	O
recently	O
reported	O
in	O
refractory	O
MCL	O
treated	O
with	O
temsirolimus	B
,	O
a	O
mTOR	O
inhibitor	O
.	O
Here	O
we	O
had	O
the	O
opportunity	O
to	O
study	O
a	O
case	O
of	O
refractory	O
MCL	O
who	O
had	O
tumor	O
regression	O
two	O
months	O
after	O
temsirolimus	B
treatment	O
,	O
and	O
a	O
progression	O
-	O
free	O
survival	O
of	O
10	O
months	O
.	O
In	O
this	O
case	O
,	O
lymph	O
node	O
biopsies	O
were	O
performed	O
before	O
and	O
six	O
months	O
after	O
temsirolimus	B
therapy	O
.	O
Comparison	O
of	O
the	O
two	O
biopsies	O
showed	O
that	O
temsirolimus	B
inhibited	O
tumor	O
cell	O
proliferation	O
through	O
cell	O
cycle	O
arrest	O
,	O
but	O
did	O
not	O
induce	O
any	O
change	O
in	O
the	O
number	O
of	O
apoptotic	O
tumor	O
cells	O
.	O
Apart	O
from	O
this	O
cytostatic	O
effect	O
,	O
temsirolimus	B
had	O
an	O
antiangiogenic	O
effect	O
with	O
decrease	O
of	O
tumor	O
microvessel	O
density	O
and	O
of	O
VEGF	O
expression	O
.	O
Moreover	O
,	O
numerous	O
patchy	O
,	O
well	O
-	O
limited	O
fibrotic	O
areas	O
,	O
compatible	O
with	O
post	O
-	O
necrotic	O
tissue	O
repair	O
,	O
were	O
found	O
after	O
6	O
-	O
month	O
temsirolimus	B
therapy	O
.	O
Thus	O
,	O
temsirolimus	B
reduced	O
tumor	O
burden	O
through	O
associated	O
cytostatic	O
and	O
anti	O
-	O
angiogenic	O
effects	O
.	O
This	O
dual	O
effect	O
of	O
temsirolimus	B
on	O
tumor	O
tissue	O
could	O
contribute	O
to	O
its	O
recently	O
reported	O
efficiency	O
in	O
refractory	O
MCL	O
resistant	O
to	O
conventional	O
chemotherapy	O
.	O

Reactive	B
oxygen	I
species	I
(	O
ROS	B
)	O
are	O
involved	O
in	O
the	O
pathogenesis	O
of	O
atherosclerosis	O
and	O
coronary	O
artery	O
disease	O
(	O
CAD	O
)	O
.	O
NADPH	O
oxidases	O
are	O
the	O
main	O
source	O
of	O
ROS	B
in	O
the	O
vasculature	O
.	O
p22phox	O
is	O
a	O
critical	O
component	O
of	O
vascular	O
NADPH	O
oxidases	O
and	O
is	O
encoded	O
by	O
the	O
CYBA	O
(	O
cytochrome	O
b245	O
alpha	O
)	O
gene	O
.	O
The	O
-	O
930A	O
>	O
G	O
CYBA	O
polymorphism	O
(	O
rs9932581	O
:	O
A	O
>	O
G	O
)	O
modulates	O
the	O
activity	O
of	O
the	O
CYBA	O
promoter	O
,	O
and	O
influences	O
CYBA	O
transcriptional	O
activity	O
.	O
The	O
aim	O
of	O
the	O
present	O
study	O
was	O
to	O
analyze	O
a	O
possible	O
association	O
between	O
the	O
-	O
930A	O
>	O
G	O
polymorphism	O
and	O
CAD	O
and	O
to	O
search	O
for	O
gene	O
-	O
traditional	O
risk	O
factors	O
interactions	O
.	O
480	O
subjects	O
were	O
studied	O
:	O
240	O
patients	O
with	O
premature	O
CAD	O
,	O
240	O
age	O
and	O
sex	O
matched	O
blood	O
donors	O
.	O
The	O
-	O
930A	O
>	O
G	O
polymorphism	O
was	O
genotyped	O
using	O
the	O
TaqMan	O
-	O
Pre	O
-	O
designed	O
SNP	O
Genotyping	O
Assay	O
(	O
Applied	O
Biosystems	O
)	O
.	O
The	O
-	O
930G	O
allele	O
carrier	O
state	O
was	O
a	O
risk	O
factor	O
for	O
CAD	O
(	O
OR	O
2	O
.	O
03	O
,	O
95	O
%	O
CI	O
1	O
.	O
21	O
-	O
3	O
.	O
44	O
,	O
P	O
=	O
0	O
.	O
007	O
)	O
.	O
A	O
synergistic	O
effect	O
of	O
the	O
-	O
930G	O
allele	O
with	O
overweight	O
/	O
obesity	O
(	O
BMI	O
-	O
-	O
25	O
)	O
and	O
cigarette	O
smoking	O
was	O
found	O
.	O
The	O
estimated	O
CAD	O
risk	O
for	O
BMI	O
-	O
-	O
25	O
and	O
the	O
-	O
930G	O
allele	O
interaction	O
was	O
about	O
160	O
%	O
greater	O
than	O
that	O
predicted	O
by	O
assuming	O
additivity	O
of	O
the	O
effects	O
,	O
and	O
about	O
40	O
%	O
greater	O
for	O
interaction	O
of	O
cigarette	O
smoking	O
and	O
the	O
-	O
930G	O
allele	O
.	O
Overweight	O
/	O
obesity	O
was	O
a	O
risk	O
factor	O
for	O
CAD	O
only	O
in	O
the	O
-	O
930G	O
allele	O
carriers	O
(	O
P	O
<	O
10	O
(	O
-	O
10	O
)	O
)	O
but	O
not	O
in	O
the	O
AA	O
homozygotes	O
(	O
P	O
=	O
1	O
.	O
00	O
)	O
.	O
In	O
conclusion	O
the	O
-	O
930A	O
>	O
G	O
CYBA	O
polymorphism	O
is	O
associated	O
with	O
CAD	O
in	O
the	O
Polish	O
population	O
.	O
The	O
-	O
930G	O
allele	O
carriers	O
are	O
particularly	O
at	O
risk	O
of	O
consequences	O
of	O
obesity	O
and	O
tobacco	O
smoke	O
exposure	O
.	O

GLUT4	O
Is	O
Not	O
Necessary	O
for	O
Overload	O
-	O
Induced	O
Glucose	B
Uptake	O
or	O
Hypertrophic	O
Growth	O
in	O
Mouse	O
Skeletal	O
Muscle	O
.	O

GLUT4	O
is	O
necessary	O
for	O
acute	O
insulin	O
-	O
and	O
contraction	O
-	O
induced	O
skeletal	O
muscle	O
glucose	B
uptake	O
,	O
but	O
its	O
role	O
in	O
chronic	O
muscle	O
loading	O
(	O
overload	O
)	O
-	O
induced	O
glucose	B
uptake	O
is	O
unknown	O
.	O
Our	O
goal	O
was	O
to	O
determine	O
whether	O
GLUT4	O
is	O
required	O
for	O
overload	O
-	O
induced	O
glucose	B
uptake	O
.	O
Overload	O
was	O
induced	O
in	O
mouse	O
plantaris	O
muscle	O
by	O
unilateral	O
synergist	O
ablation	O
.	O
After	O
5	O
days	O
,	O
muscle	O
weights	O
and	O
ex	O
vivo	O
[	B
(	I
3	I
)	I
H	I
]	I
-	I
2	I
-	I
deoxy	I
-	I
d	I
-	I
glucose	I
uptake	O
were	O
assessed	O
.	O
Overload	O
-	O
induced	O
muscle	O
glucose	B
uptake	O
and	O
hypertrophic	O
growth	O
were	O
not	O
impaired	O
in	O
muscle	O
-	O
specific	O
GLUT4	O
knockout	O
mice	O
,	O
demonstrating	O
that	O
GLUT4	O
is	O
not	O
necessary	O
for	O
these	O
processes	O
.	O
To	O
assess	O
which	O
transporters	O
mediate	O
overload	O
-	O
induced	O
glucose	B
uptake	O
,	O
chemical	O
inhibitors	O
were	O
used	O
.	O
The	O
facilitative	O
GLUT	O
inhibitor	O
cytochalasin	B
B	I
,	O
but	O
not	O
the	O
sodium	B
-	O
dependent	O
glucose	B
cotransport	O
inhibitor	O
phloridzin	B
,	O
prevented	O
overload	O
-	O
induced	O
uptake	O
demonstrating	O
that	O
GLUTs	O
mediate	O
this	O
effect	O
.	O
To	O
assess	O
which	O
GLUT	O
,	O
hexose	B
competition	O
experiments	O
were	O
performed	O
.	O
Overload	O
-	O
induced	O
[	B
(	I
3	I
)	I
H	I
]	I
-	I
2	I
-	I
deoxy	I
-	I
d	I
-	I
glucose	I
uptake	O
was	O
not	O
inhibited	O
by	O
d	B
-	I
fructose	I
,	O
demonstrating	O
that	O
the	O
fructose	O
-	O
transporting	O
GLUT2	O
,	O
GLUT5	O
,	O
GLUT8	O
,	O
and	O
GLUT12	O
do	O
not	O
mediate	O
this	O
effect	O
.	O
To	O
assess	O
additional	O
GLUTs	O
,	O
immunoblots	O
were	O
performed	O
.	O
Overload	O
increased	O
GLUT1	O
,	O
GLUT3	O
,	O
GLUT6	O
,	O
and	O
GLUT10	O
protein	O
levels	O
twofold	O
to	O
fivefold	O
.	O
Collectively	O
,	O
these	O
results	O
demonstrate	O
that	O
GLUT4	O
is	O
not	O
necessary	O
for	O
overload	O
-	O
induced	O
muscle	O
glucose	B
uptake	O
or	O
hypertrophic	O
growth	O
and	O
suggest	O
that	O
GLUT1	O
,	O
GLUT3	O
,	O
GLUT6	O
,	O
and	O
/	O
or	O
GLUT10	O
mediate	O
overload	O
-	O
induced	O
glucose	B
uptake	O
.	O

Pediatric	O
high	O
-	O
grade	O
gliomas	O
represent	O
8	O
-	O
12	O
%	O
of	O
all	O
primary	O
tumors	O
of	O
the	O
nervous	O
system	O
in	O
children	O
.	O
Five	O
-	O
year	O
survival	O
for	O
these	O
pediatric	O
aggressive	O
tumors	O
is	O
poor	O
(	O
15	O
-	O
35	O
%	O
)	O
indicating	O
the	O
need	O
to	O
develop	O
better	O
treatments	O
for	O
pediatric	O
high	O
-	O
grade	O
gliomas	O
.	O
In	O
this	O
work	O
we	O
used	O
SF188	O
and	O
SJ	O
-	O
GBM2	O
cell	O
lines	O
to	O
study	O
the	O
function	O
of	O
the	O
ubiquitin	O
carboxyl	O
-	O
terminal	O
esterase	O
L1	O
(	O
UCHL1	O
)	O
,	O
a	O
deubiquitinase	O
de	O
-	O
regulated	O
in	O
several	O
cancers	O
,	O
in	O
pediatric	O
high	O
-	O
grade	O
gliomas	O
.	O
UCHL1	O
depletion	O
in	O
SF188	O
and	O
SJ	O
-	O
GBM2	O
glioma	O
cells	O
was	O
associated	O
with	O
decreased	O
cell	O
proliferation	O
and	O
invasion	O
,	O
along	O
with	O
a	O
reduced	O
ability	O
to	O
grow	O
in	O
soft	O
agar	B
and	O
to	O
form	O
spheres	O
(	O
i	O
.	O
e	O
.	O
self	O
-	O
renewal	O
measure	O
)	O
.	O
A	O
70	O
%	O
reduction	O
in	O
Wnt	O
signaling	O
was	O
also	O
observed	O
in	O
the	O
SF188	O
and	O
SJ	O
-	O
GBM2	O
UCHL1	O
knockdowns	O
(	O
KDs	O
)	O
using	O
a	O
TCF	O
-	O
dependent	O
TOPflash	O
reporter	O
assay	O
.	O
Transcriptome	O
comparisons	O
of	O
UCHL1	O
KDs	O
versus	O
vector	O
control	O
identified	O
a	O
list	O
of	O
306	O
differentially	O
expressed	O
genes	O
(	O
at	O
least	O
2	O
-	O
fold	O
change	O
;	O
p	O
<	O
0	O
.	O
05	O
)	O
which	O
included	O
genes	O
known	O
to	O
be	O
involved	O
in	O
cancer	O
like	O
ACTA2	O
,	O
POSTN	O
,	O
LIF	O
,	O
FBXL7	O
,	O
FBXW11	O
,	O
GDF15	O
,	O
HEY2	O
,	O
but	O
also	O
potential	O
novel	O
genes	O
such	O
us	O
IGLL5	O
,	O
ABCA4	O
,	O
AQP3	O
,	O
AQP4	O
,	O
CALB1	O
,	O
and	O
ALK	O
.	O
Bioinformatics	O
gene	O
ontology	O
(	O
GO	O
)	O
analysis	O
of	O
these	O
306	O
genes	O
revealed	O
significant	O
enrichment	O
in	O
"	O
signal	O
peptides	O
"	O
,	O
"	O
extracellular	O
matrix	O
"	O
and	O
"	O
secreted	O
proteins	O
"	O
GO	O
Terms	O
.	O
"	O
Angiogenesis	O
and	O
blood	O
vessel	O
development	O
"	O
,	O
"	O
neuron	O
differentiation	O
/	O
development	O
"	O
,	O
cell	O
adhesion	O
"	O
,	O
and	O
"	O
cell	O
migration	O
"	O
also	O
showed	O
significant	O
enrichment	O
in	O
our	O
GO	O
analysis	O
.	O
Top	O
canonical	O
pathways	O
identified	O
by	O
Ingenuity	O
Pathway	O
Analysis	O
(	O
IPA	O
)	O
included	O
"	O
Clathrin	O
-	O
mediated	O
Endocytosis	O
Signaling	O
"	O
(	O
p	O
=	O
5	O
.	O
14x10	O
-	O
4	O
)	O
,	O
"	O
Virus	O
Entry	O
via	O
Endocytic	O
Pathways	O
"	O
(	O
p	O
=	O
6	O
.	O
15x	O
10	O
-	O
4	O
)	O
,	O
and	O
"	O
High	O
Mobility	O
Group	O
-	O
Box	O
1	O
(	O
HMGB1	O
)	O
Signaling	O
"	O
(	O
p	O
=	O
6	O
.	O
15x10	O
-	O
4	O
)	O
.	O
While	O
FGF2	O
,	O
IL1B	O
,	O
TNF	O
and	O
PDGFB	O
were	O
predicted	O
as	O
top	O
upstream	O
regulators	O
(	O
p	O
<	O
2x10	O
-	O
16	O
)	O
of	O
the	O
UCHL1	O
KD	O
-	O
associated	O
transcriptome	O
.	O
Aberrant	O
expression	O
of	O
UCHL1	O
in	O
pediatric	O
high	O
-	O
grade	O
gliomas	O
may	O
promote	O
cell	O
invasion	O
,	O
transformation	O
,	O
and	O
self	O
-	O
renewal	O
properties	O
,	O
at	O
least	O
in	O
part	O
,	O
by	O
modulating	O
Wnt	O
/	O
Beta	O
catenin	O
activity	O
.	O
UCHL1	O
might	O
act	O
as	O
an	O
oncogene	O
in	O
glioma	O
within	O
the	O
gene	O
network	O
that	O
imparts	O
stem	O
-	O
like	O
characteristics	O
to	O
these	O
cancer	O
cells	O
.	O

The	O
beta	O
-	O
adrenergic	O
receptors	O
(	O
beta	O
-	O
AR	O
)	O
are	O
G	O
protein	O
-	O
coupled	O
receptors	O
activated	O
by	O
epinephrine	B
and	O
norepinephrine	B
and	O
are	O
involved	O
in	O
a	O
variety	O
of	O
their	O
physiological	O
functions	O
.	O
Previously	O
,	O
three	O
beta	O
-	O
AR	O
genes	O
(	O
ADRB1	O
,	O
ADRB2	O
and	O
ADRB3	O
)	O
were	O
resequenced	O
,	O
identifying	O
polymorphisms	O
that	O
were	O
used	O
in	O
genetic	O
association	O
studies	O
of	O
cardiovascular	O
and	O
metabolic	O
disorders	O
.	O
These	O
studies	O
have	O
produced	O
intriguing	O
but	O
inconsistent	O
results	O
,	O
potentially	O
because	O
the	O
known	O
functional	O
variants	O
:	O
ADRB1	O
Arg389Gly	O
and	O
Gly49Ser	O
,	O
ADRB2	O
Arg16Gly	O
and	O
Gln27Glu	O
,	O
and	O
ADRB3	O
Arg64Trp	O
provided	O
an	O
incomplete	O
picture	O
of	O
the	O
total	O
functional	O
diversity	O
at	O
these	O
genes	O
.	O
Therefore	O
,	O
we	O
created	O
marker	O
panels	O
for	O
each	O
beta	O
-	O
AR	O
gene	O
that	O
included	O
the	O
known	O
functional	O
markers	O
and	O
also	O
other	O
markers	O
evenly	O
spaced	O
and	O
with	O
sufficient	O
density	O
to	O
identify	O
haplotype	O
block	O
structure	O
and	O
to	O
maximize	O
haplotype	O
diversity	O
.	O
A	O
total	O
of	O
27	O
markers	O
were	O
genotyped	O
in	O
96	O
US	O
Caucasians	O
and	O
96	O
African	O
Americans	O
.	O
In	O
both	O
populations	O
and	O
for	O
each	O
gene	O
,	O
a	O
single	O
block	O
with	O
little	O
evidence	O
of	O
historical	O
recombination	O
was	O
observed	O
.	O
For	O
each	O
gene	O
,	O
haplotype	O
captured	O
most	O
of	O
the	O
information	O
content	O
of	O
each	O
functional	O
locus	O
,	O
even	O
if	O
that	O
locus	O
was	O
not	O
genotyped	O
,	O
and	O
presumably	O
haplotype	O
would	O
capture	O
the	O
signal	O
from	O
unknown	O
functional	O
loci	O
whose	O
alleles	O
are	O
of	O
moderate	O
abundance	O
.	O
This	O
study	O
demonstrates	O
the	O
utility	O
of	O
using	O
beta	O
-	O
AR	O
gene	O
haplotype	O
maps	O
and	O
marker	O
panels	O
as	O
tools	O
for	O
linkage	O
studies	O
on	O
beta	O
-	O
AR	O
function	O
.	O

OBJECTIVES	O
:	O
SLCO1B1	O
*	O
5	O
and	O
SLCO1B1	O
*	O
15	O
have	O
been	O
reported	O
to	O
reduce	O
the	O
clearance	O
of	O
pravastatin	B
in	O
healthy	O
volunteers	O
.	O
However	O
,	O
there	O
remains	O
controversy	O
in	O
the	O
effects	O
of	O
SLCO1B1	O
*	O
5	O
on	O
the	O
activity	O
of	O
OATP1B1	O
in	O
vitro	O
.	O
In	O
addition	O
,	O
the	O
effect	O
of	O
SLCO1B1	O
*	O
15	O
on	O
the	O
function	O
of	O
OATP1B1	O
has	O
not	O
been	O
studied	O
using	O
cDNA	O
-	O
expression	O
systems	O
.	O
Object	O
of	O
the	O
present	O
study	O
was	O
to	O
study	O
the	O
influence	O
of	O
SLCO1B1	O
*	O
5	O
,	O
*	O
15	O
and	O
*	O
15	O
+	O
C1007G	O
,	O
a	O
novel	O
haplotype	O
found	O
in	O
a	O
patient	O
with	O
pravastatin	B
-	O
induced	O
myopathy	O
,	O
on	O
the	O
functional	O
properties	O
of	O
OATP1B1	O
by	O
transient	O
expression	O
systems	O
of	O
HEK293	O
and	O
HeLa	O
cells	O
using	O
endogenous	O
conjugates	O
and	O
statins	O
as	O
substrates	O
.	O
METHODS	O
:	O
Transporting	O
assays	O
for	O
endogenous	O
substrates	O
were	O
performed	O
using	O
tritium	B
labeled	O
estradiol	B
-	I
17beta	I
-	I
D	I
-	I
glucuronide	I
and	O
estrone	B
-	I
3	I
-	I
sulfate	I
.	O
Quantitation	O
of	O
pravastatin	B
,	O
atorvastatin	B
,	O
cerivastatin	B
and	O
simvastatin	B
were	O
carried	O
out	O
using	O
HPLC	O
tandem	O
mass	O
spectrometry	O
.	O
RESULTS	O
:	O
The	O
transporting	O
activities	O
of	O
cells	O
expressing	O
SLCO1B1	O
*	O
5	O
,	O
*	O
15	O
and	O
*	O
15	O
+	O
C1007G	O
decreased	O
significantly	O
but	O
those	O
of	O
SLCO1B1	O
*	O
1b	O
,	O
*	O
1a	O
+	O
C1007G	O
and	O
*	O
1b	O
+	O
C1007G	O
were	O
not	O
altered	O
for	O
all	O
of	O
the	O
substrates	O
tested	O
except	O
for	O
simvastatin	B
.	O
Kinetic	O
analysis	O
of	O
pravastatin	B
and	O
atorvastatin	B
showed	O
that	O
Km	O
values	O
were	O
not	O
altered	O
but	O
Vmax	O
values	O
decreased	O
significantly	O
in	O
cells	O
expressing	O
SLCO1B1	O
*	O
5	O
,	O
*	O
15	O
and	O
*	O
15	O
+	O
C1007G	O
.	O
Immunocytochemical	O
study	O
showed	O
that	O
SLCO1B1	O
*	O
5	O
,	O
*	O
15	O
and	O
*	O
15	O
+	O
C1007G	O
proteins	O
are	O
localized	O
not	O
only	O
at	O
the	O
plasma	O
membrane	O
but	O
also	O
in	O
the	O
intracellular	O
space	O
.	O
CONCLUSIONS	O
:	O
These	O
findings	O
suggest	O
that	O
521T	O
>	O
C	O
,	O
existing	O
commonly	O
in	O
SLCO1B1	O
*	O
5	O
,	O
*	O
15	O
and	O
*	O
15	O
+	O
C1007G	O
,	O
is	O
the	O
key	O
single	O
nucleotide	O
polymorphism	O
(	O
SNP	O
)	O
that	O
determines	O
the	O
functional	O
properties	O
of	O
SLCO1B1	O
*	O
5	O
,	O
*	O
15	O
and	O
*	O
15	O
+	O
C1007G	O
allelic	O
proteins	O
and	O
that	O
decreased	O
activities	O
of	O
these	O
variant	O
proteins	O
are	O
mainly	O
caused	O
by	O
a	O
sorting	O
error	O
produced	O
by	O
this	O
SNP	O
.	O

A	O
dramatic	O
drop	O
in	O
blood	O
pressure	O
following	O
prehospital	O
GTN	B
administration	O
.	O

A	O
male	O
in	O
his	O
sixties	O
with	O
no	O
history	O
of	O
cardiac	O
chest	O
pain	O
awoke	O
with	O
chest	O
pain	O
following	O
an	O
afternoon	O
sleep	O
.	O
The	O
patient	O
did	O
not	O
self	O
medicate	O
.	O
The	O
patient	O
'	O
s	O
observations	O
were	O
within	O
normal	O
limits	O
,	O
he	O
was	O
administered	O
oxygen	B
via	O
a	O
face	O
mask	O
and	O
glyceryl	B
trinitrate	I
(	O
GTN	B
)	O
.	O
Several	O
minutes	O
after	O
the	O
GTN	B
the	O
patient	O
experienced	O
a	O
sudden	O
drop	O
in	O
blood	O
pressure	O
and	O
heart	O
rate	O
,	O
this	O
was	O
rectified	O
by	O
atropine	B
sulphate	I
and	O
a	O
fluid	O
challenge	O
.	O
There	O
was	O
no	O
further	O
deterioration	O
in	O
the	O
patient	O
'	O
s	O
condition	O
during	O
transport	O
to	O
hospital	O
.	O
There	O
are	O
very	O
few	O
documented	O
case	O
like	O
this	O
in	O
the	O
prehospital	O
scientific	O
literature	O
.	O
The	O
cause	O
appears	O
to	O
be	O
the	O
Bezold	O
-	O
Jarish	O
reflex	O
,	O
stimulation	O
of	O
the	O
ventricular	O
walls	O
which	O
in	O
turn	O
decreases	O
sympathetic	O
outflow	O
from	O
the	O
vasomotor	O
centre	O
.	O
Prehospital	O
care	O
providers	O
who	O
are	O
managing	O
any	O
patient	O
with	O
a	O
syncopal	O
episode	O
that	O
fails	O
to	O
recover	O
within	O
a	O
reasonable	O
time	O
frame	O
should	O
consider	O
the	O
Bezold	O
-	O
Jarisch	O
reflex	O
as	O
the	O
cause	O
and	O
manage	O
the	O
patient	O
accordingly	O
.	O

Exaggerated	O
expression	O
of	O
inflammatory	O
mediators	O
in	O
vasoactive	O
intestinal	O
polypeptide	O
knockout	O
(	O
VIP	O
-	O
/	O
-	O
)	O
mice	O
with	O
cyclophosphamide	B
(	O
CYP	B
)	O
-	O
induced	O
cystitis	O
.	O

Vasoactive	O
intestinal	O
polypeptide	O
(	O
VIP	O
)	O
is	O
an	O
immunomodulatory	O
neuropeptide	O
distributed	O
in	O
micturition	O
pathways	O
.	O
VIP	O
(	O
-	O
/	O
-	O
)	O
mice	O
exhibit	O
altered	O
bladder	O
function	O
and	O
neurochemical	O
properties	O
in	O
micturition	O
pathways	O
after	O
cyclophosphamide	B
(	O
CYP	B
)	O
-	O
induced	O
cystitis	O
.	O
Given	O
VIP	O
'	O
s	O
role	O
as	O
an	O
anti	O
-	O
inflammatory	O
mediator	O
,	O
we	O
hypothesized	O
that	O
VIP	O
(	O
-	O
/	O
-	O
)	O
mice	O
would	O
exhibit	O
enhanced	O
inflammatory	O
mediator	O
expression	O
after	O
cystitis	O
.	O
A	O
mouse	O
inflammatory	O
cytokine	O
and	O
receptor	O
RT2	O
profiler	O
array	O
was	O
used	O
to	O
determine	O
regulated	O
transcripts	O
in	O
the	O
urinary	O
bladder	O
of	O
wild	O
type	O
(	O
WT	O
)	O
and	O
VIP	O
(	O
-	O
/	O
-	O
)	O
mice	O
with	O
or	O
without	O
CYP	B
-	O
induced	O
cystitis	O
(	O
150	O
mg	O
/	O
kg	O
;	O
i	O
.	O
p	O
.	O
;	O
48	O
h	O
)	O
.	O
Four	O
binary	O
comparisons	O
were	O
made	O
:	O
WT	O
control	O
versus	O
CYP	B
treatment	O
(	O
48	O
h	O
)	O
,	O
VIP	O
(	O
-	O
/	O
-	O
)	O
control	O
versus	O
CYP	B
treatment	O
(	O
48	O
h	O
)	O
,	O
WT	O
control	O
versus	O
VIP	O
(	O
-	O
/	O
-	O
)	O
control	O
,	O
and	O
WT	O
with	O
CYP	B
treatment	O
(	O
48	O
h	O
)	O
versus	O
VIP	O
(	O
-	O
/	O
-	O
)	O
with	O
CYP	B
treatment	O
(	O
48	O
h	O
)	O
.	O
The	O
genes	O
presented	O
represent	O
(	O
1	O
)	O
greater	O
than	O
1	O
.	O
5	O
-	O
fold	O
change	O
in	O
either	O
direction	O
and	O
(	O
2	O
)	O
the	O
p	O
value	O
is	O
less	O
than	O
0	O
.	O
05	O
for	O
the	O
comparison	O
being	O
made	O
.	O
Several	O
regulated	O
genes	O
were	O
validated	O
using	O
enzyme	O
-	O
linked	O
immunoassays	O
including	O
IL	O
-	O
1beta	O
and	O
CXCL1	O
.	O
CYP	B
treatment	O
significantly	O
(	O
p	O
<	O
or	O
=	O
0	O
.	O
001	O
)	O
increased	O
expression	O
of	O
CXCL1	O
and	O
IL	O
-	O
1beta	O
in	O
the	O
urinary	O
bladder	O
of	O
WT	O
and	O
VIP	O
(	O
-	O
/	O
-	O
)	O
mice	O
,	O
but	O
expression	O
in	O
VIP	O
(	O
-	O
/	O
-	O
)	O
mice	O
with	O
CYP	B
treatment	O
was	O
significantly	O
(	O
p	O
<	O
or	O
=	O
0	O
.	O
001	O
)	O
greater	O
(	O
4	O
.	O
2	O
-	O
to	O
13	O
-	O
fold	O
increase	O
)	O
than	O
that	O
observed	O
in	O
WT	O
urinary	O
bladder	O
(	O
3	O
.	O
6	O
-	O
to	O
5	O
-	O
fold	O
increase	O
)	O
.	O
The	O
data	O
suggest	O
that	O
in	O
VIP	O
(	O
-	O
/	O
-	O
)	O
mice	O
with	O
bladder	O
inflammation	O
,	O
inflammatory	O
mediators	O
are	O
increased	O
above	O
that	O
observed	O
in	O
WT	O
with	O
CYP	B
.	O
This	O
shift	O
in	O
balance	O
may	O
contribute	O
to	O
increased	O
bladder	O
dysfunction	O
in	O
VIP	O
(	O
-	O
/	O
-	O
)	O
mice	O
with	O
bladder	O
inflammation	O
and	O
altered	O
neurochemical	O
expression	O
in	O
micturition	O
pathways	O
.	O

mToR	B
inhibitors	I
-	O
induced	O
proteinuria	O
:	O
mechanisms	O
,	O
significance	O
,	O
and	O
management	O
.	O

Massive	O
urinary	O
protein	O
excretion	O
has	O
been	O
observed	O
after	O
conversion	O
from	O
calcineurin	B
inhibitors	I
to	O
mammalian	B
target	I
of	I
rapamycin	I
(	I
mToR	I
)	I
inhibitors	I
,	O
especially	O
sirolimus	B
,	O
in	O
renal	O
transplant	O
recipients	O
with	O
chronic	O
allograft	O
nephropathy	O
.	O
Because	O
proteinuria	O
is	O
a	O
major	O
predictive	O
factor	O
of	O
poor	O
transplantation	O
outcome	O
,	O
many	O
studies	O
focused	O
on	O
this	O
adverse	O
event	O
during	O
the	O
past	O
years	O
.	O
Whether	O
proteinuria	O
was	O
due	O
to	O
sirolimus	B
or	O
only	O
a	O
consequence	O
of	O
calcineurin	B
inhibitors	I
withdrawal	O
remained	O
unsolved	O
until	O
high	O
range	O
proteinuria	O
has	O
been	O
observed	O
during	O
sirolimus	B
therapy	O
in	O
islet	O
transplantation	O
and	O
in	O
patients	O
who	O
received	O
sirolimus	B
de	O
novo	O
.	O
Podocyte	O
injury	O
and	O
focal	O
segmental	O
glomerulosclerosis	O
have	O
been	O
related	O
to	O
mToR	O
inhibition	O
in	O
some	O
patients	O
,	O
but	O
the	O
pathways	O
underlying	O
these	O
lesions	O
remain	O
hypothetic	O
.	O
We	O
discuss	O
herein	O
the	O
possible	O
mechanisms	O
and	O
the	O
significance	O
of	O
mToR	O
blockade	O
-	O
induced	O
proteinuria	O
.	O

More	O
than	O
20	O
DNA	O
mutations	O
with	O
different	O
inheritance	O
pattern	O
have	O
been	O
described	O
in	O
patients	O
with	O
Bernard	O
-	O
Soulier	O
Syndrome	O
(	O
BSS	O
)	O
,	O
leading	O
to	O
abnormal	O
or	O
absent	O
synthesis	O
and	O
/	O
or	O
expression	O
of	O
GPIbalpha	O
.	O
Clinical	O
phenotype	O
shows	O
considerable	O
variation	O
between	O
individuals	O
,	O
such	O
as	O
bleeding	O
,	O
platelet	O
count	O
and	O
the	O
percentage	O
of	O
large	O
platelets	O
.	O
We	O
describe	O
in	O
a	O
BSS	O
patient	O
the	O
first	O
case	O
of	O
homozygous	O
four	O
bases	O
deletion	O
(	O
TGAG	O
)	O
in	O
the	O
gpIbalpha	O
gene	O
coding	O
sequence	O
,	O
leading	O
to	O
a	O
premature	O
stop	O
codon	O
.	O
In	O
the	O
propositus	O
,	O
blood	O
smears	O
revealed	O
giant	O
platelets	O
(	O
30	O
x	O
10	O
(	O
9	O
)	O
platelets	O
/	O
L	O
)	O
,	O
and	O
platelet	O
agglutination	O
to	O
ristocetin	B
was	O
absent	O
.	O
Propositus	O
'	O
parents	O
are	O
consanguineous	O
.	O
His	O
father	O
and	O
paternal	O
grandmother	O
showed	O
a	O
mild	O
thrombocytopenia	O
(	O
108	O
x	O
10	O
(	O
9	O
)	O
/	O
L	O
and	O
120	O
x	O
10	O
(	O
9	O
)	O
/	O
L	O
platelets	O
respectively	O
)	O
while	O
mothers	O
and	O
sister	O
'	O
s	O
referred	O
normal	O
platelet	O
counts	O
.	O
The	O
surface	O
expression	O
of	O
GPIbalpha	O
was	O
practically	O
undetectable	O
by	O
flow	O
-	O
cytometry	O
and	O
western	O
blot	O
in	O
the	O
patient	O
and	O
was	O
reduced	O
in	O
the	O
father	O
.	O
Proband	O
'	O
s	O
DNA	O
analysis	O
revealed	O
a	O
homozygous	O
four	O
-	O
base	O
-	O
pair	O
deletion	O
(	O
TGAG	O
)	O
,	O
starting	O
from	O
the	O
last	O
base	O
of	O
the	O
codon	O
for	O
Ser39	O
,	O
leading	O
to	O
a	O
coding	O
frame	O
shift	O
with	O
a	O
new	O
termination	O
codon	O
after	O
11	O
novel	O
amino	O
acids	O
.	O
The	O
same	O
mutation	O
was	O
seen	O
in	O
heterozygosis	O
in	O
both	O
parents	O
.	O
This	O
is	O
the	O
first	O
report	O
of	O
GPIbalpha	O
TGAG	O
deletion	O
in	O
homozygous	O
state	O
even	O
if	O
the	O
defect	O
has	O
already	O
been	O
described	O
in	O
a	O
case	O
of	O
compound	O
heterozygosis	O
.	O
Surprisingly	O
,	O
the	O
propositus	O
does	O
not	O
report	O
any	O
spontaneous	O
bleeding	O
tendency	O
.	O

Mucolipidosis	O
type	O
III	O
(	O
MLIII	O
)	O
is	O
an	O
autosomal	O
recessive	O
disorder	O
affecting	O
lysosomal	O
hydrolase	O
trafficking	O
.	O
In	O
a	O
study	O
of	O
10	O
patients	O
from	O
seven	O
families	O
with	O
a	O
clinical	O
phenotype	O
and	O
enzymatic	O
diagnosis	O
of	O
MLIII	O
,	O
six	O
novel	O
GNPTG	O
gene	O
mutations	O
were	O
identified	O
.	O
These	O
included	O
missense	O
(	O
p	O
.	O
T286M	O
)	O
and	O
nonsense	O
(	O
p	O
.	O
W111X	O
)	O
mutations	O
and	O
a	O
transition	O
in	O
the	O
obligate	O
AG	O
-	O
dinucleotide	O
of	O
the	O
intron	O
8	O
acceptor	O
splice	O
site	O
(	O
c	O
.	O
610	O
-	O
2A	O
>	O
G	O
)	O
.	O
Three	O
microdeletions	O
were	O
also	O
identified	O
,	O
two	O
of	O
which	O
(	O
c	O
.	O
611delG	O
and	O
c	O
.	O
640_667del28	O
)	O
were	O
located	O
within	O
the	O
coding	O
region	O
whereas	O
one	O
(	O
c	O
.	O
609	O
+	O
28_610	O
-	O
16del	O
)	O
was	O
located	O
entirely	O
within	O
intron	O
8	O
.	O
RT	O
-	O
PCR	O
analysis	O
of	O
the	O
c	O
.	O
610	O
-	O
2A	O
>	O
G	O
transition	O
demonstrated	O
that	O
the	O
change	O
altered	O
splicing	O
,	O
leading	O
to	O
the	O
production	O
of	O
two	O
distinct	O
aberrantly	O
spliced	O
forms	O
,	O
viz	O
.	O
the	O
skipping	O
of	O
exon	O
9	O
(	O
p	O
.	O
G204_K247del	O
)	O
or	O
the	O
retention	O
of	O
introns	O
8	O
and	O
9	O
(	O
p	O
.	O
G204VfsX28	O
)	O
.	O
RT	O
-	O
PCR	O
analysis	O
,	O
performed	O
on	O
a	O
patient	O
homozygous	O
for	O
the	O
intronic	O
deletion	O
(	O
c	O
.	O
609	O
+	O
28_610	O
-	O
16del	O
)	O
,	O
failed	O
to	O
detect	O
any	O
GNPTG	O
RNA	O
transcripts	O
.	O
To	O
determine	O
whether	O
c	O
.	O
609	O
+	O
28_610	O
-	O
16del	O
allele	O
-	O
derived	O
transcripts	O
were	O
subject	O
to	O
nonsense	O
-	O
mediated	O
mRNA	O
decay	O
(	O
NMD	O
)	O
,	O
patient	O
fibroblasts	O
were	O
incubated	O
with	O
the	O
protein	O
synthesis	O
inhibitor	O
anisomycin	B
.	O
An	O
RT	O
-	O
PCR	O
fragment	O
retaining	O
43	O
bp	O
of	O
intron	O
8	O
was	O
consistently	O
detected	O
suggesting	O
that	O
the	O
33	O
-	O
bp	O
genomic	O
deletion	O
had	O
elicited	O
NMD	O
.	O
Quantitative	O
real	O
-	O
time	O
PCR	O
and	O
GNPTG	O
western	O
blot	O
analysis	O
confirmed	O
that	O
the	O
homozygous	O
microdeletion	O
p	O
.	O
G204VfsX17	O
had	O
elicited	O
NMD	O
resulting	O
in	O
failure	O
to	O
synthesize	O
GNPTG	O
protein	O
.	O
Analysis	O
of	O
the	O
sequences	O
surrounding	O
the	O
microdeletion	O
breakpoints	O
revealed	O
either	O
intrinsic	O
repetitivity	O
of	O
the	O
deleted	O
region	O
or	O
short	O
direct	O
repeats	O
adjacent	O
to	O
the	O
breakpoint	O
junctions	O
.	O
This	O
is	O
consistent	O
with	O
these	O
repeats	O
having	O
mediated	O
the	O
microdeletions	O
via	O
replication	O
slippage	O
and	O
supports	O
the	O
view	O
that	O
the	O
mutational	O
spectrum	O
of	O
the	O
GNPTG	O
gene	O
is	O
strongly	O
influenced	O
by	O
the	O
properties	O
of	O
the	O
local	O
DNA	O
sequence	O
environment	O
.	O

A	O
cross	O
-	O
sectional	O
evaluation	O
of	O
the	O
effect	O
of	O
risperidone	B
and	O
selective	B
serotonin	I
reuptake	I
inhibitors	I
on	O
bone	O
mineral	O
density	O
in	O
boys	O
.	O

OBJECTIVE	O
:	O
The	O
aim	O
of	O
the	O
present	O
study	O
was	O
to	O
investigate	O
the	O
effect	O
of	O
risperidone	B
-	O
induced	O
hyperprolactinemia	O
on	O
trabecular	O
bone	O
mineral	O
density	O
(	O
BMD	O
)	O
in	O
children	O
and	O
adolescents	O
.	O
METHOD	O
:	O
Medically	O
healthy	O
7	O
-	O
to	O
17	O
-	O
year	O
-	O
old	O
males	O
chronically	O
treated	O
,	O
in	O
a	O
naturalistic	O
setting	O
,	O
with	O
risperidone	B
were	O
recruited	O
for	O
this	O
cross	O
-	O
sectional	O
study	O
through	O
child	O
psychiatry	O
outpatient	O
clinics	O
between	O
November	O
2005	O
and	O
June	O
2007	O
.	O
Anthropometric	O
measurements	O
and	O
laboratory	O
testing	O
were	O
conducted	O
.	O
The	O
clinical	O
diagnoses	O
were	O
based	O
on	O
chart	O
review	O
,	O
and	O
developmental	O
and	O
treatment	O
history	O
was	O
obtained	O
from	O
the	O
medical	O
record	O
.	O
Volumetric	O
BMD	O
of	O
the	O
ultradistal	O
radius	O
was	O
measured	O
using	O
peripheral	O
quantitative	O
computed	O
tomography	O
,	O
and	O
areal	O
BMD	O
of	O
the	O
lumbar	O
spine	O
was	O
estimated	O
using	O
dual	O
-	O
energy	O
x	O
-	O
ray	O
absorptiometry	O
.	O
RESULTS	O
:	O
Hyperprolactinemia	O
was	O
present	O
in	O
49	O
%	O
of	O
83	O
boys	O
(	O
n	O
=	O
41	O
)	O
treated	O
with	O
risperidone	B
for	O
a	O
mean	O
of	O
2	O
.	O
9	O
years	O
.	O
Serum	O
testosterone	B
concentration	O
increased	O
with	O
pubertal	O
status	O
but	O
was	O
not	O
affected	O
by	O
hyperprolactinemia	O
.	O
As	O
expected	O
,	O
bone	O
mineral	O
content	O
and	O
BMD	O
increased	O
with	O
sexual	O
maturity	O
.	O
After	O
adjusting	O
for	O
the	O
stage	O
of	O
sexual	O
development	O
and	O
height	O
and	O
BMI	O
z	O
scores	O
,	O
serum	O
prolactin	O
was	O
negatively	O
associated	O
with	O
trabecular	O
volumetric	O
BMD	O
at	O
the	O
ultradistal	O
radius	O
(	O
P	O
<	O
.	O
03	O
)	O
.	O
Controlling	O
for	O
relevant	O
covariates	O
,	O
we	O
also	O
found	O
treatment	O
with	O
selective	B
serotonin	I
reuptake	I
inhibitors	I
(	O
SSRIs	B
)	O
to	O
be	O
associated	O
with	O
lower	O
trabecular	O
BMD	O
at	O
the	O
radius	O
(	O
P	O
=	O
.	O
03	O
)	O
and	O
BMD	O
z	O
score	O
at	O
the	O
lumbar	O
spine	O
(	O
P	O
<	O
.	O
05	O
)	O
.	O
These	O
findings	O
became	O
more	O
marked	O
when	O
the	O
analysis	O
was	O
restricted	O
to	O
non	O
-	O
Hispanic	O
white	O
patients	O
.	O
Of	O
13	O
documented	O
fractures	O
,	O
3	O
occurred	O
after	O
risperidone	B
and	O
SSRIs	B
were	O
started	O
,	O
and	O
none	O
occurred	O
in	O
patients	O
with	O
hyperprolactinemia	O
.	O
CONCLUSIONS	O
:	O
This	O
is	O
the	O
first	O
study	O
to	O
link	O
risperidone	B
-	O
induced	O
hyperprolactinemia	O
and	O
SSRI	B
treatment	O
to	O
lower	O
BMD	O
in	O
children	O
and	O
adolescents	O
.	O
Future	O
research	O
should	O
evaluate	O
the	O
longitudinal	O
course	O
of	O
this	O
adverse	O
event	O
to	O
determine	O
its	O
temporal	O
stability	O
and	O
whether	O
a	O
higher	O
fracture	O
rate	O
ensues	O
.	O

Classic	O
galactosemia	O
is	O
an	O
autosomal	O
recessive	O
disorder	O
of	O
galactose	O
metabolism	O
manifesting	O
in	O
the	O
first	O
weeks	O
of	O
life	O
following	O
exposure	O
to	O
a	O
milk	O
-	O
based	O
diet	O
.	O
Despite	O
the	O
benefit	O
of	O
avoidance	O
of	O
lactose	B
,	O
many	O
patients	O
suffer	O
from	O
long	O
-	O
term	O
complications	O
including	O
neurological	O
deficits	O
and	O
ovarian	O
failure	O
.	O
To	O
date	O
,	O
over	O
230	O
mutations	O
have	O
been	O
described	O
in	O
the	O
GALT	O
gene	O
resulting	O
in	O
galactosemia	O
.	O
Recently	O
,	O
an	O
unusual	O
mutation	O
was	O
characterized	O
causing	O
a	O
5	O
.	O
5	O
kb	O
deletion	O
,	O
with	O
a	O
relatively	O
high	O
carrier	O
rate	O
in	O
subjects	O
of	O
Ashkenazi	O
Jewish	O
(	O
AJ	O
)	O
descent	O
.	O
The	O
aim	O
of	O
this	O
study	O
was	O
to	O
estimate	O
the	O
carrier	O
frequency	O
of	O
this	O
mutation	O
in	O
the	O
AJ	O
population	O
in	O
Israel	O
.	O
For	O
this	O
purpose	O
we	O
developed	O
a	O
high	O
-	O
throughput	O
methodology	O
to	O
genotype	O
both	O
normal	O
and	O
deleted	O
alleles	O
using	O
a	O
chip	O
-	O
based	O
matrix	O
-	O
assisted	O
laser	O
desorption	O
-	O
time	O
-	O
of	O
-	O
flight	O
(	O
MALDI	O
-	O
TOF	O
)	O
mass	O
spectrometer	O
and	O
Multiplex	O
PCR	O
.	O
DNA	O
samples	O
of	O
760	O
anonymous	O
AJ	O
subjects	O
were	O
submitted	O
for	O
analysis	O
,	O
subsequently	O
detecting	O
six	O
individuals	O
heterozygous	O
for	O
the	O
GALT	O
deletion	O
mutation	O
,	O
giving	O
a	O
carrier	O
frequency	O
of	O
1	O
in	O
127	O
(	O
0	O
.	O
79	O
%	O
)	O
.	O
Based	O
on	O
these	O
results	O
,	O
we	O
suggest	O
that	O
the	O
method	O
described	O
here	O
provides	O
a	O
basis	O
for	O
genetic	O
screening	O
and	O
prenatal	O
counseling	O
and	O
can	O
potentially	O
reduce	O
the	O
morbidity	O
and	O
mortality	O
associated	O
with	O
delayed	O
diagnosis	O
of	O
galactosemia	O
in	O
this	O
patient	O
population	O
.	O

Long	O
-	O
term	O
oral	O
galactose	B
treatment	O
prevents	O
cognitive	O
deficits	O
in	O
male	O
Wistar	O
rats	O
treated	O
intracerebroventricularly	O
with	O
streptozotocin	B
.	O

Basic	O
and	O
clinical	O
research	O
has	O
demonstrated	O
that	O
dementia	O
of	O
sporadic	O
Alzheimer	O
'	O
s	O
disease	O
(	O
sAD	O
)	O
type	O
is	O
associated	O
with	O
dysfunction	O
of	O
the	O
insulin	O
-	O
receptor	O
(	O
IR	O
)	O
system	O
followed	O
by	O
decreased	O
glucose	B
transport	O
via	O
glucose	B
transporter	O
GLUT4	O
and	O
decreased	O
glucose	B
metabolism	O
in	O
brain	O
cells	O
.	O
An	O
alternative	O
source	O
of	O
energy	O
is	O
d	B
-	I
galactose	I
(	O
the	O
C	O
-	O
4	O
-	O
epimer	O
of	O
d	B
-	I
glucose	I
)	O
which	O
is	O
transported	O
into	O
the	O
brain	O
by	O
insulin	O
-	O
independent	O
GLUT3	O
transporter	O
where	O
it	O
might	O
be	O
metabolized	O
to	O
glucose	B
via	O
the	O
Leloir	O
pathway	O
.	O
Exclusively	O
parenteral	O
daily	O
injections	O
of	O
galactose	B
induce	O
memory	O
deterioration	O
in	O
rodents	O
and	O
are	O
used	O
to	O
generate	O
animal	O
aging	O
model	O
,	O
but	O
the	O
effects	O
of	O
oral	O
galactose	B
treatment	O
on	O
cognitive	O
functions	O
have	O
never	O
been	O
tested	O
.	O
We	O
have	O
investigated	O
the	O
effects	O
of	O
continuous	O
daily	O
oral	O
galactose	B
(	O
200	O
mg	O
/	O
kg	O
/	O
day	O
)	O
treatment	O
on	O
cognitive	O
deficits	O
in	O
streptozotocin	B
-	O
induced	O
(	O
STZ	B
-	O
icv	O
)	O
rat	O
model	O
of	O
sAD	O
,	O
tested	O
by	O
Morris	O
Water	O
Maze	O
and	O
Passive	O
Avoidance	O
test	O
,	O
respectively	O
.	O
One	O
month	O
of	O
oral	O
galactose	B
treatment	O
initiated	O
immediately	O
after	O
the	O
STZ	B
-	O
icv	O
administration	O
,	O
successfully	O
prevented	O
development	O
of	O
the	O
STZ	B
-	O
icv	O
-	O
induced	O
cognitive	O
deficits	O
.	O
Beneficial	O
effect	O
of	O
oral	O
galactose	B
was	O
independent	O
of	O
the	O
rat	O
age	O
and	O
of	O
the	O
galactose	B
dose	O
ranging	O
from	O
100	O
to	O
300	O
mg	O
/	O
kg	O
/	O
day	O
.	O
Additionally	O
,	O
oral	O
galactose	B
administration	O
led	O
to	O
the	O
appearance	O
of	O
galactose	B
in	O
the	O
blood	O
.	O
The	O
increase	O
of	O
galactose	B
concentration	O
in	O
the	O
cerebrospinal	O
fluid	O
was	O
several	O
times	O
lower	O
after	O
oral	O
than	O
after	O
parenteral	O
administration	O
of	O
the	O
same	O
galactose	B
dose	O
.	O
Oral	O
galactose	B
exposure	O
might	O
have	O
beneficial	O
effects	O
on	O
learning	O
and	O
memory	O
ability	O
and	O
could	O
be	O
worth	O
investigating	O
for	O
improvement	O
of	O
cognitive	O
deficits	O
associated	O
with	O
glucose	O
hypometabolism	O
in	O
AD	O
.	O

PURPOSE	O
:	O
Although	O
the	O
existence	O
of	O
cancer	O
stem	O
cells	O
(	O
CSC	O
)	O
in	O
adenoid	O
cystic	O
carcinoma	O
(	O
ACC	O
)	O
has	O
been	O
proposed	O
,	O
lack	O
of	O
assays	O
for	O
their	O
propagation	O
and	O
uncertainty	O
about	O
molecular	O
markers	O
prevented	O
their	O
characterization	O
.	O
Our	O
objective	O
was	O
to	O
isolate	O
CSC	O
from	O
ACC	O
and	O
provide	O
insight	O
into	O
signaling	O
pathways	O
that	O
support	O
their	O
propagation	O
.	O
EXPERIMENTAL	O
DESIGN	O
:	O
To	O
isolate	O
CSC	O
from	O
ACC	O
and	O
characterize	O
them	O
,	O
we	O
used	O
ROCK	O
inhibitor	O
-	O
supplemented	O
cell	O
culture	O
,	O
immunomagnetic	O
cell	O
sorting	O
,	O
andin	O
vitro	O
/	O
in	O
vivoassays	O
for	O
CSC	O
viability	O
and	O
tumorigenicity	O
.	O
RESULTS	O
:	O
We	O
identified	O
in	O
ACC	O
CD133	O
-	O
positive	O
CSC	O
that	O
expressed	O
NOTCH1	O
and	O
SOX10	O
,	O
formed	O
spheroids	O
,	O
and	O
initiated	O
tumors	O
in	O
nude	O
mice	O
.	O
CD133	O
(	O
+	O
)	O
ACC	O
cells	O
produced	O
activated	O
NOTCH1	O
(	O
N1ICD	O
)	O
and	O
generated	O
CD133	O
(	O
-	O
)	O
cells	O
that	O
expressed	O
JAG1	O
as	O
well	O
as	O
neural	O
differentiation	O
factors	O
NR2F1	O
,	O
NR2F2	O
,	O
and	O
p27Kip1	O
.	O
Knockdowns	O
of	O
NOTCH1	O
,	O
SOX10	O
,	O
and	O
their	O
common	O
effector	O
FABP7	O
had	O
negative	O
effects	O
on	O
each	O
other	O
,	O
inhibited	O
spheroidogenesis	O
,	O
and	O
induced	O
cell	O
death	O
pointing	O
at	O
their	O
essential	O
roles	O
in	O
CSC	O
maintenance	O
.	O
Downstream	O
effects	O
of	O
FABP7	O
knockdown	O
included	O
suppression	O
of	O
a	O
broad	O
spectrum	O
of	O
genes	O
involved	O
in	O
proliferation	O
,	O
ribosome	O
biogenesis	O
,	O
and	O
metabolism	O
.	O
Among	O
proliferation	O
-	O
linked	O
NOTCH1	O
/	O
FABP7	O
targets	O
,	O
we	O
identified	O
SKP2	O
and	O
its	O
substrate	O
p27Kip1	O
.	O
A	O
g	O
-	O
secretase	O
inhibitor	O
,	O
DAPT	B
,	O
selectively	O
depleted	O
CD133	O
(	O
+	O
)	O
cells	O
,	O
suppressed	O
N1ICD	O
and	O
SKP2	O
,	O
induced	O
p27Kip1	O
,	O
inhibited	O
ACC	O
growthin	O
vivo	O
,	O
and	O
sensitized	O
CD133	O
(	O
+	O
)	O
cells	O
to	O
radiation	O
.	O
CONCLUSIONS	O
:	O
These	O
results	O
establish	O
in	O
the	O
majority	O
of	O
ACC	O
the	O
presence	O
of	O
a	O
previously	O
uncharacterized	O
population	O
of	O
CD133	O
(	O
+	O
)	O
cells	O
with	O
neural	O
stem	O
properties	O
,	O
which	O
are	O
driven	O
by	O
SOX10	O
,	O
NOTCH1	O
,	O
and	O
FABP7	O
.	O
Sensitivity	O
of	O
these	O
cells	O
to	O
Notch	O
inhibition	O
and	O
their	O
dependence	O
on	O
SKP2	O
offer	O
new	O
opportunities	O
for	O
targeted	O
ACC	O
therapies	O
.	O

Hypokalaemic	O
periodic	O
paralysis	O
(	O
HypoPP	O
)	O
is	O
an	O
autosomal	O
dominant	O
disorder	O
,	O
which	O
is	O
characterized	O
by	O
periodic	O
attacks	O
of	O
muscle	O
weakness	O
associated	O
with	O
a	O
decrease	O
in	O
the	O
serum	O
potassium	B
level	O
.	O
A	O
major	O
disease	O
-	O
causing	O
gene	O
for	O
HypoPP	O
has	O
been	O
identified	O
as	O
CACNA1S	O
,	O
which	O
encodes	O
the	O
skeletal	O
muscle	O
calcium	O
channel	O
alpha	O
-	O
subunit	O
with	O
four	O
transmembrane	O
domains	O
(	O
I	O
-	O
IV	O
)	O
,	O
each	O
with	O
six	O
transmembrane	O
segments	O
(	O
S1	O
-	O
S6	O
)	O
.	O
To	O
date	O
,	O
all	O
CACNA1S	O
mutations	O
identified	O
in	O
HypoPP	O
patients	O
are	O
located	O
within	O
the	O
voltage	O
-	O
sensor	O
S4	O
segment	O
.	O
In	O
this	O
study	O
we	O
report	O
a	O
novel	O
CACNA1S	O
mutation	O
in	O
a	O
new	O
region	O
of	O
the	O
protein	O
,	O
the	O
S3	O
segment	O
of	O
domain	O
III	O
.	O
We	O
characterized	O
a	O
four	O
-	O
generation	O
South	O
American	O
family	O
with	O
HypoPP	O
.	O
Genetic	O
analysis	O
identified	O
a	O
novel	O
V876E	O
mutation	O
in	O
all	O
HypoPP	O
patients	O
in	O
the	O
family	O
,	O
but	O
not	O
in	O
normal	O
family	O
members	O
or	O
160	O
control	O
people	O
.	O
Clinical	O
analysis	O
indicates	O
that	O
mutation	O
V876E	O
is	O
associated	O
with	O
a	O
severe	O
outcome	O
as	O
characterized	O
by	O
a	O
very	O
early	O
age	O
of	O
onset	O
,	O
complete	O
penetrance	O
and	O
a	O
severe	O
prognosis	O
including	O
death	O
.	O
These	O
results	O
identify	O
a	O
new	O
mutation	O
in	O
CACNA1S	O
and	O
expand	O
the	O
spectrum	O
of	O
CACNA1S	O
mutations	O
associated	O
with	O
HypoPP	O
.	O

BACKGROUND	O
:	O
Atrioventricular	O
septal	O
defects	O
(	O
AVSDs	O
)	O
occur	O
as	O
clinical	O
defects	O
of	O
several	O
different	O
syndromes	O
,	O
as	O
autosomal	O
dominant	O
defects	O
,	O
and	O
as	O
sporadically	O
occurring	O
malformations	O
.	O
Consequently	O
,	O
there	O
is	O
genetic	O
heterogeneity	O
,	O
but	O
until	O
recently	O
,	O
little	O
is	O
known	O
about	O
the	O
genes	O
involving	O
in	O
the	O
pathogenesis	O
of	O
AVSD	O
.	O
CRELD1	O
gene	O
,	O
a	O
novel	O
cell	O
adhesion	O
molecule	O
,	O
is	O
a	O
candidate	O
gene	O
for	O
AVSD	O
.	O
METHODS	O
:	O
This	O
study	O
included	O
133	O
patients	O
with	O
AVSD	O
and	O
200	O
healthy	O
controls	O
.	O
Peripheral	O
blood	O
samples	O
were	O
collected	O
and	O
genomic	O
DNA	O
was	O
extracted	O
from	O
the	O
leukocytes	O
.	O
CRELD1	O
was	O
amplified	O
by	O
polymerase	O
chain	O
reaction	O
(	O
PCR	O
)	O
with	O
specific	O
primers	O
.	O
The	O
sequences	O
of	O
PCR	O
products	O
were	O
compared	O
between	O
the	O
patients	O
and	O
controls	O
.	O
RESULTS	O
:	O
In	O
a	O
patient	O
,	O
a	O
C	O
-	O
to	O
-	O
G	O
transition	O
was	O
identified	O
at	O
nucleotide	O
857	O
in	O
exon	O
8	O
that	O
resulted	O
in	O
a	O
substitution	O
of	O
alanine	O
for	O
proline	O
at	O
amino	O
acid	O
286	O
in	O
the	O
first	O
calcium	B
-	O
binding	O
EGF	O
domain	O
.	O
This	O
patient	O
had	O
an	O
isolated	O
partial	O
AVSD	O
and	O
the	O
mutation	O
was	O
inherited	O
from	O
her	O
mother	O
.	O
Another	O
mutation	O
was	O
detected	O
in	O
a	O
patient	O
with	O
a	O
partial	O
AVSD	O
and	O
evidence	O
of	O
Down	O
syndrome	O
.	O
The	O
heterozygous	O
c	O
.	O
973G	O
>	O
A	O
transition	O
in	O
exon	O
9	O
resulted	O
in	O
a	O
substitution	O
of	O
lysine	O
for	O
glutamic	O
acid	O
at	O
amino	O
acid	O
325	O
(	O
E325K	O
)	O
in	O
the	O
second	O
calcium	B
-	O
binding	O
EGF	O
domain	O
.	O
CONCLUSIONS	O
:	O
Two	O
novel	O
CRELD1	O
mutations	O
were	O
identified	O
in	O
the	O
calcium	B
-	O
binding	O
EGF	O
domain	O
in	O
patients	O
with	O
AVSD	O
.	O
CRELD1	O
is	O
likely	O
to	O
be	O
an	O
AVSD	O
-	O
susceptibility	O
gene	O
and	O
CRELD1	O
mutations	O
may	O
increase	O
the	O
risk	O
of	O
developing	O
a	O
heart	O
defect	O
rather	O
than	O
being	O
a	O
direct	O
causative	O
mutation	O
.	O

Late	O
-	O
onset	O
scleroderma	O
renal	O
crisis	O
induced	O
by	O
tacrolimus	B
and	O
prednisolone	B
:	O
a	O
case	O
report	O
.	O

Scleroderma	O
renal	O
crisis	O
(	O
SRC	O
)	O
is	O
a	O
rare	O
complication	O
of	O
systemic	O
sclerosis	O
(	O
SSc	O
)	O
but	O
can	O
be	O
severe	O
enough	O
to	O
require	O
temporary	O
or	O
permanent	O
renal	O
replacement	O
therapy	O
.	O
Moderate	O
to	O
high	O
dose	O
corticosteroid	B
use	O
is	O
recognized	O
as	O
a	O
major	O
risk	O
factor	O
for	O
SRC	O
.	O
Furthermore	O
,	O
there	O
have	O
been	O
reports	O
of	O
thrombotic	O
microangiopathy	O
precipitated	O
by	O
cyclosporine	B
in	O
patients	O
with	O
SSc	O
.	O
In	O
this	O
article	O
,	O
we	O
report	O
a	O
patient	O
with	O
SRC	O
induced	O
by	O
tacrolimus	B
and	O
corticosteroids	B
.	O
The	O
aim	O
of	O
this	O
work	O
is	O
to	O
call	O
attention	O
to	O
the	O
risk	O
of	O
tacrolimus	B
use	O
in	O
patients	O
with	O
SSc	O
.	O

Therapeutic	O
targeting	O
of	O
tumor	O
angiogenesis	O
with	O
VEGF	O
inhibitors	O
results	O
in	O
demonstrable	O
,	O
but	O
transitory	O
efficacy	O
in	O
certain	O
human	O
tumors	O
and	O
mouse	O
models	O
of	O
cancer	O
,	O
limited	O
by	O
unconventional	O
forms	O
of	O
adaptive	O
/	O
evasive	O
resistance	O
.	O
In	O
one	O
such	O
mouse	O
model	O
,	O
potent	O
angiogenesis	O
inhibitors	O
elicit	O
compartmental	O
reorganization	O
of	O
cancer	O
cells	O
around	O
remaining	O
blood	O
vessels	O
.	O
The	O
glucose	O
and	O
lactate	O
transporters	O
GLUT1	O
and	O
MCT4	O
are	O
induced	O
in	O
distal	O
hypoxic	O
cells	O
in	O
a	O
HIF1a	O
-	O
dependent	O
fashion	O
,	O
indicative	O
of	O
glycolysis	O
.	O
Tumor	O
cells	O
proximal	O
to	O
blood	O
vessels	O
instead	O
express	O
the	O
lactate	O
transporter	O
MCT1	O
,	O
and	O
p	O
-	O
S6	O
,	O
the	O
latter	O
reflecting	O
mTOR	O
signaling	O
.	O
Normoxic	O
cancer	O
cells	O
import	O
and	O
metabolize	O
lactate	B
,	O
resulting	O
in	O
upregulation	O
of	O
mTOR	O
signaling	O
via	O
glutamine	B
metabolism	O
enhanced	O
by	O
lactate	B
catabolism	O
.	O
Thus	O
,	O
metabolic	O
symbiosis	O
is	O
established	O
in	O
the	O
face	O
of	O
angiogenesis	O
inhibition	O
,	O
whereby	O
hypoxic	O
cancer	O
cells	O
import	O
glucose	B
and	O
export	O
lactate	B
,	O
while	O
normoxic	O
cells	O
import	O
and	O
catabolize	O
lactate	B
.	O
mTOR	O
signaling	O
inhibition	O
disrupts	O
this	O
metabolic	O
symbiosis	O
,	O
associated	O
with	O
upregulation	O
of	O
the	O
glucose	O
transporter	O
GLUT2	O
.	O

Metallothionein	O
-	O
1	O
as	O
a	O
biomarker	O
of	O
altered	O
redox	O
metabolism	O
in	O
hepatocellular	O
carcinoma	O
cells	O
exposed	O
to	O
sorafenib	B
.	O

BACKGROUND	O
:	O
Sorafenib	B
,	O
a	O
kinase	O
inhibitor	O
active	O
against	O
various	O
solid	O
tumours	O
,	O
induces	O
oxidative	O
stress	O
and	O
ferroptosis	O
,	O
a	O
new	O
form	O
of	O
oxidative	O
necrosis	O
,	O
in	O
some	O
cancer	O
cells	O
.	O
Clinically	O
-	O
applicable	O
biomarkers	O
that	O
reflect	O
the	O
impact	O
of	O
sorafenib	B
on	O
the	O
redox	O
metabolism	O
of	O
cancer	O
cells	O
are	O
lacking	O
.	O
METHODS	O
:	O
We	O
used	O
gene	O
expression	O
microarrays	O
,	O
real	O
-	O
time	O
PCR	O
,	O
immunoblot	O
,	O
protein	O
-	O
specific	O
ELISA	O
,	O
and	O
gene	O
reporter	O
constructs	O
encoding	O
the	O
enzyme	O
luciferase	O
to	O
study	O
the	O
response	O
of	O
a	O
panel	O
of	O
cancer	O
cells	O
to	O
sorafenib	B
.	O
Tumour	O
explants	O
prepared	O
from	O
surgical	O
hepatocellular	O
carcinoma	O
(	O
HCC	O
)	O
samples	O
and	O
serum	O
samples	O
obtained	O
from	O
HCC	O
patients	O
receiving	O
sorafenib	B
were	O
also	O
used	O
.	O
RESULTS	O
:	O
We	O
observed	O
that	O
genes	O
of	O
the	O
metallothionein	O
-	O
1	O
(	O
MT1	O
)	O
family	O
are	O
induced	O
in	O
the	O
HCC	O
cell	O
line	O
Huh7	O
exposed	O
to	O
sorafenib	B
.	O
Sorafenib	B
increased	O
the	O
expression	O
of	O
MT1G	O
mRNA	O
in	O
a	O
panel	O
of	O
human	O
cancer	O
cells	O
,	O
an	O
effect	O
that	O
was	O
not	O
observed	O
with	O
eight	O
other	O
clinically	O
-	O
approved	O
kinase	O
inhibitors	O
.	O
We	O
identified	O
the	O
minimal	O
region	O
of	O
the	O
MT1G	O
promoter	O
that	O
confers	O
inducibility	O
by	O
sorafenib	B
to	O
a	O
133	O
base	O
pair	O
region	O
containing	O
an	O
Anti	O
-	O
oxidant	O
Response	O
Element	O
(	O
ARE	O
)	O
and	O
showed	O
the	O
essential	O
role	O
of	O
the	O
transcription	O
factor	O
NRF2	O
(	O
Nuclear	O
factor	O
erythroid	O
2	O
-	O
Related	O
Factor	O
2	O
)	O
.	O
We	O
examined	O
the	O
clinical	O
relevance	O
of	O
our	O
findings	O
by	O
analysing	O
the	O
regulation	O
of	O
MT1G	O
in	O
five	O
tumour	O
explants	O
prepared	O
from	O
surgical	O
HCC	O
samples	O
.	O
Finally	O
,	O
we	O
showed	O
that	O
the	O
protein	O
levels	O
of	O
MT1	O
increase	O
in	O
the	O
serum	O
of	O
some	O
HCC	O
patients	O
receiving	O
sorafenib	B
,	O
and	O
found	O
an	O
association	O
with	O
reduced	O
overall	O
survival	O
.	O
CONCLUSION	O
:	O
These	O
findings	O
indicate	O
that	O
MT1	O
constitute	O
a	O
biomarker	O
adapted	O
for	O
exploring	O
the	O
impact	O
of	O
sorafenib	B
on	O
the	O
redox	O
metabolism	O
of	O
cancer	O
cells	O
.	O

The	O
transforming	O
growth	O
factor	O
(	O
TGF	O
)	O
-	O
b	O
-	O
inducible	O
early	O
gene	O
-	O
1	O
(	O
TIEG1	O
)	O
plays	O
a	O
crucial	O
role	O
in	O
modulating	O
cell	O
apoptosis	O
and	O
proliferation	O
in	O
a	O
number	O
of	O
diseases	O
,	O
including	O
pancreatic	O
cancer	O
,	O
leukaemia	O
and	O
osteoporosis	O
.	O
However	O
,	O
the	O
functional	O
role	O
of	O
TIEG1	O
in	O
the	O
heart	O
has	O
not	O
been	O
fully	O
defined	O
.	O
In	O
this	O
study	O
,	O
we	O
first	O
investigated	O
the	O
role	O
of	O
TIEG1	O
in	O
ischaemic	O
heart	O
disease	O
.	O
For	O
in	O
vitro	O
experiments	O
,	O
cardiomyocytes	O
were	O
isolated	O
from	O
both	O
TIEG1	O
knockout	O
(	O
KO	O
)	O
and	O
wile	O
-	O
type	O
(	O
WT	O
)	O
mice	O
,	O
and	O
the	O
apoptotic	O
ratios	O
were	O
evaluated	O
after	O
a	O
48	O
-	O
h	O
ischaemic	O
insult	O
.	O
A	O
cell	O
proliferation	O
assay	O
was	O
performed	O
after	O
7	O
days	O
of	O
incubation	O
under	O
normoxic	O
conditions	O
.	O
In	O
addition	O
,	O
the	O
angiogenic	O
capacity	O
of	O
endothelial	O
cells	O
was	O
determined	O
by	O
tube	O
formation	O
assay	O
.	O
For	O
in	O
vivo	O
experiments	O
,	O
a	O
model	O
of	O
myocardial	O
infarction	O
(	O
MI	O
)	O
was	O
established	O
using	O
both	O
TIEG1	O
KO	O
and	O
WT	O
mice	O
.	O
Echocardiography	O
was	O
performed	O
at	O
3	O
and	O
28	O
days	O
post	O
-	O
MI	O
,	O
whereas	O
the	O
haemodynamics	O
test	O
was	O
performed	O
28	O
days	O
post	O
-	O
MI	O
.	O
Histological	O
analyses	O
of	O
apoptosis	O
,	O
proliferation	O
,	O
angiogenesis	O
and	O
infarct	O
zone	O
assessments	O
were	O
performed	O
using	O
terminal	O
deoxynucleotidyltransferase	O
-	O
mediated	O
dUTP	B
nick	O
-	O
end	O
labelling	O
(	O
TUNEL	O
)	O
staining	O
,	O
BrdU	O
immunostaining	O
,	O
a	O
-	O
smooth	O
muscle	O
actin	O
(	O
a	O
-	O
SMA	O
)	O
/	O
CD31	O
immunostaining	O
and	O
Masson	O
'	O
s	O
trichrome	O
staining	O
,	O
respectively	O
.	O
Changes	O
in	O
the	O
expression	O
of	O
related	O
proteins	O
caused	O
by	O
TIEG1	O
deficiency	O
were	O
confirmed	O
using	O
both	O
reverse	O
transcription	O
-	O
quantitative	O
polymerase	O
chain	O
reaction	O
(	O
RT	O
-	O
qPCR	O
)	O
and	O
western	O
blot	O
analysis	O
.	O
Our	O
results	O
demonstrated	O
that	O
the	O
absence	O
of	O
TIEG1	O
prevented	O
cardiomyocytes	O
from	O
undergoing	O
apoptosis	O
and	O
promoted	O
higher	O
proliferation	O
;	O
it	O
stimulated	O
the	O
proliferation	O
of	O
endothelial	O
cells	O
in	O
vitro	O
and	O
in	O
vivo	O
.	O
Improved	O
cardiac	O
function	O
and	O
less	O
scar	O
formation	O
were	O
observed	O
in	O
TIEG1	O
KO	O
mice	O
,	O
and	O
we	O
also	O
observed	O
the	O
altered	O
expression	O
of	O
phosphatase	O
and	O
tensin	O
homolog	O
(	O
Pten	O
)	O
,	O
Akt	O
and	O
Bcl	O
-	O
2	O
/	O
Bax	O
,	O
as	O
well	O
as	O
vascular	O
endothelial	O
growth	O
factor	O
(	O
VEGF	O
)	O
.	O
On	O
the	O
whole	O
,	O
our	O
findings	O
indicate	O
that	O
the	O
absence	O
of	O
TIEG1	O
plays	O
a	O
cardioprotective	O
role	O
in	O
ischaemic	O
heart	O
disease	O
by	O
promoting	O
changes	O
in	O
Pten	O
/	O
Akt	O
signalling	O
.	O

Deficiency	O
of	O
the	O
muscle	O
isozyme	O
of	O
glycogen	O
phosphorylase	O
is	O
causative	O
of	O
McArdle	O
disease	O
or	O
Glycogen	O
storage	O
disease	O
type	O
V	O
(	O
GSD	O
-	O
V	O
)	O
,	O
the	O
most	O
common	O
autosomal	O
recessive	O
disorder	O
of	O
glycogen	B
metabolism	O
.	O
The	O
typical	O
clinical	O
presentation	O
is	O
characterized	O
by	O
exercise	O
intolerance	O
with	O
cramps	O
,	O
and	O
recurrent	O
myoglobinuria	O
.	O
To	O
date	O
,	O
46	O
mutations	O
in	O
the	O
PYGM	O
gene	O
have	O
been	O
detected	O
in	O
GSD	O
-	O
V	O
patients	O
.	O
We	O
report	O
the	O
mutational	O
spectrum	O
in	O
68	O
Italian	O
patients	O
.	O
We	O
identified	O
30	O
different	O
mutations	O
in	O
the	O
PYGM	O
gene	O
,	O
including	O
19	O
mutations	O
that	O
have	O
not	O
been	O
reported	O
previously	O
.	O
The	O
novel	O
mutations	O
include	O
:	O
eight	O
missense	O
mutations	O
(	O
c	O
.	O
475G	O
>	O
A	O
,	O
p	O
.	O
G159R	O
;	O
c	O
.	O
689C	O
>	O
G	O
,	O
p	O
.	O
P230R	O
;	O
c	O
.	O
1094C	O
>	O
T	O
,	O
p	O
.	O
A365E	O
;	O
c	O
.	O
1151C	O
>	O
A	O
,	O
p	O
.	O
A384D	O
;	O
c	O
.	O
1182C	O
>	O
T	O
,	O
p	O
.	O
R428C	O
;	O
c	O
.	O
1471C	O
>	O
T	O
,	O
p	O
.	O
R491C	O
;	O
c	O
.	O
2444A	O
>	O
C	O
,	O
p	O
.	O
D815A	O
;	O
c	O
.	O
2477G	O
>	O
C	O
,	O
p	O
.	O
W826S	O
)	O
,	O
two	O
nonsense	O
mutations	O
(	O
c	O
.	O
1475G	O
>	O
A	O
,	O
p	O
.	O
W492X	O
;	O
c	O
.	O
1627A	O
>	O
T	O
,	O
p	O
.	O
K543X	O
)	O
,	O
five	O
splice	O
site	O
mutations	O
(	O
c	O
.	O
855	O
+	O
1G	O
>	O
C	O
;	O
c	O
.	O
1092	O
+	O
1G	O
>	O
A	O
;	O
c	O
.	O
1093	O
-	O
1G	O
>	O
T	O
;	O
c	O
.	O
1239	O
+	O
1G	O
>	O
A	O
;	O
c	O
.	O
2380	O
+	O
1G	O
>	O
A	O
)	O
,	O
and	O
four	O
deletions	O
(	O
c	O
.	O
715_717delGTC	O
,	O
p	O
.	O
V239del	O
;	O
c	O
.	O
304delA	O
,	O
p	O
.	O
N102DfsX4	O
;	O
c	O
.	O
1970_2177del	O
,	O
p	O
.	O
V657_G726	O
;	O
c	O
.	O
2113_2114delGG	O
,	O
p	O
.	O
G705RfsX16	O
)	O
.	O
Whereas	O
we	O
confirmed	O
lack	O
of	O
direct	O
correlation	O
between	O
the	O
clinical	O
phenotype	O
and	O
the	O
genotype	O
,	O
we	O
also	O
found	O
that	O
the	O
so	O
-	O
called	O
'	O
common	O
mutation	O
'	O
(	O
p	O
.	O
R50X	O
)	O
accounted	O
for	O
about	O
43	O
%	O
of	O
alleles	O
in	O
our	O
cohort	O
and	O
that	O
no	O
population	O
-	O
related	O
mutations	O
are	O
clearly	O
identified	O
in	O
Italian	O
patients	O
.	O

Gastrointestinal	O
tolerability	O
of	O
etoricoxib	B
in	O
rheumatoid	O
arthritis	O
patients	O
:	O
results	O
of	O
the	O
etoricoxib	B
vs	O
diclofenac	B
sodium	I
gastrointestinal	O
tolerability	O
and	O
effectiveness	O
trial	O
(	O
EDGE	O
-	O
II	O
)	O
.	O

OBJECTIVE	O
:	O
A	O
randomised	O
,	O
double	O
-	O
blind	O
study	O
to	O
compare	O
the	O
gastrointestinal	O
(	O
GI	O
)	O
tolerability	O
,	O
safety	O
and	O
efficacy	O
of	O
etoricoxib	B
and	O
diclofenac	B
in	O
patients	O
with	O
rheumatoid	O
arthritis	O
(	O
RA	O
)	O
.	O
PATIENTS	O
AND	O
METHODS	O
:	O
A	O
total	O
of	O
4086	O
patients	O
(	O
mean	O
age	O
60	O
.	O
8	O
years	O
)	O
diagnosed	O
with	O
RA	O
were	O
enrolled	O
and	O
received	O
etoricoxib	B
90	O
mg	O
daily	O
(	O
n	O
=	O
2032	O
)	O
or	O
diclofenac	B
75	O
mg	O
twice	O
daily	O
(	O
n	O
=	O
2054	O
)	O
.	O
Use	O
of	O
gastroprotective	O
agents	O
and	O
low	O
-	O
dose	O
aspirin	B
was	O
allowed	O
.	O
The	O
prespecified	O
primary	O
end	O
point	O
consisted	O
of	O
the	O
cumulative	O
rate	O
of	O
patient	O
discontinuations	O
due	O
to	O
clinical	O
and	O
laboratory	O
GI	O
adverse	O
experiences	O
(	O
AEs	O
)	O
.	O
General	O
safety	O
was	O
also	O
assessed	O
,	O
including	O
adjudicated	O
thrombotic	O
cardiovascular	O
event	O
data	O
.	O
Efficacy	O
was	O
evaluated	O
using	O
the	O
Patient	O
Global	O
Assessment	O
of	O
Disease	O
Status	O
(	O
PGADS	O
;	O
0	O
-	O
4	O
point	O
scale	O
)	O
.	O
RESULTS	O
:	O
Mean	O
(	O
SD	O
;	O
maximum	O
)	O
duration	O
of	O
treatment	O
was	O
19	O
.	O
3	O
(	O
10	O
.	O
3	O
;	O
32	O
.	O
9	O
)	O
and	O
19	O
.	O
1	O
(	O
10	O
.	O
4	O
;	O
33	O
.	O
1	O
)	O
months	O
in	O
the	O
etoricoxib	B
and	O
diclofenac	B
groups	O
,	O
respectively	O
.	O
The	O
cumulative	O
discontinuation	O
rate	O
due	O
to	O
GI	O
AEs	O
was	O
significantly	O
lower	O
with	O
etoricoxib	B
than	O
diclofenac	B
(	O
5	O
.	O
2	O
vs	O
8	O
.	O
5	O
events	O
per	O
100	O
patient	O
-	O
years	O
,	O
respectively	O
;	O
hazard	O
ratio	O
0	O
.	O
62	O
(	O
95	O
%	O
CI	O
:	O
0	O
.	O
47	O
,	O
0	O
.	O
81	O
;	O
p	O
<	O
or	O
=	O
0	O
.	O
001	O
)	O
)	O
.	O
The	O
incidence	O
of	O
discontinuations	O
for	O
hypertension	O
-	O
related	O
and	O
oedema	O
-	O
related	O
AEs	O
were	O
significantly	O
higher	O
with	O
etoricoxib	B
(	O
2	O
.	O
5	O
%	O
and	O
1	O
.	O
1	O
%	O
respectively	O
)	O
compared	O
with	O
diclofenac	B
(	O
1	O
.	O
5	O
%	O
and	O
0	O
.	O
4	O
%	O
respectively	O
;	O
p	O
<	O
0	O
.	O
001	O
for	O
hypertension	O
and	O
p	O
<	O
0	O
.	O
01	O
for	O
oedema	O
)	O
.	O
Etoricoxib	B
and	O
diclofenac	B
treatment	O
resulted	O
in	O
similar	O
efficacy	O
(	O
PGADS	O
mean	O
changes	O
from	O
baseline	O
-	O
0	O
.	O
62	O
vs	O
-	O
0	O
.	O
58	O
,	O
respectively	O
)	O
.	O
CONCLUSIONS	O
:	O
Etoricoxib	B
90	O
mg	O
demonstrated	O
a	O
significantly	O
lower	O
risk	O
for	O
discontinuing	O
treatment	O
due	O
to	O
GI	O
AEs	O
compared	O
with	O
diclofenac	B
150	O
mg	O
.	O
Discontinuations	O
from	O
renovascular	O
AEs	O
,	O
although	O
less	O
common	O
than	O
discontinuations	O
from	O
GI	O
AEs	O
,	O
were	O
significantly	O
higher	O
with	O
etoricoxib	B
.	O

Serum	O
-	O
and	O
glucocorticoid	O
-	O
inducible	O
kinase	O
1	O
in	O
doxorubicin	B
-	O
induced	O
nephrotic	O
syndrome	O
.	O

Doxorubicin	B
-	O
induced	O
nephropathy	O
leads	O
to	O
epithelial	O
sodium	B
channel	O
(	O
ENaC	O
)	O
-	O
dependent	O
volume	O
retention	O
and	O
renal	O
fibrosis	O
.	O
The	O
aldosterone	B
-	O
sensitive	O
serum	O
-	O
and	O
glucocorticoid	O
-	O
inducible	O
kinase	O
SGK1	O
has	O
been	O
shown	O
to	O
participate	O
in	O
the	O
stimulation	O
of	O
ENaC	O
and	O
to	O
mediate	O
renal	O
fibrosis	O
following	O
mineralocorticoid	B
and	O
salt	B
excess	O
.	O
The	O
present	O
study	O
was	O
performed	O
to	O
elucidate	O
the	O
role	O
of	O
SGK1	O
in	O
the	O
volume	O
retention	O
and	O
fibrosis	O
during	O
nephrotic	O
syndrome	O
.	O
To	O
this	O
end	O
,	O
doxorubicin	B
(	O
15	O
mug	O
/	O
g	O
body	O
wt	O
)	O
was	O
injected	O
intravenously	O
into	O
gene	O
-	O
targeted	O
mice	O
lacking	O
SGK1	O
(	O
sgk1	O
(	O
-	O
/	O
-	O
)	O
)	O
and	O
their	O
wild	O
-	O
type	O
littermates	O
(	O
sgk1	O
(	O
+	O
/	O
+	O
)	O
)	O
.	O
Doxorubicin	B
treatment	O
resulted	O
in	O
heavy	O
proteinuria	O
(	O
>	O
100	O
mg	O
protein	O
/	O
mg	O
crea	B
)	O
in	O
15	O
/	O
44	O
of	O
sgk1	O
(	O
+	O
/	O
+	O
)	O
and	O
15	O
/	O
44	O
of	O
sgk1	O
(	O
-	O
/	O
-	O
)	O
mice	O
leading	O
to	O
severe	O
nephrotic	O
syndrome	O
with	O
ascites	O
,	O
lipidemia	O
,	O
and	O
hypoalbuminemia	O
in	O
both	O
genotypes	O
.	O
Plasma	O
aldosterone	B
levels	O
increased	O
in	O
nephrotic	O
mice	O
of	O
both	O
genotypes	O
and	O
was	O
followed	O
by	O
increased	O
SGK1	O
protein	O
expression	O
in	O
sgk1	O
(	O
+	O
/	O
+	O
)	O
mice	O
.	O
Urinary	O
sodium	B
excretion	O
reached	O
signficantly	O
lower	O
values	O
in	O
sgk1	O
(	O
+	O
/	O
+	O
)	O
mice	O
(	O
15	O
+	O
/	O
-	O
5	O
mumol	O
/	O
mg	O
crea	B
)	O
than	O
in	O
sgk1	O
(	O
-	O
/	O
-	O
)	O
mice	O
(	O
35	O
+	O
/	O
-	O
5	O
mumol	O
/	O
mg	O
crea	B
)	O
and	O
was	O
associated	O
with	O
a	O
significantly	O
higher	O
body	O
weight	O
gain	O
in	O
sgk1	O
(	O
+	O
/	O
+	O
)	O
compared	O
with	O
sgk1	O
(	O
-	O
/	O
-	O
)	O
mice	O
(	O
+	O
6	O
.	O
6	O
+	O
/	O
-	O
0	O
.	O
7	O
vs	O
.	O
+	O
4	O
.	O
1	O
+	O
/	O
-	O
0	O
.	O
8	O
g	O
)	O
.	O
During	O
the	O
course	O
of	O
nephrotic	O
syndrome	O
,	O
serum	O
urea	B
concentrations	O
increased	O
significantly	O
faster	O
in	O
sgk1	O
(	O
-	O
/	O
-	O
)	O
mice	O
than	O
in	O
sgk1	O
(	O
+	O
/	O
+	O
)	O
mice	O
leading	O
to	O
uremia	O
and	O
a	O
reduced	O
median	O
survival	O
in	O
sgk1	O
(	O
-	O
/	O
-	O
)	O
mice	O
(	O
29	O
vs	O
.	O
40	O
days	O
in	O
sgk1	O
(	O
+	O
/	O
+	O
)	O
mice	O
)	O
.	O
In	O
conclusion	O
,	O
gene	O
-	O
targeted	O
mice	O
lacking	O
SGK1	O
showed	O
blunted	O
volume	O
retention	O
,	O
yet	O
were	O
not	O
protected	O
against	O
renal	O
fibrosis	O
during	O
experimental	O
nephrotic	O
syndrome	O
.	O

Antithrombotic	B
drug	I
use	O
,	O
cerebral	O
microbleeds	O
,	O
and	O
intracerebral	O
hemorrhage	O
:	O
a	O
systematic	O
review	O
of	O
published	O
and	O
unpublished	O
studies	O
.	O

BACKGROUND	O
AND	O
PURPOSE	O
:	O
Cerebral	O
microbleeds	O
(	O
MB	O
)	O
are	O
potential	O
risk	O
factors	O
for	O
intracerebral	O
hemorrhage	O
(	O
ICH	O
)	O
,	O
but	O
it	O
is	O
unclear	O
if	O
they	O
are	O
a	O
contraindication	O
to	O
using	O
antithrombotic	B
drugs	I
.	O
Insights	O
could	O
be	O
gained	O
by	O
pooling	O
data	O
on	O
MB	O
frequency	O
stratified	O
by	O
antithrombotic	O
use	O
in	O
cohorts	O
with	O
ICH	O
and	O
ischemic	O
stroke	O
(	O
IS	O
)	O
/	O
transient	O
ischemic	O
attack	O
(	O
TIA	O
)	O
.	O
METHODS	O
:	O
We	O
performed	O
a	O
systematic	O
review	O
of	O
published	O
and	O
unpublished	O
data	O
from	O
cohorts	O
with	O
stroke	O
or	O
TIA	O
to	O
compare	O
the	O
presence	O
of	O
MB	O
in	O
:	O
(	O
1	O
)	O
antithrombotic	O
users	O
vs	O
nonantithrombotic	O
users	O
with	O
ICH	O
;	O
(	O
2	O
)	O
antithrombotic	O
users	O
vs	O
nonusers	O
with	O
IS	O
/	O
TIA	O
;	O
and	O
(	O
3	O
)	O
ICH	O
vs	O
ischemic	O
events	O
stratified	O
by	O
antithrombotic	O
use	O
.	O
We	O
also	O
analyzed	O
published	O
and	O
unpublished	O
follow	O
-	O
up	O
data	O
to	O
determine	O
the	O
risk	O
of	O
ICH	O
in	O
antithrombotic	O
users	O
with	O
MB	O
.	O
RESULTS	O
:	O
In	O
a	O
pooled	O
analysis	O
of	O
1460	O
ICH	O
and	O
3817	O
IS	O
/	O
TIA	O
,	O
MB	O
were	O
more	O
frequent	O
in	O
ICH	O
vs	O
IS	O
/	O
TIA	O
in	O
all	O
treatment	O
groups	O
,	O
but	O
the	O
excess	O
increased	O
from	O
2	O
.	O
8	O
(	O
odds	O
ratio	O
;	O
range	O
,	O
2	O
.	O
3	O
-	O
3	O
.	O
5	O
)	O
in	O
nonantithrombotic	O
users	O
to	O
5	O
.	O
7	O
(	O
range	O
,	O
3	O
.	O
4	O
-	O
9	O
.	O
7	O
)	O
in	O
antiplatelet	O
users	O
and	O
8	O
.	O
0	O
(	O
range	O
,	O
3	O
.	O
5	O
-	O
17	O
.	O
8	O
)	O
in	O
warfarin	B
users	O
(	O
P	O
difference	O
=	O
0	O
.	O
01	O
)	O
.	O
There	O
was	O
also	O
an	O
excess	O
of	O
MB	O
in	O
warfarin	B
users	O
vs	O
nonusers	O
with	O
ICH	O
(	O
OR	O
,	O
2	O
.	O
7	O
;	O
95	O
%	O
CI	O
,	O
1	O
.	O
6	O
-	O
4	O
.	O
4	O
;	O
P	O
<	O
0	O
.	O
001	O
)	O
but	O
none	O
in	O
warfarin	B
users	O
with	O
IS	O
/	O
TIA	O
(	O
OR	O
,	O
1	O
.	O
3	O
;	O
95	O
%	O
CI	O
,	O
0	O
.	O
9	O
-	O
1	O
.	O
7	O
;	O
P	O
=	O
0	O
.	O
33	O
;	O
P	O
difference	O
=	O
0	O
.	O
01	O
)	O
.	O
There	O
was	O
a	O
smaller	O
excess	O
of	O
MB	O
in	O
antiplatelet	O
users	O
vs	O
nonusers	O
with	O
ICH	O
(	O
OR	O
,	O
1	O
.	O
7	O
;	O
95	O
%	O
CI	O
,	O
1	O
.	O
3	O
-	O
2	O
.	O
3	O
;	O
P	O
<	O
0	O
.	O
001	O
)	O
,	O
but	O
findings	O
were	O
similar	O
for	O
antiplatelet	O
users	O
with	O
IS	O
/	O
TIA	O
(	O
OR	O
,	O
1	O
.	O
4	O
;	O
95	O
%	O
CI	O
,	O
1	O
.	O
2	O
-	O
1	O
.	O
7	O
;	O
P	O
<	O
0	O
.	O
001	O
;	O
P	O
difference	O
=	O
0	O
.	O
25	O
)	O
.	O
In	O
pooled	O
follow	O
-	O
up	O
data	O
for	O
768	O
antithrombotic	O
users	O
,	O
presence	O
of	O
MB	O
at	O
baseline	O
was	O
associated	O
with	O
a	O
substantially	O
increased	O
risk	O
of	O
subsequent	O
ICH	O
(	O
OR	O
,	O
12	O
.	O
1	O
;	O
95	O
%	O
CI	O
,	O
3	O
.	O
4	O
-	O
42	O
.	O
5	O
;	O
P	O
<	O
0	O
.	O
001	O
)	O
.	O
CONCLUSIONS	O
:	O
The	O
excess	O
of	O
MB	O
in	O
warfarin	B
users	O
with	O
ICH	O
compared	O
to	O
other	O
groups	O
suggests	O
that	O
MB	O
increase	O
the	O
risk	O
of	O
warfarin	B
-	O
associated	O
ICH	O
.	O
Limited	O
prospective	O
data	O
corroborate	O
these	O
findings	O
,	O
but	O
larger	O
prospective	O
studies	O
are	O
urgently	O
required	O
.	O

BACKGROUND	O
:	O
The	O
loss	O
of	O
noradrenergic	O
neurones	O
of	O
the	O
locus	O
coeruleus	O
is	O
a	O
major	O
feature	O
of	O
Alzheimer	O
'	O
s	O
disease	O
(	O
AD	O
)	O
.	O
Dopamine	O
b	O
-	O
hydroxylase	O
(	O
DBH	O
)	O
catalyses	O
the	O
conversion	O
of	O
dopamine	B
to	O
noradrenaline	B
.	O
Interactions	O
have	O
been	O
reported	O
between	O
the	O
low	O
-	O
activity	O
-	O
1021T	O
allele	O
(	O
rs1611115	O
)	O
of	O
DBH	O
and	O
polymorphisms	O
of	O
the	O
pro	O
-	O
inflammatory	O
cytokine	O
genes	O
,	O
IL1A	O
and	O
IL6	O
,	O
contributing	O
to	O
the	O
risk	O
of	O
AD	O
.	O
We	O
therefore	O
examined	O
the	O
associations	O
with	O
AD	O
of	O
the	O
DBH	O
-	O
1021T	O
allele	O
and	O
of	O
the	O
above	O
interactions	O
in	O
the	O
Epistasis	O
Project	O
,	O
with	O
1757	O
cases	O
of	O
AD	O
and	O
6294	O
elderly	O
controls	O
.	O
METHODS	O
:	O
We	O
genotyped	O
eight	O
single	O
nucleotide	O
polymorphisms	O
(	O
SNPs	O
)	O
in	O
the	O
three	O
genes	O
,	O
DBH	O
,	O
IL1A	O
and	O
IL6	O
.	O
We	O
used	O
logistic	O
regression	O
models	O
and	O
synergy	O
factor	O
analysis	O
to	O
examine	O
potential	O
interactions	O
and	O
associations	O
with	O
AD	O
.	O
RESULTS	O
:	O
We	O
found	O
that	O
the	O
presence	O
of	O
the	O
-	O
1021T	O
allele	O
was	O
associated	O
with	O
AD	O
:	O
odds	O
ratio	O
=	O
1	O
.	O
2	O
(	O
95	O
%	O
confidence	O
interval	O
:	O
1	O
.	O
06	O
-	O
1	O
.	O
4	O
,	O
p	O
=	O
0	O
.	O
005	O
)	O
.	O
This	O
association	O
was	O
nearly	O
restricted	O
to	O
men	O
<	O
75	O
years	O
old	O
:	O
odds	O
ratio	O
=	O
2	O
.	O
2	O
(	O
1	O
.	O
4	O
-	O
3	O
.	O
3	O
,	O
0	O
.	O
0004	O
)	O
.	O
We	O
also	O
found	O
an	O
interaction	O
between	O
the	O
presence	O
of	O
DBH	O
-	O
1021T	O
and	O
the	O
-	O
889TT	O
genotype	O
(	O
rs1800587	O
)	O
of	O
IL1A	O
:	O
synergy	O
factor	O
=	O
1	O
.	O
9	O
(	O
1	O
.	O
2	O
-	O
3	O
.	O
1	O
,	O
0	O
.	O
005	O
)	O
.	O
All	O
these	O
results	O
were	O
consistent	O
between	O
North	O
Europe	O
and	O
North	O
Spain	O
.	O
CONCLUSIONS	O
:	O
Extensive	O
,	O
previous	O
evidence	O
(	O
reviewed	O
here	O
)	O
indicates	O
an	O
important	O
role	O
for	O
noradrenaline	B
in	O
the	O
control	O
of	O
inflammation	O
in	O
the	O
brain	O
.	O
Thus	O
,	O
the	O
-	O
1021T	O
allele	O
with	O
presumed	O
low	O
activity	O
may	O
be	O
associated	O
with	O
misregulation	O
of	O
inflammation	O
,	O
which	O
could	O
contribute	O
to	O
the	O
onset	O
of	O
AD	O
.	O
We	O
suggest	O
that	O
such	O
misregulation	O
is	O
the	O
predominant	O
mechanism	O
of	O
the	O
association	O
we	O
report	O
here	O
.	O

BACKGROUND	O
:	O
To	O
evaluate	O
the	O
association	O
of	O
variation	O
in	O
genes	O
involved	O
in	O
immune	O
response	O
,	O
including	O
IL10	O
,	O
production	O
and	O
detoxification	O
of	O
reactive	B
oxygen	I
species	I
,	O
and	O
repair	O
of	O
oxidative	O
DNA	O
damage	O
with	O
risk	O
of	O
recurrence	O
after	O
surgery	O
for	O
localized	O
prostate	O
cancer	O
.	O
METHODS	O
:	O
We	O
conducted	O
a	O
nested	O
case	O
-	O
control	O
study	O
of	O
men	O
who	O
had	O
a	O
radical	O
prostatectomy	O
in	O
1993	O
to	O
2001	O
.	O
A	O
total	O
of	O
484	O
recurrence	O
cases	O
and	O
484	O
controls	O
were	O
matched	O
on	O
age	O
,	O
race	O
,	O
and	O
pathologic	O
stage	O
and	O
grade	O
.	O
Germline	O
DNA	O
was	O
extracted	O
from	O
paraffin	B
-	O
embedded	O
unaffected	O
lymph	O
nodes	O
.	O
We	O
genotyped	O
candidate	O
single	O
-	O
nucleotide	O
polymorphisms	O
(	O
SNP	O
)	O
in	O
IL10	O
,	O
CRP	O
,	O
GPX1	O
,	O
GSR	O
,	O
GSTP1	O
,	O
hOGG1	O
,	O
IL1B	O
,	O
IL1RN	O
,	O
IL6	O
,	O
IL8	O
,	O
MPO	O
,	O
NOS2	O
,	O
NOS3	O
,	O
SOD1	O
,	O
SOD2	O
,	O
SOD3	O
,	O
TLR4	O
,	O
and	O
TNF	O
and	O
tagging	O
SNPs	O
in	O
IL10	O
,	O
CRP	O
,	O
GSR	O
,	O
IL1RN	O
,	O
IL6	O
,	O
NOS2	O
,	O
and	O
NOS3	O
.	O
We	O
used	O
conditional	O
logistic	O
regression	O
to	O
estimate	O
OR	O
and	O
95	O
%	O
confidence	O
intervals	O
(	O
CI	O
)	O
.	O
RESULTS	O
:	O
The	O
minor	O
allele	O
(	O
A	O
)	O
in	O
IL10	O
rs1800872	O
,	O
known	O
to	O
produce	O
less	O
interleukin	O
-	O
10	O
(	O
IL	O
-	O
10	O
)	O
,	O
was	O
associated	O
with	O
a	O
higher	O
risk	O
of	O
recurrence	O
(	O
OR	O
=	O
1	O
.	O
76	O
,	O
95	O
%	O
CI	O
:	O
1	O
.	O
00	O
-	O
3	O
.	O
10	O
)	O
,	O
and	O
the	O
minor	O
allele	O
(	O
G	O
)	O
in	O
rs1800896	O
,	O
known	O
to	O
produce	O
more	O
IL	O
-	O
10	O
,	O
was	O
associated	O
with	O
a	O
lower	O
risk	O
of	O
recurrence	O
(	O
OR	O
=	O
0	O
.	O
66	O
,	O
95	O
%	O
CI	O
:	O
0	O
.	O
48	O
-	O
0	O
.	O
91	O
)	O
.	O
We	O
also	O
observed	O
associations	O
for	O
candidate	O
SNPs	O
in	O
CRP	O
,	O
GSTP1	O
,	O
and	O
IL1B	O
.	O
A	O
common	O
IL10	O
haplotype	O
and	O
2	O
common	O
NOS2	O
haplotypes	O
were	O
associated	O
with	O
recurrence	O
.	O
CONCLUSION	O
:	O
Variation	O
in	O
IL10	O
,	O
CRP	O
,	O
GSTP1	O
,	O
IL1B	O
,	O
and	O
NOS2	O
was	O
associated	O
with	O
prostate	O
cancer	O
recurrence	O
independent	O
of	O
pathologic	O
prognostic	O
factors	O
.	O
IMPACT	O
:	O
This	O
study	O
supports	O
that	O
genetic	O
variation	O
in	O
immune	O
response	O
and	O
oxidation	O
influence	O
prostate	O
cancer	O
recurrence	O
risk	O
and	O
suggests	O
genetic	O
variation	O
in	O
these	O
pathways	O
may	O
inform	O
prognosis	O
.	O

People	O
aged	O
over	O
75	O
in	O
atrial	O
fibrillation	O
on	O
warfarin	B
:	O
the	O
rate	O
of	O
major	O
hemorrhage	O
and	O
stroke	O
in	O
more	O
than	O
500	O
patient	O
-	O
years	O
of	O
follow	O
-	O
up	O
.	O

OBJECTIVES	O
:	O
To	O
determine	O
the	O
incidence	O
of	O
major	O
hemorrhage	O
and	O
stroke	O
in	O
people	O
aged	O
76	O
and	O
older	O
with	O
atrial	O
fibrillation	O
on	O
adjusted	O
-	O
dose	O
warfarin	B
who	O
had	O
been	O
recently	O
been	O
admitted	O
to	O
hospital	O
.	O
DESIGN	O
:	O
A	O
retrospective	O
observational	O
cohort	O
study	O
.	O
SETTING	O
:	O
A	O
major	O
healthcare	O
network	O
involving	O
four	O
tertiary	O
hospitals	O
.	O
PARTICIPANTS	O
:	O
Two	O
hundred	O
thirty	O
-	O
five	O
patients	O
aged	O
76	O
and	O
older	O
admitted	O
to	O
a	O
major	O
healthcare	O
network	O
between	O
July	O
1	O
,	O
2001	O
,	O
and	O
June	O
30	O
,	O
2002	O
,	O
with	O
atrial	O
fibrillation	O
on	O
warfarin	B
were	O
enrolled	O
.	O
MEASUREMENTS	O
:	O
Information	O
regarding	O
major	O
bleeding	O
episodes	O
,	O
strokes	O
,	O
and	O
warfarin	B
use	O
was	O
obtained	O
from	O
patients	O
,	O
relatives	O
,	O
primary	O
physicians	O
,	O
and	O
medical	O
records	O
.	O
RESULTS	O
:	O
Two	O
hundred	O
twenty	O
-	O
eight	O
patients	O
(	O
42	O
%	O
men	O
)	O
with	O
a	O
mean	O
age	O
of	O
81	O
.	O
1	O
(	O
range	O
76	O
-	O
94	O
)	O
were	O
included	O
in	O
the	O
analysis	O
.	O
Total	O
follow	O
-	O
up	O
on	O
warfarin	B
was	O
530	O
years	O
(	O
mean	O
28	O
months	O
)	O
.	O
There	O
were	O
53	O
major	O
hemorrhages	O
,	O
for	O
an	O
annual	O
rate	O
of	O
10	O
.	O
0	O
%	O
,	O
including	O
24	O
(	O
45	O
.	O
3	O
%	O
)	O
life	O
-	O
threatening	O
and	O
five	O
(	O
9	O
.	O
4	O
%	O
)	O
fatal	O
bleeds	O
.	O
The	O
annual	O
stroke	O
rate	O
after	O
initiation	O
of	O
warfarin	B
was	O
2	O
.	O
6	O
%	O
.	O
CONCLUSION	O
:	O
The	O
rate	O
of	O
major	O
hemorrhage	O
was	O
high	O
in	O
this	O
old	O
,	O
frail	O
group	O
,	O
but	O
excluding	O
fatalities	O
,	O
resulted	O
in	O
no	O
long	O
-	O
term	O
sequelae	O
,	O
and	O
the	O
stroke	O
rate	O
on	O
warfarin	B
was	O
low	O
,	O
demonstrating	O
how	O
effective	O
warfarin	B
treatment	O
is	O
.	O

We	O
report	O
cytogenetic	O
and	O
molecular	O
studies	O
of	O
a	O
de	O
novo	O
,	O
apparently	O
balanced	O
t	O
(	O
1	O
;	O
3	O
)	O
(	O
q32	O
.	O
1	O
;	O
q25	O
.	O
1	O
)	O
identified	O
in	O
a	O
12	O
-	O
year	O
-	O
old	O
female	O
(	O
designated	O
DGAP128	O
)	O
with	O
cerebral	O
atrophy	O
,	O
macrocephaly	O
seizures	O
,	O
and	O
developmental	O
delay	O
.	O
A	O
combination	O
of	O
fluorescence	O
in	O
situ	O
hybridization	O
(	O
FISH	O
)	O
and	O
Southern	O
blot	O
analysis	O
demonstrated	O
disruption	O
of	O
a	O
synaptotagmin	O
gene	O
(	O
SYT14	O
)	O
at	O
the	O
1q32	O
breakpoint	O
.	O
Expression	O
of	O
SYT14	O
in	O
human	O
brain	O
was	O
confirmed	O
using	O
Northern	O
analysis	O
.	O
Because	O
members	O
of	O
the	O
synaptotagmin	O
family	O
of	O
proteins	O
function	O
as	O
sensors	O
that	O
link	O
changes	O
in	O
calcium	B
levels	O
with	O
a	O
variety	O
of	O
biological	O
processes	O
,	O
including	O
neurotransmission	O
and	O
hormone	O
-	O
responsiveness	O
,	O
SYT14	O
is	O
an	O
intriguing	O
candidate	O
gene	O
for	O
the	O
abnormal	O
development	O
in	O
this	O
child	O
.	O
This	O
is	O
the	O
first	O
known	O
constitutional	O
rearrangement	O
of	O
SYT14	O
,	O
and	O
further	O
systematic	O
genetic	O
analysis	O
and	O
clinical	O
studies	O
of	O
DGAP128	O
may	O
offer	O
unique	O
insights	O
into	O
the	O
role	O
of	O
SYT14	O
in	O
neurodevelopment	O
.	O

Isoproterenol	B
induces	O
primary	O
loss	O
of	O
dystrophin	O
in	O
rat	O
hearts	O
:	O
correlation	O
with	O
myocardial	O
injury	O
.	O

The	O
mechanism	O
of	O
isoproterenol	B
-	O
induced	O
myocardial	O
damage	O
is	O
unknown	O
,	O
but	O
a	O
mismatch	O
of	O
oxygen	B
supply	O
vs	O
.	O
demand	O
following	O
coronary	O
hypotension	O
and	O
myocardial	O
hyperactivity	O
is	O
the	O
best	O
explanation	O
for	O
the	O
complex	O
morphological	O
alterations	O
observed	O
.	O
Severe	O
alterations	O
in	O
the	O
structural	O
integrity	O
of	O
the	O
sarcolemma	O
of	O
cardiomyocytes	O
have	O
been	O
demonstrated	O
to	O
be	O
caused	O
by	O
isoproterenol	B
.	O
Taking	O
into	O
account	O
that	O
the	O
sarcolemmal	O
integrity	O
is	O
stabilized	O
by	O
the	O
dystrophin	O
-	O
glycoprotein	O
complex	O
(	O
DGC	O
)	O
that	O
connects	O
actin	O
and	O
laminin	O
in	O
contractile	O
machinery	O
and	O
extracellular	O
matrix	O
and	O
by	O
integrins	O
,	O
this	O
study	O
tests	O
the	O
hypothesis	O
that	O
isoproterenol	B
affects	O
sarcolemmal	O
stability	O
through	O
changes	O
in	O
the	O
DGC	O
and	O
integrins	O
.	O
We	O
found	O
different	O
sensitivity	O
of	O
the	O
DGC	O
and	O
integrin	O
to	O
isoproterenol	B
subcutaneous	O
administration	O
.	O
Immunofluorescent	O
staining	O
revealed	O
that	O
dystrophin	O
is	O
the	O
most	O
sensitive	O
among	O
the	O
structures	O
connecting	O
the	O
actin	O
in	O
the	O
cardiomyocyte	O
cytoskeleton	O
and	O
the	O
extracellular	O
matrix	O
.	O
The	O
sarcomeric	O
actin	O
dissolution	O
occurred	O
after	O
the	O
reduction	O
or	O
loss	O
of	O
dystrophin	O
.	O
Subsequently	O
,	O
after	O
lysis	O
of	O
myofilaments	O
,	O
gamma	O
-	O
sarcoglycan	O
,	O
beta	O
-	O
dystroglycan	O
,	O
beta1	O
-	O
integrin	O
,	O
and	O
laminin	O
alpha	O
-	O
2	O
expressions	O
were	O
reduced	O
followed	O
by	O
their	O
breakdown	O
,	O
as	O
epiphenomena	O
of	O
the	O
myocytolytic	O
process	O
.	O
In	O
conclusion	O
,	O
administration	O
of	O
isoproterenol	B
to	O
rats	O
results	O
in	O
primary	O
loss	O
of	O
dystrophin	O
,	O
the	O
most	O
sensitive	O
among	O
the	O
structural	O
proteins	O
that	O
form	O
the	O
DGC	O
that	O
connects	O
the	O
extracellular	O
matrix	O
and	O
the	O
cytoskeleton	O
in	O
cardiomyocyte	O
.	O
These	O
changes	O
,	O
related	O
to	O
ischaemic	O
injury	O
,	O
explain	O
the	O
severe	O
alterations	O
in	O
the	O
structural	O
integrity	O
of	O
the	O
sarcolemma	O
of	O
cardiomyocytes	O
and	O
hence	O
severe	O
and	O
irreversible	O
injury	O
induced	O
by	O
isoproterenol	B
.	O

Vitamin	B
E	I
reduces	O
cardiovascular	O
disease	O
in	O
individuals	O
with	O
diabetes	O
mellitus	O
and	O
the	O
haptoglobin	O
2	O
-	O
2	O
genotype	O
.	O

AIMS	O
:	O
Individuals	O
with	O
both	O
diabetes	O
mellitus	O
(	O
DM	O
)	O
and	O
the	O
Haptoglobin	O
(	O
Hp	O
)	O
2	O
-	O
2	O
genotype	O
are	O
at	O
increased	O
risk	O
of	O
cardiovascular	O
disease	O
.	O
As	O
the	O
antioxidant	O
function	O
of	O
the	O
Hp	O
2	O
-	O
2	O
protein	O
is	O
impaired	O
,	O
we	O
sought	O
to	O
test	O
the	O
pharmacogenomic	O
hypothesis	O
that	O
antioxidant	B
vitamin	B
E	I
supplementation	O
would	O
provide	O
cardiovascular	O
protection	O
to	O
Hp	O
2	O
-	O
2	O
DM	O
individuals	O
.	O
MATERIALS	O
&	O
METHODS	O
:	O
We	O
determined	O
the	O
Hp	O
genotype	O
on	O
DM	O
participants	O
from	O
two	O
trials	O
(	O
HOPE	O
and	O
ICARE	O
)	O
and	O
assessed	O
the	O
effect	O
of	O
vitamin	B
E	I
by	O
Hp	O
genotype	O
on	O
their	O
common	O
prespecified	O
outcome	O
,	O
the	O
composite	O
of	O
stroke	O
,	O
myocardial	O
infarction	O
and	O
cardiovascular	O
death	O
.	O
Data	O
was	O
analyzed	O
with	O
a	O
fixed	O
-	O
effect	O
model	O
.	O
These	O
results	O
were	O
input	O
into	O
a	O
simulation	O
model	O
,	O
the	O
Evidence	O
Based	O
Medicine	O
Integrator	O
,	O
in	O
order	O
to	O
estimate	O
their	O
long	O
-	O
term	O
implications	O
in	O
a	O
real	O
-	O
world	O
population	O
from	O
Kaiser	O
Permanente	O
(	O
CA	O
,	O
USA	O
)	O
.	O
RESULTS	O
:	O
Meta	O
-	O
analysis	O
of	O
the	O
two	O
trials	O
demonstrated	O
a	O
significant	O
overall	O
reduction	O
in	O
the	O
composite	O
end	O
point	O
in	O
Hp	O
2	O
-	O
2	O
DM	O
individuals	O
with	O
vitamin	B
E	I
(	O
odds	O
ratio	O
:	O
0	O
.	O
58	O
;	O
95	O
%	O
CI	O
:	O
0	O
.	O
40	O
-	O
0	O
.	O
86	O
;	O
p	O
=	O
0	O
.	O
006	O
)	O
.	O
There	O
was	O
a	O
statistically	O
significant	O
interaction	O
between	O
the	O
Hp	O
genotype	O
and	O
vitamin	B
E	I
on	O
the	O
composite	O
end	O
point	O
.	O
In	O
these	O
trials	O
,	O
Hp	O
typing	O
of	O
69	O
DM	O
individuals	O
and	O
treating	O
those	O
with	O
the	O
Hp	O
2	O
-	O
2	O
with	O
vitamin	B
E	I
prevented	O
one	O
myocardial	O
infarct	O
,	O
stroke	O
or	O
cardiovascular	O
death	O
.	O
Lifelong	O
administration	O
of	O
vitamin	B
E	I
to	O
Hp	O
2	O
-	O
2	O
DM	O
individuals	O
in	O
the	O
Kaiser	O
population	O
would	O
increase	O
their	O
life	O
expectancy	O
by	O
3	O
years	O
.	O
CONCLUSION	O
:	O
A	O
pharmacogenomic	O
strategy	O
of	O
screening	O
DM	O
individuals	O
for	O
the	O
Hp	O
genotype	O
and	O
treating	O
those	O
with	O
Hp	O
2	O
-	O
2	O
with	O
vitamin	B
E	I
appears	O
to	O
be	O
highly	O
clinically	O
effective	O
.	O

In	O
vivo	O
characterization	O
of	O
a	O
dual	O
adenosine	B
A2A	I
/	I
A1	I
receptor	I
antagonist	I
in	O
animal	O
models	O
of	O
Parkinson	O
'	O
s	O
disease	O
.	O

The	O
in	O
vivo	O
characterization	O
of	O
a	O
dual	O
adenosine	B
A	I
(	I
2A	I
)	I
/	I
A	I
(	I
1	I
)	I
receptor	I
antagonist	I
in	O
several	O
animal	O
models	O
of	O
Parkinson	O
'	O
s	O
disease	O
is	O
described	O
.	O
Discovery	O
and	O
scale	O
-	O
up	O
syntheses	O
of	O
compound	O
1	O
are	O
described	O
in	O
detail	O
,	O
highlighting	O
optimization	O
steps	O
that	O
increased	O
the	O
overall	O
yield	O
of	O
1	O
from	O
10	O
.	O
0	O
%	O
to	O
30	O
.	O
5	O
%	O
.	O
Compound	O
1	O
is	O
a	O
potent	O
A	B
(	I
2A	I
)	I
/	I
A	B
(	I
1	I
)	I
receptor	I
antagonist	I
in	O
vitro	O
(	O
A	O
(	O
2A	O
)	O
K	O
(	O
i	O
)	O
=	O
4	O
.	O
1	O
nM	O
;	O
A	O
(	O
1	O
)	O
K	O
(	O
i	O
)	O
=	O
17	O
.	O
0	O
nM	O
)	O
that	O
has	O
excellent	O
activity	O
,	O
after	O
oral	O
administration	O
,	O
across	O
a	O
number	O
of	O
animal	O
models	O
of	O
Parkinson	O
'	O
s	O
disease	O
including	O
mouse	O
and	O
rat	O
models	O
of	O
haloperidol	B
-	O
induced	O
catalepsy	O
,	O
mouse	O
model	O
of	O
reserpine	B
-	O
induced	O
akinesia	O
,	O
rat	O
6	B
-	I
hydroxydopamine	I
(	O
6	B
-	I
OHDA	I
)	O
lesion	O
model	O
of	O
drug	O
-	O
induced	O
rotation	O
,	O
and	O
MPTP	B
-	O
treated	O
non	O
-	O
human	O
primate	O
model	O
.	O

Risk	O
factors	O
and	O
predictors	O
of	O
levodopa	B
-	O
induced	O
dyskinesia	O
among	O
multiethnic	O
Malaysians	O
with	O
Parkinson	O
'	O
s	O
disease	O
.	O

Chronic	O
pulsatile	O
levodopa	B
therapy	O
for	O
Parkinson	O
'	O
s	O
disease	O
(	O
PD	O
)	O
leads	O
to	O
the	O
development	O
of	O
motor	O
fluctuations	O
and	O
dyskinesia	O
.	O
We	O
studied	O
the	O
prevalence	O
and	O
predictors	O
of	O
levodopa	B
-	O
induced	O
dyskinesia	O
among	O
multiethnic	O
Malaysian	O
patients	O
with	O
PD	O
.	O
METHODS	O
:	O
This	O
is	O
a	O
cross	O
-	O
sectional	O
study	O
involving	O
95	O
patients	O
with	O
PD	O
on	O
uninterrupted	O
levodopa	B
therapy	O
for	O
at	O
least	O
6	O
months	O
.	O
The	O
instrument	O
used	O
was	O
the	O
UPDRS	O
questionnaires	O
.	O
The	O
predictors	O
of	O
dyskinesia	O
were	O
determined	O
using	O
multivariate	O
logistic	O
regression	O
analysis	O
.	O
RESULTS	O
:	O
The	O
mean	O
age	O
was	O
65	O
.	O
6	O
+	O
8	O
.	O
5	O
years	O
.	O
The	O
mean	O
onset	O
age	O
was	O
58	O
.	O
5	O
+	O
9	O
.	O
8	O
years	O
.	O
The	O
median	O
disease	O
duration	O
was	O
6	O
(	O
7	O
)	O
years	O
.	O
Dyskinesia	O
was	O
present	O
in	O
44	O
%	O
(	O
n	O
=	O
42	O
)	O
with	O
median	O
levodopa	B
therapy	O
of	O
3	O
years	O
.	O
There	O
were	O
64	O
.	O
3	O
%	O
Chinese	O
,	O
31	O
%	O
Malays	O
,	O
and	O
3	O
.	O
7	O
%	O
Indians	O
and	O
other	O
ethnic	O
groups	O
.	O
Eighty	O
-	O
one	O
percent	O
of	O
patients	O
with	O
dyskinesia	O
had	O
clinical	O
fluctuations	O
.	O
Patients	O
with	O
dyskinesia	O
had	O
lower	O
onset	O
age	O
(	O
p	O
<	O
0	O
.	O
001	O
)	O
,	O
longer	O
duration	O
of	O
levodopa	B
therapy	O
(	O
p	O
<	O
0	O
.	O
001	O
)	O
,	O
longer	O
disease	O
duration	O
(	O
p	O
<	O
0	O
.	O
001	O
)	O
,	O
higher	O
total	O
daily	O
levodopa	B
dose	O
(	O
p	O
<	O
0	O
.	O
001	O
)	O
,	O
and	O
higher	O
total	O
UPDRS	O
scores	O
(	O
p	O
=	O
0	O
.	O
005	O
)	O
than	O
patients	O
without	O
dyskinesia	O
.	O
The	O
three	O
significant	O
predictors	O
of	O
dyskinesia	O
were	O
duration	O
of	O
levodopa	B
therapy	O
,	O
onset	O
age	O
,	O
and	O
total	O
daily	O
levodopa	B
dose	O
.	O
CONCLUSIONS	O
:	O
The	O
prevalence	O
of	O
levodopa	B
-	O
induced	O
dyskinesia	O
in	O
our	O
patients	O
was	O
44	O
%	O
.	O
The	O
most	O
significant	O
predictors	O
were	O
duration	O
of	O
levodopa	B
therapy	O
,	O
total	O
daily	O
levodopa	B
dose	O
,	O
and	O
onset	O
age	O
.	O

Alcohol	B
consumption	O
and	O
prostate	O
cancer	O
incidence	O
and	O
progression	O
:	O
A	O
Mendelian	O
randomisation	O
study	O
.	O

Prostate	O
cancer	O
is	O
the	O
most	O
common	O
cancer	O
in	O
men	O
in	O
developed	O
countries	O
,	O
and	O
is	O
a	O
target	O
for	O
risk	O
reduction	O
strategies	O
.	O
The	O
effects	O
of	O
alcohol	B
consumption	O
on	O
prostate	O
cancer	O
incidence	O
and	O
survival	O
remain	O
unclear	O
,	O
potentially	O
due	O
to	O
methodological	O
limitations	O
of	O
observational	O
studies	O
.	O
In	O
this	O
study	O
,	O
we	O
investigated	O
the	O
associations	O
of	O
genetic	O
variants	O
in	O
alcohol	B
-	O
metabolising	O
genes	O
with	O
prostate	O
cancer	O
incidence	O
and	O
survival	O
.	O
We	O
analysed	O
data	O
from	O
23	O
,	O
868	O
men	O
with	O
prostate	O
cancer	O
and	O
23	O
,	O
051	O
controls	O
from	O
25	O
studies	O
within	O
the	O
international	O
PRACTICAL	O
Consortium	O
.	O
Study	O
-	O
specific	O
associations	O
of	O
68	O
single	O
nucleotide	O
polymorphisms	O
(	O
SNPs	O
)	O
in	O
8	O
alcohol	B
-	O
metabolising	O
genes	O
(	O
Alcohol	O
Dehydrogenases	O
(	O
ADHs	O
)	O
and	O
Aldehyde	O
Dehydrogenases	O
(	O
ALDHs	O
)	O
)	O
with	O
prostate	O
cancer	O
diagnosis	O
and	O
prostate	O
cancer	O
-	O
specific	O
mortality	O
,	O
by	O
grade	O
,	O
were	O
assessed	O
using	O
logistic	O
and	O
Cox	O
regression	O
models	O
,	O
respectively	O
.	O
The	O
data	O
across	O
the	O
25	O
studies	O
were	O
meta	O
-	O
analysed	O
using	O
fixed	O
-	O
effect	O
and	O
random	O
-	O
effects	O
models	O
.	O
We	O
found	O
little	O
evidence	O
that	O
variants	O
in	O
alcohol	B
metabolising	O
genes	O
were	O
associated	O
with	O
prostate	O
cancer	O
diagnosis	O
.	O
Four	O
variants	O
in	O
two	O
genes	O
exceeded	O
the	O
multiple	O
testing	O
threshold	O
for	O
associations	O
with	O
prostate	O
cancer	O
mortality	O
in	O
fixed	O
-	O
effect	O
meta	O
-	O
analyses	O
.	O
SNPs	O
within	O
ALDH1A2	O
associated	O
with	O
prostate	O
cancer	O
mortality	O
were	O
rs1441817	O
(	O
fixed	O
effects	O
hazard	O
ratio	O
,	O
HRfixed	O
=	O
0	O
.	O
78	O
;	O
95	O
%	O
confidence	O
interval	O
(	O
95	O
%	O
CI	O
)	O
:	O
0	O
.	O
66	O
,	O
0	O
.	O
91	O
;	O
p	O
values	O
=	O
0	O
.	O
002	O
)	O
;	O
rs12910509	O
,	O
HRfixed	O
=	O
0	O
.	O
76	O
;	O
95	O
%	O
CI	O
:	O
0	O
.	O
64	O
,	O
0	O
.	O
91	O
;	O
p	O
values	O
=	O
0	O
.	O
003	O
)	O
;	O
and	O
rs8041922	O
(	O
HRfixed	O
=	O
0	O
.	O
76	O
;	O
95	O
%	O
CI	O
:	O
0	O
.	O
64	O
,	O
0	O
.	O
91	O
;	O
p	O
values	O
=	O
0	O
.	O
002	O
)	O
.	O
These	O
SNPs	O
were	O
in	O
linkage	O
disequilibrium	O
with	O
each	O
other	O
.	O
In	O
ALDH1B1	O
,	O
rs10973794	O
(	O
HRfixed	O
=	O
1	O
.	O
43	O
;	O
95	O
%	O
CI	O
:	O
1	O
.	O
14	O
,	O
1	O
.	O
79	O
;	O
p	O
values	O
=	O
0	O
.	O
002	O
)	O
was	O
associated	O
with	O
prostate	O
cancer	O
mortality	O
in	O
men	O
with	O
low	O
-	O
grade	O
prostate	O
cancer	O
.	O
These	O
results	O
suggest	O
that	O
alcohol	B
consumption	O
is	O
unlikely	O
to	O
affect	O
prostate	O
cancer	O
incidence	O
,	O
but	O
it	O
may	O
influence	O
disease	O
progression	O
.	O

Acute	O
low	O
back	O
pain	O
during	O
intravenous	O
administration	O
of	O
amiodarone	B
:	O
a	O
report	O
of	O
two	O
cases	O
.	O

Amiodarone	B
represents	O
an	O
effective	O
antiarrhythmic	B
drug	I
for	O
cardioversion	O
of	O
recent	O
-	O
onset	O
atrial	O
fibrillation	O
(	O
AF	O
)	O
and	O
maintenance	O
of	O
sinus	O
rhythm	O
.	O
We	O
briefly	O
describe	O
two	O
patients	O
suffering	O
from	O
recent	O
-	O
onset	O
atrial	O
fibrillation	O
,	O
who	O
experienced	O
an	O
acute	O
devastating	O
low	O
back	O
pain	O
a	O
few	O
minutes	O
after	O
initiation	O
of	O
intravenous	O
amiodarone	B
loading	O
.	O
Notably	O
,	O
this	O
side	O
effect	O
has	O
not	O
been	O
ever	O
reported	O
in	O
the	O
medical	O
literature	O
.	O
Clinicians	O
should	O
be	O
aware	O
of	O
this	O
reaction	O
since	O
prompt	O
termination	O
of	O
parenteral	O
administration	O
leads	O
to	O
complete	O
resolution	O
.	O

BACKGROUND	O
:	O
Folate	B
is	O
critical	O
for	O
cell	O
division	O
,	O
a	O
major	O
feature	O
of	O
in	O
utero	O
development	O
.	O
Dihydrofolate	O
reductase	O
(	O
DHFR	O
)	O
is	O
required	O
to	O
convert	O
the	O
folic	B
acid	I
used	O
in	O
supplements	O
and	O
for	O
food	O
fortification	O
and	O
the	O
dihydrofolate	B
produced	O
by	O
thymidylate	O
synthase	O
during	O
DNA	O
synthesis	O
to	O
the	O
reduced	O
folate	B
forms	O
used	O
by	O
the	O
cell	O
.	O
OBJECTIVE	O
:	O
We	O
aimed	O
to	O
determine	O
whether	O
a	O
common	O
,	O
recently	O
discovered	O
deletion	O
polymorphism	O
in	O
the	O
DHFR	O
gene	O
is	O
a	O
risk	O
factor	O
for	O
preterm	O
delivery	O
or	O
low	O
birth	O
weight	O
.	O
DESIGN	O
:	O
We	O
studied	O
324	O
pregnant	O
women	O
from	O
Camden	O
,	O
NJ	O
.	O
Folate	B
intake	O
was	O
computed	O
from	O
folate	B
supplement	O
intake	O
plus	O
the	O
mean	O
of	O
two	O
24	O
-	O
h	O
recalls	O
completed	O
during	O
the	O
course	O
of	O
pregnancy	O
.	O
Genomic	O
DNA	O
was	O
extracted	O
from	O
the	O
women	O
'	O
s	O
leukocytes	O
and	O
genotyped	O
.	O
RESULTS	O
:	O
Women	O
with	O
a	O
deletion	O
allele	O
had	O
a	O
significantly	O
greater	O
risk	O
of	O
preterm	O
delivery	O
[	O
adjusted	O
odds	O
ratio	O
(	O
AOR	O
)	O
:	O
3	O
.	O
0	O
;	O
95	O
%	O
CI	O
:	O
1	O
.	O
0	O
,	O
8	O
.	O
8	O
;	O
P	O
<	O
0	O
.	O
05	O
]	O
than	O
did	O
those	O
without	O
a	O
deletion	O
allele	O
.	O
Women	O
with	O
both	O
a	O
DHFR	O
deletion	O
allele	O
and	O
low	O
folate	B
intake	O
(	O
<	O
400	O
microg	O
/	O
d	O
from	O
diet	O
plus	O
supplements	O
)	O
had	O
a	O
significantly	O
greater	O
risk	O
of	O
preterm	O
delivery	O
(	O
AOR	O
:	O
5	O
.	O
5	O
;	O
95	O
%	O
CI	O
:	O
1	O
.	O
5	O
,	O
20	O
.	O
4	O
;	O
P	O
=	O
0	O
.	O
01	O
)	O
and	O
a	O
significantly	O
greater	O
risk	O
of	O
having	O
an	O
infant	O
with	O
a	O
low	O
birth	O
weight	O
(	O
AOR	O
:	O
8	O
.	O
3	O
;	O
95	O
%	O
CI	O
:	O
1	O
.	O
8	O
,	O
38	O
.	O
6	O
;	O
P	O
=	O
0	O
.	O
01	O
)	O
than	O
did	O
women	O
without	O
a	O
deletion	O
allele	O
and	O
with	O
a	O
folate	B
intake	O
>	O
/	O
=	O
400	O
microg	O
/	O
d	O
.	O
CONCLUSIONS	O
:	O
The	O
DHFR	O
19	O
-	O
base	O
pair	O
deletion	O
allele	O
may	O
be	O
a	O
risk	O
factor	O
for	O
preterm	O
delivery	O
.	O
In	O
the	O
presence	O
of	O
low	O
dietary	O
folate	B
,	O
the	O
allele	O
may	O
also	O
be	O
a	O
risk	O
factor	O
for	O
low	O
birth	O
weight	O
.	O
This	O
may	O
be	O
a	O
gene	O
-	O
environment	O
interaction	O
.	O

The	O
mechanism	O
by	O
which	O
the	O
Parkinson	O
'	O
s	O
disease	O
-	O
related	O
protein	O
alpha	O
-	O
synuclein	O
(	O
alpha	O
-	O
syn	O
)	O
causes	O
neurodegeneration	O
has	O
not	O
been	O
elucidated	O
.	O
To	O
determine	O
the	O
genes	O
that	O
protect	O
cells	O
from	O
alpha	O
-	O
syn	O
,	O
we	O
used	O
a	O
genetic	O
screen	O
to	O
identify	O
suppressors	O
of	O
the	O
super	O
sensitivity	O
of	O
the	O
yeast	O
Saccharomyces	O
cerevisiae	O
expressing	O
alpha	O
-	O
syn	O
to	O
killing	O
by	O
hydrogen	B
peroxide	I
.	O
Forty	O
genes	O
in	O
ubiquitin	O
-	O
dependent	O
protein	O
catabolism	O
,	O
protein	O
biosynthesis	O
,	O
vesicle	O
trafficking	O
and	O
the	O
response	O
to	O
stress	O
were	O
identified	O
.	O
Five	O
of	O
the	O
forty	O
genes	O
-	O
-	O
ENT3	O
,	O
IDP3	O
,	O
JEM1	O
,	O
ARG2	O
and	O
HSP82	O
-	O
-	O
ranked	O
highest	O
in	O
their	O
ability	O
to	O
block	O
alpha	O
-	O
syn	O
-	O
induced	O
reactive	B
oxygen	I
species	I
accumulation	O
,	O
and	O
these	O
five	O
genes	O
were	O
characterized	O
in	O
more	O
detail	O
.	O
The	O
deletion	O
of	O
any	O
of	O
these	O
five	O
genes	O
enhanced	O
the	O
toxicity	O
of	O
alpha	O
-	O
syn	O
as	O
judged	O
by	O
growth	O
defects	O
compared	O
with	O
wild	O
-	O
type	O
cells	O
expressing	O
alpha	O
-	O
syn	O
,	O
which	O
indicates	O
that	O
these	O
genes	O
protect	O
cells	O
from	O
alpha	O
-	O
syn	O
.	O
Strikingly	O
,	O
four	O
of	O
the	O
five	O
genes	O
are	O
specific	O
for	O
alpha	O
-	O
syn	O
in	O
that	O
they	O
fail	O
to	O
protect	O
cells	O
from	O
the	O
toxicity	O
of	O
the	O
two	O
inherited	O
mutants	O
A30P	O
or	O
A53T	O
.	O
This	O
finding	O
suggests	O
that	O
alpha	O
-	O
syn	O
causes	O
toxicity	O
to	O
cells	O
through	O
a	O
different	O
pathway	O
than	O
these	O
two	O
inherited	O
mutants	O
.	O
Lastly	O
,	O
overexpression	O
of	O
Ent3p	O
,	O
which	O
is	O
a	O
clathrin	B
adapter	O
protein	O
involved	O
in	O
protein	O
transport	O
between	O
the	O
Golgi	O
and	O
the	O
vacuole	O
,	O
causes	O
alpha	O
-	O
syn	O
to	O
redistribute	O
from	O
the	O
plasma	O
membrane	O
into	O
cytoplasmic	O
vesicular	O
structures	O
.	O
Our	O
interpretation	O
is	O
that	O
Ent3p	O
mediates	O
the	O
transport	O
of	O
alpha	O
-	O
syn	O
to	O
the	O
vacuole	O
for	O
proteolytic	O
degradation	O
.	O
A	O
similar	O
clathrin	B
adaptor	O
protein	O
,	O
epsinR	O
,	O
exists	O
in	O
humans	O
.	O

BACKGROUND	O
:	O
Oculopharyngeal	O
muscular	O
dystrophy	O
(	O
OPMD	O
)	O
is	O
a	O
late	O
onset	O
autosomal	O
dominant	O
muscle	O
disorder	O
.	O
OPMD	O
is	O
caused	O
by	O
a	O
short	O
trinucleotide	O
repeat	O
expansion	O
encoding	O
an	O
expanded	O
polyalanine	B
tract	O
in	O
the	O
polyadenylate	O
binding	O
-	O
protein	O
nuclear	O
1	O
(	O
PABPN1	O
)	O
gene	O
.	O
We	O
identified	O
and	O
characterized	O
a	O
PABPN1	O
mutation	O
in	O
a	O
Taiwanese	O
family	O
with	O
OPMD	O
.	O
METHODS	O
:	O
The	O
phenotypic	O
and	O
genotypic	O
characteristics	O
of	O
all	O
subjects	O
were	O
evaluated	O
in	O
a	O
Taiwanese	O
OPMD	O
family	O
.	O
Genetic	O
alterations	O
in	O
the	O
PABPN1	O
gene	O
were	O
identified	O
using	O
PCR	O
and	O
DNA	O
sequencing	O
.	O
RESULTS	O
:	O
Ten	O
subjects	O
with	O
OPMD	O
(	O
6	O
symptomatic	O
and	O
4	O
asymptomatic	O
)	O
within	O
the	O
Taiwanese	O
family	O
carried	O
a	O
novel	O
mutation	O
in	O
the	O
PABPN1	O
gene	O
.	O
The	O
normal	O
(	O
GCG	O
)	O
6	O
(	O
GCA	O
)	O
3GCG	O
sequence	O
was	O
replaced	O
by	O
(	O
GCG	O
)	O
6	O
(	O
GCA	O
)	O
(	O
GCG	O
)	O
4	O
(	O
GCA	O
)	O
3GCG	O
due	O
to	O
an	O
insertion	O
of	O
(	O
GCG	O
)	O
4GCA	O
into	O
the	O
normal	O
allele	O
in	O
the	O
Taiwanese	O
OPMD	O
subjects	O
.	O
CONCLUSIONS	O
:	O
In	O
contrast	O
to	O
a	O
single	O
GCG	O
expansion	O
in	O
most	O
of	O
OPMD	O
patients	O
in	O
the	O
literature	O
,	O
an	O
insertion	O
of	O
(	O
GCG	O
)	O
4GCA	O
in	O
the	O
PABPN1	O
gene	O
was	O
found	O
in	O
the	O
Taiwanese	O
OPMD	O
subjects	O
.	O
The	O
identification	O
of	O
this	O
mutation	O
appears	O
to	O
support	O
the	O
molecular	O
mechanism	O
of	O
unequal	O
cross	O
-	O
over	O
of	O
two	O
PABPN1	O
alleles	O
.	O

Effect	O
of	O
the	O
abrogation	O
of	O
TGF	O
-	O
beta1	O
by	O
antisense	O
oligonucleotides	B
on	O
the	O
expression	O
of	O
TGF	O
-	O
beta	O
-	O
isoforms	O
and	O
their	O
receptors	O
I	O
and	O
II	O
in	O
isolated	O
fibroblasts	O
from	O
keloid	O
scars	O
.	O

Disequilibrium	O
of	O
dermal	O
wound	O
repair	O
can	O
result	O
in	O
continued	O
accumulation	O
of	O
ECM	O
and	O
excessive	O
scar	O
formation	O
.	O
In	O
susceptible	O
genetically	O
predisposed	O
individuals	O
,	O
keloid	O
formation	O
can	O
be	O
observed	O
.	O
Keloid	O
disease	O
represents	O
a	O
benign	O
dermal	O
fibroproliferative	O
tumor	O
that	O
is	O
unique	O
to	O
humans	O
.	O
TGF	O
-	O
beta	O
is	O
known	O
to	O
play	O
a	O
key	O
role	O
in	O
the	O
pathogenesis	O
of	O
this	O
disease	O
which	O
is	O
still	O
not	O
fully	O
understood	O
.	O
The	O
isoforms	O
TGF	O
-	O
beta1	O
and	O
TGF	O
-	O
beta2	O
have	O
profibrotic	O
properties	O
,	O
whereas	O
TGF	O
-	O
beta3	O
may	O
have	O
antifibrotic	O
functions	O
.	O
TGF	O
-	O
beta	O
exerts	O
its	O
influence	O
by	O
binding	O
to	O
type	O
I	O
and	O
type	O
II	O
TGF	O
-	O
beta	O
receptors	O
,	O
thereby	O
forming	O
a	O
complex	O
and	O
activating	O
specific	O
downstream	O
effector	O
molecules	O
.	O
The	O
aim	O
of	O
this	O
study	O
was	O
to	O
investigate	O
the	O
effect	O
of	O
TGF	O
-	O
beta1	O
targeting	O
by	O
antisense	O
oligonucleotides	B
on	O
the	O
RNA	O
synthesis	O
and	O
protein	O
expression	O
of	O
TGF	O
-	O
beta	O
isoforms	O
and	O
their	O
receptors	O
in	O
keloid	O
-	O
derived	O
fibroblasts	O
.	O
In	O
tissue	O
samples	O
with	O
normal	O
fibroblasts	O
(	O
NFs	O
)	O
serving	O
as	O
control	O
samples	O
,	O
expression	O
of	O
TGF	O
-	O
beta1	O
and	O
-	O
beta2	O
was	O
decreased	O
when	O
compared	O
to	O
keloid	O
fibroblasts	O
(	O
KFs	O
)	O
,	O
while	O
expression	O
of	O
TGF	O
-	O
beta3	O
and	O
of	O
TGF	O
-	O
betaRII	O
was	O
significantly	O
higher	O
in	O
NFs	O
.	O
In	O
the	O
ELISA	O
assay	O
,	O
abrogation	O
of	O
TGF	O
-	O
beta1	O
led	O
to	O
a	O
significant	O
decrease	O
in	O
TGF	O
-	O
beta1	O
and	O
-	O
beta2	O
(	O
p	O
<	O
0	O
.	O
05	O
)	O
.	O
Expression	O
of	O
TGF	O
-	O
beta2	O
mRNA	O
was	O
reduced	O
.	O
Expression	O
of	O
TGF	O
-	O
beta3	O
mRNA	O
revealed	O
contrary	O
patterns	O
in	O
KFs	O
from	O
different	O
patients	O
while	O
expression	O
of	O
TGF	O
-	O
betaRI	O
was	O
found	O
to	O
be	O
equal	O
during	O
the	O
measurement	O
period	O
.	O
TGF	O
-	O
betaRII	O
mRNA	O
expression	O
was	O
increased	O
after	O
48	O
and	O
72	O
h	O
respectively	O
.	O
There	O
is	O
growing	O
evidence	O
for	O
a	O
regulatory	O
mechanism	O
between	O
TGF	O
-	O
beta1	O
and	O
its	O
receptors	O
.	O
Our	O
findings	O
support	O
this	O
theory	O
by	O
suggesting	O
interrelations	O
between	O
the	O
different	O
TGF	O
-	O
beta	O
isoforms	O
and	O
their	O
receptors	O
.	O
Abnormal	O
response	O
of	O
KFs	O
to	O
TGF	O
-	O
betamight	O
reflect	O
a	O
modification	O
in	O
the	O
regulatory	O
pathway	O
that	O
occurs	O
at	O
the	O
receptor	O
level	O
or	O
during	O
intracellular	O
trans	O
-	O
duction	O
.	O
Improving	O
the	O
understanding	O
of	O
TGF	O
-	O
beta	O
in	O
keloid	O
disease	O
could	O
lead	O
to	O
the	O
development	O
of	O
clinically	O
useful	O
therapeutic	O
modalities	O
for	O
treatment	O
of	O
keloid	O
disease	O
or	O
even	O
allow	O
identification	O
of	O
preventive	O
strategies	O
.	O

Effects	O
of	O
ginsenosides	B
on	O
opioid	B
-	O
induced	O
hyperalgesia	O
in	O
mice	O
.	O

Opioid	B
-	O
induced	O
hyperalgesia	O
(	O
OIH	O
)	O
is	O
characterized	O
by	O
nociceptive	O
sensitization	O
caused	O
by	O
the	O
cessation	O
of	O
chronic	O
opioid	B
use	O
.	O
OIH	O
can	O
limit	O
the	O
clinical	O
use	O
of	O
opioid	B
analgesics	O
and	O
complicate	O
withdrawal	O
from	O
opioid	O
addiction	O
.	O
In	O
this	O
study	O
,	O
we	O
investigated	O
the	O
effects	O
of	O
Re	B
,	I
Rg1	I
,	I
and	I
Rb1	I
ginsenosides	I
,	O
the	O
bioactive	O
components	O
of	O
ginseng	O
,	O
on	O
OIH	O
.	O
OIH	O
was	O
achieved	O
in	O
mice	O
after	O
subcutaneous	O
administration	O
of	O
morphine	B
for	O
7	O
consecutive	O
days	O
three	O
times	O
per	O
day	O
.	O
During	O
withdrawal	O
(	O
days	O
8	O
and	O
9	O
)	O
,	O
these	O
mice	O
were	O
administered	O
Re	B
,	O
Rg1	B
,	O
or	O
Rb1	B
intragastrically	O
two	O
times	O
per	O
day	O
.	O
On	O
the	O
test	O
day	O
(	O
day	O
10	O
)	O
,	O
mice	O
were	O
subjected	O
to	O
the	O
thermal	O
sensitivity	O
test	O
and	O
the	O
acetic	B
acid	I
-	O
induced	O
writhing	O
test	O
.	O
Re	B
(	O
300	O
mg	O
/	O
kg	O
)	O
inhibited	O
OIH	O
in	O
both	O
the	O
thermal	O
sensitivity	O
test	O
and	O
the	O
acetic	B
acid	I
-	O
induced	O
writhing	O
test	O
.	O
However	O
,	O
the	O
Rg1	B
and	I
Rb1	I
ginsenosides	I
failed	O
to	O
prevent	O
OIH	O
in	O
either	O
test	O
.	O
Furthermore	O
,	O
Rg1	B
showed	O
a	O
tendency	O
to	O
aggravate	O
OIH	O
in	O
the	O
acetic	B
acid	I
-	O
induced	O
writhing	O
test	O
.	O
Our	O
data	O
suggested	O
that	O
the	O
ginsenoside	B
Re	I
,	O
but	O
not	O
Rg1	B
or	O
Rb1	B
,	O
may	O
contribute	O
toward	O
reversal	O
of	O
OIH	O
.	O

Atorvastatin	B
protects	O
against	O
contrast	O
-	O
induced	O
nephropathy	O
via	O
anti	O
-	O
apoptosis	O
by	O
the	O
upregulation	O
of	O
Hsp27	O
in	O
vivo	O
and	O
in	O
vitro	O
.	O

Contrast	O
-	O
induced	O
nephropathy	O
(	O
CIN	O
)	O
is	O
an	O
iatrogenic	O
acute	O
renal	O
failure	O
occurring	O
following	O
the	O
intravascular	O
injection	O
of	O
iodinated	O
radiographic	O
contrast	O
medium	O
.	O
However	O
,	O
the	O
regulatory	O
mechanisms	O
for	O
CIN	O
remain	O
to	O
be	O
fully	O
elucidated	O
.	O
The	O
present	O
study	O
aimed	O
to	O
investigate	O
whether	O
atorvastatin	B
protects	O
against	O
CIN	O
via	O
anti	O
-	O
apoptotic	O
effects	O
by	O
the	O
upregulation	O
of	O
Hsp27	O
in	O
vivo	O
and	O
in	O
vitro	O
.	O
To	O
determine	O
whether	O
atorvastatin	B
attenuated	O
CIN	O
,	O
the	O
inflammatory	O
response	O
and	O
apoptosis	O
in	O
vivo	O
and	O
in	O
vitro	O
,	O
a	O
rat	O
model	O
of	O
iopamidol	B
-	O
induced	O
CIN	O
was	O
used	O
,	O
and	O
human	O
embryonic	O
proximal	O
tubule	O
(	O
HK2	O
)	O
cell	O
damage	O
was	O
assessed	O
.	O
The	O
rats	O
were	O
assigned	O
into	O
four	O
groups	O
(	O
n	O
=	O
10	O
per	O
group	O
)	O
,	O
as	O
follows	O
:	O
Control	O
rats	O
;	O
rats	O
+	O
atorvastatin	B
;	O
rats	O
+	O
iopamidol	B
;	O
rats	O
+	O
iopamidol	B
+	O
atorvastatin	B
.	O
In	O
vitro	O
,	O
the	O
HK2	O
cells	O
were	O
treated	O
with	O
iopamidol	B
in	O
the	O
presence	O
or	O
absence	O
of	O
atorvastatin	B
,	O
heat	O
shock	O
protein	O
(	O
Hsp	O
)	O
27	O
small	O
interfering	O
(	O
si	O
)	O
RNA	O
or	O
pcDNA3	O
.	O
1	O
-	O
Hsp27	O
.	O
The	O
renal	O
tissues	O
were	O
examined	O
histopathologically	O
and	O
collected	O
for	O
western	O
blot	O
analysis	O
.	O
The	O
results	O
showed	O
that	O
atorvastatin	B
ameliorated	O
the	O
apoptosis	O
and	O
deterioration	O
of	O
renal	O
function	O
(	O
P	O
<	O
0	O
.	O
05	O
)	O
.	O
Furthermore	O
,	O
atorvastatin	B
reduced	O
the	O
iopamidol	B
-	O
induced	O
activity	O
of	O
B	O
cell	O
lymphoma	O
-	O
2	O
(	O
Bcl	O
-	O
2	O
)	O
-	O
associated	O
X	O
protein	O
(	O
Bax	O
)	O
/	O
caspase	O
-	O
3	O
and	O
increased	O
the	O
expression	O
of	O
Bcl	O
-	O
2	O
in	O
vivo	O
and	O
in	O
vitro	O
.	O
Notably	O
,	O
following	O
treatment	O
with	O
Hsp27	O
siRNA	O
or	O
pcDNA3	O
.	O
1	O
-	O
Hsp27	O
,	O
it	O
was	O
found	O
that	O
iopamidol	B
enhanced	O
or	O
weakened	O
the	O
upregulation	O
of	O
Bax	O
/	O
caspase	O
-	O
3	O
and	O
downregulation	O
of	O
Bcl	O
-	O
2	O
in	O
the	O
HK2	O
cells	O
,	O
respectively	O
.	O
The	O
results	O
of	O
the	O
present	O
study	O
suggested	O
that	O
atorvastatin	B
protected	O
against	O
contrast	O
-	O
induced	O
renal	O
tubular	O
cell	O
apoptosis	O
through	O
the	O
upregulation	O
of	O
Hsp27	O
in	O
vivo	O
and	O
in	O
vitro	O
.	O

Protective	O
effects	O
of	O
antithrombin	B
on	O
puromycin	B
aminonucleoside	I
nephrosis	O
in	O
rats	O
.	O

We	O
investigated	O
the	O
effects	O
of	O
antithrombin	B
,	O
a	O
plasma	O
inhibitor	O
of	O
coagulation	O
factors	O
,	O
in	O
rats	O
with	O
puromycin	B
aminonucleoside	I
-	O
induced	O
nephrosis	O
,	O
which	O
is	O
an	O
experimental	O
model	O
of	O
human	O
nephrotic	O
syndrome	O
.	O
Antithrombin	B
(	O
50	O
or	O
500	O
IU	O
/	O
kg	O
/	O
i	O
.	O
v	O
.	O
)	O
was	O
administered	O
to	O
rats	O
once	O
a	O
day	O
for	O
10	O
days	O
immediately	O
after	O
the	O
injection	O
of	O
puromycin	B
aminonucleoside	I
(	O
50	O
mg	O
/	O
kg	O
/	O
i	O
.	O
v	O
.	O
)	O
.	O
Treatment	O
with	O
antithrombin	B
attenuated	O
the	O
puromycin	B
aminonucleoside	I
-	O
induced	O
hematological	O
abnormalities	O
.	O
Puromycin	B
aminonucleoside	I
-	O
induced	O
renal	O
dysfunction	O
and	O
hyperlipidemia	O
were	O
also	O
suppressed	O
.	O
Histopathological	O
examination	O
revealed	O
severe	O
renal	O
damage	O
such	O
as	O
proteinaceous	O
casts	O
in	O
tubuli	O
and	O
tubular	O
expansion	O
in	O
the	O
kidney	O
of	O
control	O
rats	O
,	O
while	O
an	O
improvement	O
of	O
the	O
damage	O
was	O
seen	O
in	O
antithrombin	B
-	O
treated	O
rats	O
.	O
In	O
addition	O
,	O
antithrombin	B
treatment	O
markedly	O
suppressed	O
puromycin	B
aminonucleoside	I
-	O
induced	O
apoptosis	O
of	O
renal	O
tubular	O
epithelial	O
cells	O
.	O
Furthermore	O
,	O
puromycin	B
aminonucleoside	I
-	O
induced	O
increases	O
in	O
renal	O
cytokine	O
content	O
were	O
also	O
decreased	O
.	O
These	O
findings	O
suggest	O
that	O
thrombin	O
plays	O
an	O
important	O
role	O
in	O
the	O
pathogenesis	O
of	O
puromycin	B
aminonucleoside	I
-	O
induced	O
nephrotic	O
syndrome	O
.	O
Treatment	O
with	O
antithrombin	B
may	O
be	O
clinically	O
effective	O
in	O
patients	O
with	O
nephrotic	O
syndrome	O
.	O

Ovarian	O
serous	O
carcinoma	O
(	O
OSC	O
)	O
is	O
the	O
most	O
common	O
and	O
lethal	O
histologic	O
type	O
of	O
ovarian	O
epithelial	O
malignancy	O
.	O
Mutations	O
of	O
TP53	O
and	O
dysfunction	O
of	O
the	O
Brca1	O
and	O
/	O
or	O
Brca2	O
tumor	O
-	O
suppressor	O
proteins	O
have	O
been	O
implicated	O
in	O
the	O
molecular	O
pathogenesis	O
of	O
a	O
large	O
fraction	O
of	O
OSCs	O
,	O
but	O
frequent	O
somatic	O
mutations	O
in	O
other	O
well	O
-	O
established	O
tumor	O
-	O
suppressor	O
genes	O
have	O
not	O
been	O
identified	O
.	O
Using	O
a	O
genome	O
-	O
wide	O
screen	O
of	O
DNA	O
copy	O
number	O
alterations	O
in	O
36	O
primary	O
OSCs	O
,	O
we	O
identified	O
two	O
tumors	O
with	O
apparent	O
homozygous	O
deletions	O
of	O
the	O
NF1	O
gene	O
.	O
Subsequently	O
,	O
18	O
ovarian	O
carcinoma	O
-	O
derived	O
cell	O
lines	O
and	O
41	O
primary	O
OSCs	O
were	O
evaluated	O
for	O
NF1	O
alterations	O
.	O
Markedly	O
reduced	O
or	O
absent	O
expression	O
of	O
Nf1	O
protein	O
was	O
observed	O
in	O
6	O
of	O
the	O
18	O
cell	O
lines	O
,	O
and	O
using	O
the	O
protein	O
truncation	O
test	O
and	O
sequencing	O
of	O
cDNA	O
and	O
genomic	O
DNA	O
,	O
NF1	O
mutations	O
resulting	O
in	O
deletion	O
of	O
exons	O
and	O
/	O
or	O
aberrant	O
splicing	O
of	O
NF1	O
transcripts	O
were	O
detected	O
in	O
5	O
of	O
the	O
6	O
cell	O
lines	O
with	O
loss	O
of	O
NF1	O
expression	O
.	O
Similarly	O
,	O
NF1	O
alterations	O
including	O
homozygous	O
deletions	O
and	O
splicing	O
mutations	O
were	O
identified	O
in	O
9	O
(	O
22	O
%	O
)	O
of	O
41	O
primary	O
OSCs	O
.	O
As	O
expected	O
,	O
tumors	O
and	O
cell	O
lines	O
with	O
NF1	O
defects	O
lacked	O
mutations	O
in	O
KRAS	O
or	O
BRAF	O
but	O
showed	O
Ras	O
pathway	O
activation	O
based	O
on	O
immunohistochemical	O
detection	O
of	O
phosphorylated	O
MAPK	O
(	O
primary	O
tumors	O
)	O
or	O
increased	O
levels	O
of	O
GTP	B
-	O
bound	O
Ras	O
(	O
cell	O
lines	O
)	O
.	O
The	O
TP53	O
tumor	O
-	O
suppressor	O
gene	O
was	O
mutated	O
in	O
all	O
OSCs	O
with	O
documented	O
NF1	O
mutation	O
,	O
suggesting	O
that	O
the	O
pathways	O
regulated	O
by	O
these	O
two	O
tumor	O
-	O
suppressor	O
proteins	O
often	O
cooperate	O
in	O
the	O
development	O
of	O
ovarian	O
carcinomas	O
with	O
serous	O
differentiation	O
.	O

The	O
melanocortin	O
system	O
is	O
crucial	O
to	O
regulation	O
of	O
energy	O
homeostasis	O
.	O
The	O
melanocortin	O
receptor	O
type	O
4	O
(	O
MC4R	O
)	O
modulates	O
insulin	O
signaling	O
via	O
effects	O
on	O
c	O
-	O
Jun	O
N	O
-	O
terminal	O
kinase	O
(	O
JNK	O
)	O
.	O
The	O
melanocortin	O
agonist	O
NDP	B
-	I
MSH	I
dose	O
-	O
dependently	O
inhibited	O
JNK	O
activity	O
in	O
HEK293	O
cells	O
stably	O
expressing	O
the	O
human	O
MC4R	O
;	O
effects	O
were	O
reversed	O
by	O
melanocortin	O
receptor	O
antagonist	O
.	O
NDP	B
-	I
MSH	I
time	O
-	O
and	O
dose	O
-	O
dependently	O
inhibited	O
IRS	O
-	O
1	O
(	O
ser307	O
)	O
phosphorylation	O
,	O
effects	O
also	O
reversed	O
by	O
a	O
specific	O
melanocortin	O
receptor	O
antagonist	O
.	O
NDP	B
-	I
MSH	I
augmented	O
insulin	O
-	O
stimulated	O
AKT	O
phosphorylation	O
in	O
vitro	O
.	O
The	O
melanocortin	O
agonist	O
melanotan	B
II	I
increased	O
insulin	O
-	O
stimulated	O
AKT	O
phosphorylation	O
in	O
the	O
rat	O
hypothalamus	O
in	O
vivo	O
.	O
NDP	B
-	I
MSH	I
increased	O
insulin	O
-	O
stimulated	O
glucose	B
uptake	O
in	O
hypothalamic	O
GT1	O
-	O
1	O
cells	O
.	O
The	O
current	O
study	O
shows	O
that	O
the	O
melanocortinergic	O
system	O
interacts	O
with	O
insulin	O
signaling	O
via	O
novel	O
effects	O
on	O
JNK	O
activity	O
.	O

The	O
association	O
between	O
tranexamic	B
acid	I
and	O
convulsive	O
seizures	O
after	O
cardiac	O
surgery	O
:	O
a	O
multivariate	O
analysis	O
in	O
11	O
529	O
patients	O
.	O

Because	O
of	O
a	O
lack	O
of	O
contemporary	O
data	O
regarding	O
seizures	O
after	O
cardiac	O
surgery	O
,	O
we	O
undertook	O
a	O
retrospective	O
analysis	O
of	O
prospectively	O
collected	O
data	O
from	O
11	O
529	O
patients	O
in	O
whom	O
cardiopulmonary	O
bypass	O
was	O
used	O
from	O
January	O
2004	O
to	O
December	O
2010	O
.	O
A	O
convulsive	O
seizure	O
was	O
defined	O
as	O
a	O
transient	O
episode	O
of	O
disturbed	O
brain	O
function	O
characterised	O
by	O
abnormal	O
involuntary	O
motor	O
movements	O
.	O
Multivariate	O
regression	O
analysis	O
was	O
performed	O
to	O
identify	O
independent	O
predictors	O
of	O
postoperative	O
seizures	O
.	O
A	O
total	O
of	O
100	O
(	O
0	O
.	O
9	O
%	O
)	O
patients	O
developed	O
postoperative	O
convulsive	O
seizures	O
.	O
Generalised	O
and	O
focal	O
seizures	O
were	O
identified	O
in	O
68	O
and	O
32	O
patients	O
,	O
respectively	O
.	O
The	O
median	O
(	O
IQR	O
[	O
range	O
]	O
)	O
time	O
after	O
surgery	O
when	O
the	O
seizure	O
occurred	O
was	O
7	O
(	O
6	O
-	O
12	O
[	O
1	O
-	O
216	O
]	O
)	O
h	O
and	O
8	O
(	O
6	O
-	O
11	O
[	O
4	O
-	O
18	O
]	O
)	O
h	O
,	O
respectively	O
.	O
Epileptiform	O
findings	O
on	O
electroencephalography	O
were	O
seen	O
in	O
19	O
patients	O
.	O
Independent	O
predictors	O
of	O
postoperative	O
seizures	O
included	O
age	O
,	O
female	O
sex	O
,	O
redo	O
cardiac	O
surgery	O
,	O
calcification	O
of	O
ascending	O
aorta	O
,	O
congestive	O
heart	O
failure	O
,	O
deep	O
hypothermic	O
circulatory	O
arrest	O
,	O
duration	O
of	O
aortic	O
cross	O
-	O
clamp	O
and	O
tranexamic	B
acid	I
.	O
When	O
tested	O
in	O
a	O
multivariate	O
regression	O
analysis	O
,	O
tranexamic	B
acid	I
was	O
a	O
strong	O
independent	O
predictor	O
of	O
seizures	O
(	O
OR	O
14	O
.	O
3	O
,	O
95	O
%	O
CI	O
5	O
.	O
5	O
-	O
36	O
.	O
7	O
;	O
p	O
<	O
0	O
.	O
001	O
)	O
.	O
Patients	O
with	O
convulsive	O
seizures	O
had	O
2	O
.	O
5	O
times	O
higher	O
in	O
-	O
hospital	O
mortality	O
rates	O
and	O
twice	O
the	O
length	O
of	O
hospital	O
stay	O
compared	O
with	O
patients	O
without	O
convulsive	O
seizures	O
.	O
Mean	O
(	O
IQR	O
[	O
range	O
]	O
)	O
length	O
of	O
stay	O
in	O
the	O
intensive	O
care	O
unit	O
was	O
115	O
(	O
49	O
-	O
228	O
[	O
32	O
-	O
481	O
]	O
)	O
h	O
in	O
patients	O
with	O
convulsive	O
seizures	O
compared	O
with	O
26	O
(	O
22	O
-	O
69	O
[	O
14	O
-	O
1080	O
]	O
)	O
h	O
in	O
patients	O
without	O
seizures	O
(	O
p	O
<	O
0	O
.	O
001	O
)	O
.	O
Convulsive	O
seizures	O
are	O
a	O
serious	O
postoperative	O
complication	O
after	O
cardiac	O
surgery	O
.	O
As	O
tranexamic	B
acid	I
is	O
the	O
only	O
modifiable	O
factor	O
,	O
its	O
administration	O
,	O
particularly	O
in	O
doses	O
exceeding	O
80	O
mg	O
.	O
kg	O
(	O
-	O
1	O
)	O
,	O
should	O
be	O
weighed	O
against	O
the	O
risk	O
of	O
postoperative	O
seizures	O
.	O

Cisplatin	B
induces	O
tolerogenic	O
dendritic	O
cells	O
in	O
response	O
to	O
TLR	O
agonists	O
via	O
the	O
abundant	O
production	O
of	O
IL	O
-	O
10	O
,	O
thereby	O
promoting	O
Th2	O
-	O
and	O
Tr1	O
-	O
biased	O
T	O
-	O
cell	O
immunity	O
.	O

Although	O
many	O
advantageous	O
roles	O
of	O
cisplatin	B
(	O
cis	B
-	I
diamminedichloroplatinum	I
(	O
II	O
)	O
,	O
CDDP	B
)	O
have	O
been	O
reported	O
in	O
cancer	O
therapy	O
,	O
the	O
immunomodulatory	O
roles	O
of	O
cisplatin	B
in	O
the	O
phenotypic	O
and	O
functional	O
alterations	O
of	O
dendritic	O
cells	O
(	O
DCs	O
)	O
are	O
poorly	O
understood	O
.	O
Here	O
,	O
we	O
investigated	O
the	O
effect	O
of	O
cisplatin	B
on	O
the	O
functionality	O
of	O
DCs	O
and	O
the	O
changes	O
in	O
signaling	O
pathways	O
activated	O
upon	O
toll	O
-	O
like	O
receptor	O
(	O
TLR	O
)	O
stimulation	O
.	O
Cisplatin	B
-	O
treated	O
DCs	O
down	O
-	O
regulated	O
the	O
expression	O
of	O
cell	O
surface	O
molecules	O
(	O
CD80	O
,	O
CD86	O
,	O
MHC	O
class	O
I	O
and	O
II	O
)	O
and	O
up	O
-	O
regulated	O
endocytic	O
capacity	O
in	O
a	O
dose	O
-	O
dependent	O
manner	O
.	O
Upon	O
stimulation	O
with	O
various	O
TLR	O
agonists	O
,	O
cisplatin	B
-	O
treated	O
DCs	O
showed	O
markedly	O
increased	O
IL	O
-	O
10	O
production	O
through	O
activation	O
of	O
the	O
p38	O
MAPK	O
and	O
NF	O
-	O
kappaB	O
signaling	O
pathways	O
without	O
altering	O
the	O
levels	O
of	O
TNF	O
-	O
alpha	O
and	O
IL	O
-	O
12p70	O
,	O
indicating	O
the	O
cisplatin	B
-	O
mediated	O
induction	O
of	O
tolerogenic	O
DCs	O
.	O
This	O
effect	O
was	O
dependent	O
on	O
the	O
production	O
of	O
IL	O
-	O
10	O
from	O
DCs	O
,	O
as	O
neither	O
DCs	O
isolated	O
from	O
IL	O
-	O
10	O
-	O
/	O
-	O
mice	O
nor	O
IL	O
-	O
10	O
-	O
neutralized	O
DCs	O
generated	O
tolerogenic	O
DCs	O
.	O
Interestingly	O
,	O
DCs	O
that	O
were	O
co	O
-	O
treated	O
with	O
cisplatin	B
and	O
lipopolysaccharide	B
(	O
LPS	B
)	O
exhibited	O
a	O
decreased	O
immunostimulatory	O
capacity	O
for	O
inducing	O
the	O
proliferation	O
of	O
Th1	O
-	O
and	O
Th17	O
-	O
type	O
T	O
cells	O
;	O
instead	O
,	O
these	O
DCs	O
contributed	O
to	O
Th2	O
-	O
type	O
T	O
cell	O
immunity	O
.	O
Furthermore	O
,	O
in	O
vitro	O
and	O
in	O
vivo	O
investigations	O
revealed	O
a	O
unique	O
T	O
cell	O
population	O
,	O
IL	O
-	O
10	O
-	O
producing	O
CD3	O
+	O
CD4	O
+	O
LAG	O
-	O
3	O
+	O
CD49b	O
+	O
CD25	O
-	O
Foxp3	O
-	O
Tr1	O
cells	O
,	O
that	O
was	O
significantly	O
increased	O
without	O
altering	O
the	O
Foxp3	O
+	O
regulatory	O
T	O
cell	O
population	O
.	O
Taken	O
together	O
,	O
our	O
results	O
suggest	O
that	O
cisplatin	B
induces	O
immune	O
-	O
suppressive	O
tolerogenic	O
DCs	O
in	O
TLR	B
agonist	I
-	O
induced	O
inflammatory	O
conditions	O
via	O
abundant	O
IL	O
-	O
10	O
production	O
,	O
thereby	O
skewing	O
Th	O
cell	O
differentiation	O
towards	O
Th2	O
and	O
Tr1	O
cells	O
.	O
This	O
relationship	O
may	O
provide	O
cancer	O
cells	O
with	O
an	O
opportunity	O
to	O
evade	O
the	O
immune	O
system	O
.	O

Hsp90beta	O
is	O
involved	O
in	O
the	O
development	O
of	O
high	O
salt	B
-	O
diet	O
-	O
induced	O
nephropathy	O
via	O
interaction	O
with	O
various	O
signalling	O
proteins	O
.	O

A	O
high	O
-	O
salt	B
diet	O
often	O
leads	O
to	O
a	O
local	O
intrarenal	O
increase	O
in	O
renal	O
hypoxia	O
and	O
oxidative	O
stress	O
,	O
which	O
are	O
responsible	O
for	O
an	O
excess	O
production	O
of	O
pathogenic	O
substances	O
.	O
Here	O
,	O
Wistar	O
Kyoto	O
/	O
spontaneous	O
hypertensive	O
(	O
WKY	O
/	O
SHR	O
)	O
rats	O
fed	O
a	O
high	O
-	O
salt	B
diet	O
developed	O
severe	O
proteinuria	O
,	O
resulting	O
from	O
pronounced	O
renal	O
inflammation	O
,	O
fibrosis	O
and	O
tubular	O
epithelial	O
cell	O
apoptosis	O
.	O
All	O
these	O
were	O
mainly	O
non	O
-	O
pressure	O
-	O
related	O
effects	O
.	O
Hsp90beta	O
,	O
TGF	O
-	O
beta	O
,	O
HIF	O
-	O
1alpha	O
,	O
TNF	O
-	O
alpha	O
,	O
IL	O
-	O
6	O
and	O
MCP	O
-	O
1	O
were	O
shown	O
to	O
be	O
highly	O
expressed	O
in	O
response	O
to	O
salt	B
loading	O
.	O
Next	O
,	O
we	O
found	O
that	O
Hsp90beta	O
might	O
play	O
the	O
key	O
role	O
in	O
non	O
-	O
pressure	O
-	O
related	O
effects	O
of	O
salt	B
loading	O
through	O
a	O
series	O
of	O
cellular	O
signalling	O
events	O
,	O
including	O
the	O
NF	O
-	O
kappaB	O
,	O
p38	O
activation	O
and	O
Bcl	O
-	O
2	O
inactivation	O
.	O
Hsp90beta	O
was	O
previously	O
proven	O
to	O
regulate	O
the	O
upstream	O
mediators	O
in	O
multiple	O
cellular	O
signalling	O
cascades	O
through	O
stabilizing	O
and	O
maintaining	O
their	O
activities	O
.	O
In	O
our	O
study	O
,	O
17	B
-	I
dimethylaminoethylamino	I
-	I
17	B
-	I
demethoxygeldanamycin	I
(	O
17	B
-	I
DMAG	I
)	O
or	O
Hsp90beta	O
knockdown	O
dramatically	O
alleviated	O
the	O
high	O
-	O
salt	B
-	O
diet	O
-	O
induced	O
proteinuria	O
and	O
renal	O
damage	O
without	O
altering	O
blood	O
pressure	O
significantly	O
,	O
when	O
it	O
reversed	O
activations	O
of	O
NF	O
-	O
kappaB	O
,	O
mTOR	O
and	O
p38	O
signalling	O
cascades	O
.	O
Meanwhile	O
,	O
Co	O
-	O
IP	O
results	O
demonstrated	O
that	O
Hsp90beta	O
could	O
interact	O
with	O
and	O
stabilize	O
TAK1	O
,	O
AMPKalpha	O
,	O
IKKalpha	O
/	O
beta	O
,	O
HIF	O
-	O
1alpha	O
and	O
Raptor	O
,	O
whereas	O
Hsp90beta	O
inhibition	O
disrupted	O
this	O
process	O
.	O
In	O
addition	O
,	O
Hsp90beta	O
inhibition	O
-	O
mediated	O
renal	O
improvements	O
also	O
accompanied	O
the	O
reduction	O
of	O
renal	O
oxidative	O
stress	O
.	O
In	O
conclusion	O
,	O
salt	B
loading	O
indeed	O
exhibited	O
non	O
-	O
pressure	O
-	O
related	O
impacts	O
on	O
proteinuria	O
and	O
renal	O
dysfunction	O
in	O
WKY	O
/	O
SHR	O
rats	O
.	O
Hsp90beta	O
inhibition	O
caused	O
the	O
destabilization	O
of	O
upstream	O
mediators	O
in	O
various	O
pathogenic	O
signalling	O
events	O
,	O
thereby	O
effectively	O
ameliorating	O
this	O
nephropathy	O
owing	O
to	O
renal	O
hypoxia	O
and	O
oxidative	O
stress	O
.	O

Liver	O
metastases	O
from	O
colorectal	O
cancer	O
(	O
CRC	O
)	O
are	O
a	O
clinically	O
significant	O
problem	O
.	O
The	O
renin	O
-	O
angiotensin	O
system	O
is	O
involved	O
in	O
tumor	O
growth	O
and	O
metastases	O
.	O
This	O
study	O
was	O
designed	O
to	O
evaluate	O
the	O
role	O
of	O
angiotensin	O
II	O
subtype	O
receptor	O
1a	O
(	O
AT1a	O
)	O
in	O
the	O
formation	O
of	O
liver	O
metastasis	O
in	O
CRC	O
.	O
A	O
model	O
of	O
liver	O
metastasis	O
was	O
developed	O
by	O
intrasplenic	O
injection	O
of	O
mouse	O
colon	O
cancer	O
(	O
CMT	O
-	O
93	O
)	O
into	O
AT1a	O
knockout	O
mice	O
(	O
AT1aKO	O
)	O
and	O
wild	O
-	O
type	O
(	O
C57BL	O
/	O
6	O
)	O
mice	O
(	O
WT	O
)	O
.	O
Compared	O
with	O
WT	O
mice	O
,	O
the	O
liver	O
weight	O
and	O
liver	O
metastatic	O
rate	O
were	O
significantly	O
lower	O
in	O
AT1aKO	O
.	O
The	O
mRNA	O
levels	O
of	O
CD31	O
,	O
transforming	O
growth	O
factor	O
-	O
b1	O
(	O
TGF	O
-	O
b1	O
)	O
,	O
and	O
F4	O
/	O
80	O
were	O
suppressed	O
in	O
AT1aKO	O
compared	O
with	O
WT	O
.	O
Double	O
immunofluorescence	O
analysis	O
showed	O
that	O
the	O
number	O
of	O
accumulated	O
F4	O
/	O
80	O
(	O
+	O
)	O
cells	O
expressing	O
TGF	O
-	O
b1	O
in	O
metastatic	O
areas	O
was	O
higher	O
in	O
WT	O
than	O
in	O
AT1aKO	O
.	O
The	O
AT1aKO	O
bone	O
marrow	O
(	O
BM	O
)	O
(	O
AT1aKO	O
-	O
BM	O
)	O
>	O
WT	O
showed	O
suppressed	O
formation	O
of	O
liver	O
metastasis	O
compared	O
with	O
WT	O
-	O
BM	O
>	O
WT	O
.	O
However	O
,	O
the	O
formation	O
of	O
metastasis	O
was	O
further	O
suppressed	O
in	O
WT	O
-	O
BM	O
>	O
AT1aKO	O
compared	O
with	O
AT1aKO	O
-	O
BM	O
>	O
WT	O
.	O
In	O
addition	O
,	O
accumulated	O
F4	O
/	O
80	O
(	O
+	O
)	O
cells	O
in	O
the	O
liver	O
metastasis	O
were	O
not	O
BM	O
-	O
derived	O
F4	O
/	O
80	O
(	O
+	O
)	O
cells	O
,	O
but	O
mainly	O
resident	O
hepatic	O
F4	O
/	O
80	O
(	O
+	O
)	O
cells	O
,	O
and	O
these	O
resident	O
hepatic	O
F4	O
/	O
80	O
(	O
+	O
)	O
cells	O
were	O
positive	O
for	O
TGF	O
-	O
b1	O
.	O
Angiotensin	O
II	O
enhanced	O
TGF	O
-	O
b1	O
expression	O
in	O
Kupffer	O
cells	O
.	O
Treatment	O
of	O
WT	O
with	O
clodronate	B
liposomes	O
suppressed	O
liver	O
metastasis	O
by	O
diminishing	O
TGF	O
-	O
b1	O
(	O
+	O
)	O
F4	O
/	O
80	O
(	O
+	O
)	O
cells	O
accumulation	O
.	O
The	O
formation	O
of	O
liver	O
metastasis	O
correlated	O
with	O
collagen	O
deposition	O
in	O
the	O
metastatic	O
area	O
,	O
which	O
was	O
dependent	O
on	O
AT1a	O
signaling	O
.	O
These	O
results	O
suggested	O
that	O
resident	O
hepatic	O
macrophages	O
induced	O
liver	O
metastasis	O
formation	O
by	O
induction	O
of	O
TGF	O
-	O
b1	O
through	O
AT1a	O
signaling	O
.	O

BACKGROUND	O
:	O
Familial	O
partial	O
lipodystrophy	O
(	O
Dunnigan	O
)	O
type	O
3	O
(	O
FPLD3	O
,	O
Mendelian	O
Inheritance	O
in	O
Man	O
[	O
MIM	O
]	O
604367	O
)	O
results	O
from	O
heterozygous	O
mutations	O
in	O
PPARG	O
encoding	O
peroxisomal	O
proliferator	O
-	O
activated	O
receptor	O
-	O
gamma	O
.	O
Both	O
dominant	O
-	O
negative	O
and	O
haploinsufficiency	O
mechanisms	O
have	O
been	O
suggested	O
for	O
this	O
condition	O
.	O
METHODS	O
:	O
We	O
present	O
a	O
Canadian	O
FPLD3	O
kindred	O
with	O
an	O
affected	O
mother	O
who	O
had	O
loss	O
of	O
fat	O
on	O
arms	O
and	O
legs	O
,	O
but	O
no	O
increase	O
in	O
facial	O
,	O
neck	O
,	O
suprascapular	O
or	O
abdominal	O
fat	O
.	O
She	O
had	O
profound	O
insulin	O
resistance	O
,	O
diabetes	O
,	O
severe	O
hypertriglyceridemia	O
and	O
relapsing	O
pancreatitis	O
,	O
while	O
her	O
pre	O
-	O
pubescent	O
daughter	O
had	O
normal	O
fat	O
distribution	O
but	O
elevated	O
plasma	O
triglycerides	B
and	O
C	B
-	I
peptide	I
and	O
depressed	O
high	B
-	I
density	I
lipoprotein	I
cholesterol	I
.	O
RESULTS	O
:	O
The	O
mother	O
and	O
daughter	O
were	O
each	O
heterozygous	O
for	O
PPARG	O
nonsense	O
mutation	O
Y355X	O
,	O
whose	O
protein	O
product	O
in	O
vitro	O
was	O
transcriptionally	O
inactive	O
with	O
no	O
dominant	O
-	O
negative	O
activity	O
against	O
the	O
wild	O
-	O
type	O
receptor	O
.	O
In	O
addition	O
the	O
mutant	O
protein	O
appeared	O
to	O
be	O
markedly	O
unstable	O
.	O
CONCLUSION	O
:	O
Taken	O
together	O
with	O
previous	O
studies	O
of	O
human	O
PPARG	O
mutations	O
,	O
these	O
findings	O
suggest	O
that	O
PPAR	O
-	O
gamma	O
deficiency	O
due	O
either	O
to	O
haploinsufficiency	O
or	O
to	O
substantial	O
activity	O
loss	O
due	O
to	O
dominant	O
negative	O
interference	O
of	O
the	O
normal	O
allele	O
product	O
'	O
s	O
function	O
can	O
each	O
contribute	O
to	O
the	O
FPLD3	O
phenotype	O
.	O

Catechol	O
-	O
O	O
-	O
methyltransferase	O
(	O
COMT	O
)	O
catalyzes	O
the	O
breakdown	O
of	O
catechol	B
neurotransmitters	I
,	O
including	O
dopamine	B
,	O
which	O
plays	O
a	O
prominent	O
role	O
in	O
drug	O
reward	O
.	O
A	O
common	O
single	O
nucleotide	O
polymorphism	O
(	O
SNP	O
)	O
,	O
G472A	O
,	O
codes	O
for	O
a	O
Val158Met	O
substitution	O
and	O
results	O
in	O
a	O
fourfold	O
down	O
regulation	O
of	O
enzyme	O
activity	O
.	O
We	O
sequenced	O
exon	O
IV	O
of	O
COMT	O
gene	O
in	O
search	O
for	O
novel	O
polymorphisms	O
and	O
then	O
genotyped	O
four	O
out	O
of	O
five	O
identified	O
by	O
direct	O
sequencing	O
,	O
using	O
TaqMan	O
assay	O
on	O
266	O
opioid	B
-	O
dependent	O
and	O
173	O
control	O
subjects	O
.	O
Genotype	O
frequencies	O
of	O
the	O
G472A	O
SNP	O
varied	O
significantly	O
(	O
P	O
=	O
0	O
.	O
029	O
)	O
among	O
the	O
three	O
main	O
ethnic	O
/	O
cultural	O
groups	O
(	O
Caucasians	O
,	O
Hispanics	O
,	O
and	O
African	O
Americans	O
)	O
.	O
Using	O
a	O
genotype	O
test	O
,	O
we	O
found	O
a	O
trend	O
to	O
point	O
-	O
wise	O
association	O
(	O
P	O
=	O
0	O
.	O
053	O
)	O
of	O
the	O
G472A	O
SNP	O
in	O
Hispanic	O
subjects	O
with	O
opiate	O
addiction	O
.	O
Further	O
analysis	O
of	O
G472A	O
genotypes	O
in	O
Hispanic	O
subjects	O
with	O
data	O
stratified	O
by	O
gender	O
identified	O
a	O
point	O
-	O
wise	O
significant	O
(	O
P	O
=	O
0	O
.	O
049	O
)	O
association	O
of	O
G	O
/	O
A	O
and	O
A	O
/	O
A	O
genotypes	O
with	O
opiate	O
addiction	O
in	O
women	O
,	O
but	O
not	O
men	O
.	O
These	O
point	O
-	O
wise	O
significant	O
results	O
are	O
not	O
significant	O
experiment	O
-	O
wise	O
(	O
at	O
P	O
<	O
0	O
.	O
05	O
)	O
after	O
correction	O
for	O
multiple	O
testing	O
.	O
No	O
significant	O
association	O
was	O
found	O
with	O
haplotypes	O
of	O
the	O
three	O
most	O
common	O
SNPs	O
.	O
Linkage	O
disequilibrium	O
patterns	O
were	O
similar	O
for	O
the	O
three	O
ethnic	O
/	O
cultural	O
groups	O
.	O

Seizures	O
associated	O
with	O
levofloxacin	B
:	O
case	O
presentation	O
and	O
literature	O
review	O
.	O

PURPOSE	O
:	O
We	O
present	O
a	O
case	O
of	O
a	O
patient	O
who	O
developed	O
seizures	O
shortly	O
after	O
initiating	O
treatment	O
with	O
levofloxacin	B
and	O
to	O
discuss	O
the	O
potential	O
drug	O
-	O
drug	O
interactions	O
related	O
to	O
the	O
inhibition	O
of	O
cytochrome	O
P450	O
(	O
CYP	O
)	O
1A2	O
in	O
this	O
case	O
,	O
as	O
well	O
as	O
in	O
other	O
cases	O
,	O
of	O
levofloxacin	B
-	O
induced	O
seizures	O
.	O
METHODS	O
:	O
Several	O
biomedical	O
databases	O
were	O
searched	O
including	O
MEDLINE	O
,	O
Cochrane	O
and	O
Ovid	O
.	O
The	O
main	O
search	O
terms	O
utilized	O
were	O
case	O
report	O
and	O
levofloxacin	B
.	O
The	O
search	O
was	O
limited	O
to	O
studies	O
published	O
in	O
English	O
.	O
RESULTS	O
:	O
Six	O
cases	O
of	O
levofloxacin	B
-	O
induced	O
seizures	O
have	O
been	O
reported	O
in	O
the	O
literature	O
.	O
Drug	O
-	O
drug	O
interactions	O
related	O
to	O
the	O
inhibition	O
of	O
CYP1A2	O
by	O
levofloxacin	B
are	O
likely	O
involved	O
in	O
the	O
clinical	O
outcome	O
of	O
these	O
cases	O
.	O
CONCLUSIONS	O
:	O
Clinicians	O
are	O
exhorted	O
to	O
pay	O
close	O
attention	O
when	O
initiating	O
levofloxacin	B
therapy	O
in	O
patients	O
taking	O
medications	O
with	O
epileptogenic	O
properties	O
that	O
are	O
CYP1A2	O
substrates	O
.	O

Fatal	O
carbamazepine	B
induced	O
fulminant	O
eosinophilic	O
(	O
hypersensitivity	O
)	O
myocarditis	O
:	O
emphasis	O
on	O
anatomical	O
and	O
histological	O
characteristics	O
,	O
mechanisms	O
and	O
genetics	O
of	O
drug	O
hypersensitivity	O
and	O
differential	O
diagnosis	O
.	O

The	O
most	O
severe	O
adverse	O
reactions	O
to	O
carbamazepine	B
have	O
been	O
observed	O
in	O
the	O
haemopoietic	O
system	O
,	O
the	O
liver	O
and	O
the	O
cardiovascular	O
system	O
.	O
A	O
frequently	O
fatal	O
,	O
although	O
exceptionally	O
rare	O
side	O
effect	O
of	O
carbamazepine	B
is	O
necrotizing	O
eosinophilic	O
(	O
hypersensitivity	O
)	O
myocarditis	O
.	O
We	O
report	O
a	O
case	O
of	O
hypersensitivity	O
myocarditis	O
secondary	O
to	O
administration	O
of	O
carbamazepine	B
.	O
Acute	O
hypersensitivity	O
myocarditis	O
was	O
not	O
suspected	O
clinically	O
,	O
and	O
the	O
diagnosis	O
was	O
made	O
post	O
-	O
mortem	O
.	O
Histology	O
revealed	O
diffuse	O
infiltration	O
of	O
the	O
myocardium	O
by	O
eosinophils	O
and	O
lymphocytes	O
with	O
myocyte	O
damage	O
.	O
Clinically	O
,	O
death	O
was	O
due	O
to	O
cardiogenic	O
shock	O
.	O
To	O
best	O
of	O
our	O
knowledge	O
this	O
is	O
the	O
second	O
case	O
of	O
fatal	O
carbamazepine	B
induced	O
myocarditis	O
reported	O
in	O
English	O
literature	O
.	O

Lipoprotein	O
glomerulopathy	O
(	O
LPG	O
)	O
is	O
a	O
rare	O
disease	O
characterized	O
by	O
the	O
presence	O
of	O
thrombuslike	O
deposition	O
in	O
markedly	O
dilated	O
glomerular	O
capillaries	O
and	O
is	O
often	O
accompanied	O
by	O
an	O
increased	O
serum	O
apolipoprotein	O
E	O
(	O
apoE	O
)	O
level	O
.	O
Several	O
gene	O
mutations	O
of	O
apoE	O
have	O
been	O
reported	O
to	O
be	O
associated	O
with	O
LPG	O
.	O
In	O
the	O
current	O
study	O
,	O
we	O
report	O
an	O
LPG	O
patient	O
with	O
a	O
novel	O
apoE	O
mutation	O
,	O
apoE	O
Osaka	O
.	O
The	O
patient	O
was	O
a	O
45	O
-	O
year	O
-	O
old	O
man	O
who	O
was	O
hospitalized	O
due	O
to	O
nephrotic	O
syndrome	O
.	O
Light	O
and	O
electron	O
microscopic	O
observations	O
of	O
renal	O
biopsy	O
clearly	O
showed	O
characteristic	O
findings	O
of	O
LPG	O
,	O
including	O
lamellate	O
thrombi	O
in	O
the	O
lumen	O
of	O
dilated	O
glomerular	O
capillaries	O
.	O
His	O
apoE	O
phenotype	O
was	O
apoE3	O
/	O
2	O
and	O
he	O
had	O
mild	O
dyslipidemia	O
with	O
a	O
mid	O
-	O
band	O
on	O
polyacrylamide	B
gel	O
electrophoresis	O
.	O
It	O
is	O
intriguing	O
that	O
the	O
serum	O
apoE	O
level	O
was	O
within	O
normal	O
limits	O
.	O
We	O
determined	O
the	O
sequence	O
of	O
the	O
apoE	O
gene	O
using	O
direct	O
sequencing	O
of	O
the	O
polymerase	O
chain	O
reaction	O
(	O
PCR	O
)	O
products	O
.	O
ApoE	O
gene	O
analysis	O
showed	O
a	O
nucleotide	O
substitution	O
of	O
G	O
to	O
C	O
at	O
codon	O
158	O
of	O
exon	O
4	O
.	O
This	O
mutation	O
denoted	O
an	O
amino	O
acid	O
substitution	O
of	O
arginine	O
residue	O
for	O
the	O
proline	O
residue	O
at	O
position	O
158	O
of	O
apoE	O
.	O
The	O
result	O
of	O
PCR	O
associated	O
with	O
restriction	O
fragment	O
length	O
polymorphism	O
analysis	O
also	O
suggested	O
that	O
this	O
mutation	O
is	O
heterozygous	O
.	O
It	O
is	O
possible	O
that	O
apoE	O
Osaka	O
mutation	O
causes	O
a	O
conformational	O
change	O
of	O
apoE	O
protein	O
and	O
affects	O
the	O
interaction	O
between	O
abnormal	O
apoE	O
-	O
containing	O
lipoproteins	O
and	O
the	O
endothelial	O
cells	O
of	O
glomerular	O
capillaries	O
.	O
The	O
precise	O
mechanism	O
of	O
LPG	O
related	O
with	O
apoE	O
Osaka	O
,	O
however	O
,	O
remains	O
to	O
be	O
elucidated	O
.	O

A	O
3	O
-	O
year	O
-	O
old	O
Chinese	O
boy	O
presented	O
with	O
prominent	O
clinical	O
features	O
of	O
malonic	O
aciduria	O
,	O
including	O
developmental	O
delay	O
,	O
short	O
stature	O
,	O
brain	O
abnormalities	O
and	O
massive	O
excretion	O
of	O
malonic	B
acid	I
and	O
methylmalonic	B
acid	I
.	O
Molecular	O
characterization	O
by	O
DNA	O
sequencing	O
analysis	O
and	O
multiplex	O
ligation	O
-	O
dependent	O
probe	O
amplification	O
of	O
the	O
MLYCD	O
gene	O
revealed	O
a	O
heterozygous	O
mutation	O
(	O
c	O
.	O
920T	O
>	O
G	O
,	O
p	O
.	O
Leu307Arg	O
)	O
in	O
the	O
patient	O
and	O
his	O
father	O
and	O
a	O
heterozygous	O
deletion	O
comprising	O
exon	O
1	O
in	O
the	O
patient	O
and	O
his	O
mother	O
.	O
The	O
missense	O
mutation	O
(	O
c	O
.	O
920T	O
>	O
G	O
)	O
was	O
not	O
found	O
in	O
100	O
healthy	O
controls	O
and	O
has	O
not	O
been	O
reported	O
previously	O
.	O
Our	O
findings	O
expand	O
the	O
number	O
of	O
reported	O
cases	O
and	O
add	O
a	O
novel	O
entry	O
to	O
the	O
repertoire	O
of	O
MLYCD	O
mutations	O
.	O

Sepsis	O
-	O
induced	O
changes	O
in	O
amino	O
acid	O
transporters	O
and	O
leucine	B
signaling	O
via	O
mTOR	O
in	O
skeletal	O
muscle	O
.	O

The	O
present	O
study	O
tested	O
the	O
hypothesis	O
that	O
sepsis	O
-	O
induced	O
leucine	B
(	O
Leu	B
)	O
resistance	O
in	O
skeletal	O
muscle	O
is	O
associated	O
with	O
a	O
down	O
-	O
regulation	O
of	O
amino	O
acid	O
transporters	O
important	O
in	O
regulating	O
Leu	B
flux	O
or	O
an	O
impairment	O
in	O
the	O
formation	O
of	O
the	O
Leu	B
-	O
sensitive	O
mTOR	O
-	O
Ragulator	O
complex	O
.	O
Sepsis	O
in	O
adult	O
male	O
rats	O
decreased	O
basal	O
protein	O
synthesis	O
in	O
gastrocnemius	O
,	O
associated	O
with	O
a	O
reduction	O
in	O
mTOR	O
activation	O
as	O
indicated	O
by	O
decreased	O
4E	O
-	O
BP1	O
and	O
S6K1	O
phosphorylation	O
.	O
The	O
ability	O
of	O
oral	O
Leu	B
to	O
increase	O
protein	O
synthesis	O
and	O
mTOR	O
kinase	O
after	O
1	O
h	O
was	O
largely	O
prevented	O
in	O
sepsis	O
.	O
Sepsis	O
increased	O
CAT1	O
,	O
LAT2	O
and	O
SNAT2	O
mRNA	O
content	O
two	O
-	O
to	O
fourfold	O
,	O
but	O
only	O
the	O
protein	O
content	O
for	O
CAT1	O
(	O
20	O
%	O
decrease	O
)	O
differed	O
significantly	O
.	O
Conversely	O
,	O
sepsis	O
decreased	O
the	O
proton	O
-	O
assisted	O
amino	O
acid	O
transporter	O
(	O
PAT	O
)	O
-	O
2	O
mRNA	O
by	O
60	O
%	O
,	O
but	O
without	O
a	O
coordinate	O
change	O
in	O
PAT2	O
protein	O
.	O
There	O
was	O
no	O
sepsis	O
or	O
Leu	B
effect	O
on	O
the	O
protein	O
content	O
for	O
RagA	O
-	O
D	O
,	O
LAMTOR	O
-	O
1	O
and	O
-	O
2	O
,	O
raptor	O
,	O
Rheb	O
or	O
mTOR	O
in	O
muscle	O
.	O
The	O
binding	O
of	O
mTOR	O
,	O
PRAS40	O
and	O
RagC	O
to	O
raptor	O
did	O
not	O
differ	O
for	O
control	O
and	O
septic	O
muscle	O
in	O
the	O
basal	O
condition	O
;	O
however	O
,	O
the	O
Leu	B
-	O
induced	O
decrease	O
in	O
PRAS40	O
raptor	O
and	O
increase	O
in	O
RagC	O
raptor	O
seen	O
in	O
control	O
muscle	O
was	O
absent	O
in	O
sepsis	O
.	O
The	O
intracellular	O
Leu	B
concentration	O
was	O
increased	O
in	O
septic	O
muscle	O
,	O
compared	O
to	O
basal	O
control	O
conditions	O
,	O
and	O
oral	O
Leu	B
further	O
increased	O
the	O
intracellular	O
Leu	B
concentration	O
similarly	O
in	O
both	O
control	O
and	O
septic	O
rats	O
.	O
Hence	O
,	O
while	O
alterations	O
in	O
select	O
amino	O
acid	O
transporters	O
are	O
not	O
associated	O
with	O
development	O
of	O
sepsis	O
-	O
induced	O
Leu	B
resistance	O
,	O
the	O
Leu	B
-	O
stimulated	O
binding	O
of	O
raptor	O
with	O
RagC	O
and	O
the	O
recruitment	O
of	O
mTOR	O
/	O
raptor	O
to	O
the	O
endosome	O
-	O
lysosomal	O
compartment	O
may	O
partially	O
explain	O
the	O
inability	O
of	O
Leu	B
to	O
fully	O
activate	O
mTOR	O
and	O
muscle	O
protein	O
synthesis	O
.	O

Star	O
-	O
PAP	O
is	O
a	O
noncanonical	O
poly	O
(	O
A	O
)	O
polymerase	O
and	O
required	O
for	O
the	O
expression	O
of	O
a	O
select	O
set	O
of	O
mRNAs	O
.	O
However	O
,	O
the	O
pathological	O
role	O
of	O
Star	O
-	O
PAP	O
in	O
cancer	O
largely	O
remains	O
unknown	O
.	O
In	O
this	O
study	O
,	O
we	O
observed	O
decreased	O
expression	O
of	O
Star	O
-	O
PAP	O
in	O
breast	O
cancer	O
cell	O
lines	O
and	O
tissues	O
.	O
Ectopic	O
Star	O
-	O
PAP	O
expression	O
inhibited	O
proliferation	O
as	O
well	O
as	O
colony	O
-	O
forming	O
ability	O
of	O
breast	O
cancer	O
cells	O
.	O
In	O
breast	O
cancer	O
patients	O
,	O
high	O
levels	O
of	O
Star	O
-	O
PAP	O
correlated	O
with	O
an	O
improved	O
prognosis	O
.	O
Moreover	O
,	O
by	O
regulating	O
the	O
expression	O
of	O
BIK	O
(	O
BCL2	O
-	O
interacting	O
killer	O
)	O
,	O
Star	O
-	O
PAP	O
induced	O
apoptosis	O
of	O
breast	O
cancer	O
cells	O
through	O
the	O
mitochondrial	O
pathway	O
.	O
The	O
growth	O
of	O
breast	O
cancer	O
xenografts	O
in	O
NOD	O
/	O
SCID	O
mice	O
was	O
also	O
inhibited	O
by	O
the	O
doxycycline	B
-	O
induced	O
Star	O
-	O
PAP	O
overexpression	O
.	O
Furthermore	O
,	O
Star	O
-	O
PAP	O
sensitized	O
breast	O
cancer	O
cells	O
to	O
chemotherapy	O
drugs	O
both	O
in	O
vitro	O
and	O
in	O
vivo	O
.	O
In	O
mammary	O
epithelial	O
cells	O
,	O
Star	O
-	O
PAP	O
knockdown	O
partially	O
transformed	O
these	O
cells	O
and	O
induced	O
them	O
to	O
undergo	O
epithelial	O
-	O
mesenchymal	O
transition	O
(	O
EMT	O
)	O
.	O
These	O
findings	O
suggested	O
that	O
Star	O
-	O
PAP	O
possesses	O
tumor	O
-	O
suppressing	O
activity	O
and	O
can	O
be	O
a	O
valuable	O
target	O
for	O
developing	O
new	O
cancer	O
therapeutic	O
strategies	O
.	O

Does	O
domperidone	B
potentiate	O
mirtazapine	B
-	O
associated	O
restless	O
legs	O
syndrome	O
?	O

There	O
is	O
now	O
evidence	O
to	O
suggest	O
a	O
central	O
role	O
for	O
the	O
dopaminergic	O
system	O
in	O
restless	O
legs	O
syndrome	O
(	O
RLS	O
)	O
.	O
For	O
example	O
,	O
the	O
symptoms	O
of	O
RLS	O
can	O
be	O
dramatically	O
improved	O
by	O
levodopa	B
and	O
dopamine	B
agonists	O
,	O
whereas	O
central	O
dopamine	B
D2	I
receptor	I
antagonists	I
can	O
induce	O
or	O
aggravate	O
RLS	O
symptoms	O
.	O
To	O
our	O
knowledge	O
,	O
there	O
is	O
no	O
previous	O
report	O
regarding	O
whether	O
domperidone	B
,	O
a	O
peripheral	O
dopamine	O
D2	O
receptor	O
antagonist	O
,	O
can	O
also	O
induce	O
or	O
aggravate	O
symptoms	O
of	O
RLS	O
.	O
Mirtazapine	B
,	O
the	O
first	O
noradrenergic	B
and	I
specific	I
serotonergic	I
antidepressant	I
(	O
NaSSA	B
)	O
,	O
has	O
been	O
associated	O
with	O
RLS	O
in	O
several	O
recent	O
publications	O
.	O
The	O
authors	O
report	O
here	O
a	O
depressed	O
patient	O
comorbid	O
with	O
postprandial	O
dyspepsia	O
who	O
developed	O
RLS	O
after	O
mirtazapine	B
had	O
been	O
added	O
to	O
his	O
domperidone	B
therapy	O
.	O
Our	O
patient	O
started	O
to	O
have	O
symptoms	O
of	O
RLS	O
only	O
after	O
he	O
had	O
been	O
treated	O
with	O
mirtazapine	B
,	O
and	O
his	O
RLS	O
symptoms	O
resolved	O
completely	O
upon	O
discontinuation	O
of	O
his	O
mirtazapine	B
.	O
Such	O
a	O
temporal	O
relationship	O
between	O
the	O
use	O
of	O
mirtazapine	B
and	O
the	O
symptoms	O
of	O
RLS	O
in	O
our	O
patient	O
did	O
not	O
support	O
a	O
potentiating	O
effect	O
of	O
domperione	B
on	O
mirtazapine	B
-	O
associated	O
RLS	O
.	O
However	O
,	O
physicians	O
should	O
be	O
aware	O
of	O
the	O
possibility	O
that	O
mirtazapine	B
can	O
be	O
associated	O
with	O
RLS	O
in	O
some	O
individuals	O
,	O
especially	O
those	O
receiving	O
concomitant	O
dopamine	B
D2	I
receptor	I
antagonists	I
.	O

BACKGROUND	O
:	O
The	O
effects	O
of	O
2	B
,	I
3	I
,	I
7	I
,	I
8	I
-	I
tetrachlorodibenzo	I
-	I
p	I
-	I
dioxin	I
and	O
related	O
dioxin	B
-	O
like	O
chemicals	O
are	O
mediated	O
through	O
binding	O
-	O
dependent	O
activation	O
of	O
the	O
cytosolic	O
aryl	O
hydrocarbon	O
receptor	O
(	O
AHR	O
)	O
.	O
The	O
human	O
AHR	O
is	O
a	O
low	O
-	O
affinity	O
receptor	O
relative	O
to	O
most	O
rodents	O
,	O
but	O
some	O
reports	O
suggest	O
that	O
there	O
may	O
be	O
individuals	O
with	O
polymorphic	O
high	O
-	O
affinity	O
receptors	O
,	O
thereby	O
possibly	O
increasing	O
the	O
sensitivity	O
to	O
dioxins	B
in	O
such	O
people	O
.	O
METHODS	O
:	O
Although	O
no	O
polymorphisms	O
have	O
been	O
reported	O
in	O
the	O
ligand	O
binding	O
region	O
of	O
the	O
AHR	O
in	O
the	O
over	O
100	O
reported	O
sequences	O
,	O
we	O
sequenced	O
108	O
additional	O
human	O
AHR	O
genes	O
in	O
an	O
effort	O
to	O
further	O
identify	O
single	O
single	O
nucleotide	O
polymorphisms	O
(	O
SNPs	O
)	O
within	O
the	O
open	O
reading	O
frames	O
of	O
the	O
AHR	O
locus	O
.	O
The	O
DNA	O
was	O
sequenced	O
from	O
six	O
ethnic	O
populations	O
that	O
included	O
Japanese	O
,	O
Chinese	O
,	O
European	O
/	O
Caucasian	O
,	O
African	O
-	O
American	O
,	O
South	O
East	O
Asian	O
,	O
and	O
Hispanic	O
.	O
RESULTS	O
:	O
Six	O
exonic	O
SNPs	O
were	O
identified	O
;	O
four	O
had	O
been	O
described	O
as	O
previously	O
reported	O
and	O
two	O
seem	O
to	O
be	O
novel	O
.	O
Four	O
of	O
the	O
SNPs	O
identified	O
lead	O
to	O
amino	O
acid	O
changes	O
in	O
the	O
AHR	O
protein	O
and	O
two	O
of	O
the	O
SNPs	O
lead	O
to	O
synonymous	O
substitutions	O
.	O
An	O
additional	O
four	O
SNPs	O
have	O
been	O
reported	O
elsewhere	O
that	O
were	O
not	O
identified	O
in	O
the	O
current	O
analysis	O
.	O
With	O
these	O
new	O
sequences	O
,	O
more	O
than	O
200	O
human	O
AHR	O
gene	O
sequences	O
have	O
been	O
analyzed	O
for	O
SNPs	O
.	O
CONCLUSION	O
:	O
The	O
results	O
indicate	O
a	O
very	O
limited	O
presence	O
of	O
polymorphisms	O
in	O
the	O
core	O
ligand	O
binding	O
region	O
of	O
the	O
human	O
AHR	O
.	O
Other	O
regions	O
,	O
such	O
as	O
the	O
transactivation	O
domain	O
,	O
seem	O
to	O
be	O
slightly	O
more	O
polymorphic	O
in	O
the	O
human	O
population	O
and	O
the	O
impact	O
on	O
functionality	O
should	O
be	O
further	O
examined	O
.	O

Permeability	O
,	O
ultrastructural	O
changes	O
,	O
and	O
distribution	O
of	O
novel	O
proteins	O
in	O
the	O
glomerular	O
barrier	O
in	O
early	O
puromycin	B
aminonucleoside	I
nephrosis	O
.	O

BACKGROUND	O
/	O
AIMS	O
:	O
It	O
is	O
still	O
unclear	O
what	O
happens	O
in	O
the	O
glomerulus	O
when	O
proteinuria	O
starts	O
.	O
Using	O
puromycin	B
aminonucleoside	I
nephrosis	O
(	O
PAN	O
)	O
rats	O
,	O
we	O
studied	O
early	O
ultrastructural	O
and	O
permeability	O
changes	O
in	O
relation	O
to	O
the	O
expression	O
of	O
the	O
podocyte	O
-	O
associated	O
molecules	O
nephrin	O
,	O
a	O
-	O
actinin	O
,	O
dendrin	O
,	O
and	O
plekhh2	O
,	O
the	O
last	O
two	O
of	O
which	O
were	O
only	O
recently	O
discovered	O
in	O
podocytes	O
.	O
METHODS	O
:	O
Using	O
immune	O
stainings	O
,	O
semiquantitative	O
measurement	O
was	O
performed	O
under	O
the	O
electron	O
microscope	O
.	O
Permeability	O
was	O
assessed	O
using	O
isolated	O
kidney	O
perfusion	O
with	O
tracers	O
.	O
Possible	O
effects	O
of	O
ACE	O
inhibition	O
were	O
tested	O
.	O
RESULTS	O
:	O
By	O
day	O
2	O
,	O
some	O
patchy	O
foot	O
process	O
effacement	O
,	O
but	O
no	O
proteinuria	O
,	O
appeared	O
.	O
The	O
amount	O
of	O
nephrin	O
was	O
reduced	O
in	O
both	O
diseased	O
and	O
normal	O
areas	O
.	O
The	O
other	O
proteins	O
showed	O
few	O
changes	O
,	O
which	O
were	O
limited	O
to	O
diseased	O
areas	O
.	O
By	O
day	O
4	O
,	O
foot	O
process	O
effacement	O
was	O
complete	O
and	O
proteinuria	O
appeared	O
in	O
parallel	O
with	O
signs	O
of	O
size	O
barrier	O
damage	O
.	O
Nephrin	O
decreased	O
further	O
,	O
while	O
dendrin	O
and	O
plekhh2	O
also	O
decreased	O
but	O
a	O
-	O
actinin	O
remained	O
unchanged	O
.	O
ACE	O
inhibition	O
had	O
no	O
significant	O
protective	O
effect	O
.	O
CONCLUSIONS	O
:	O
PAN	O
glomeruli	O
already	O
showed	O
significant	O
pathology	O
by	O
day	O
4	O
,	O
despite	O
relatively	O
mild	O
proteinuria	O
.	O
This	O
was	O
preceded	O
by	O
altered	O
nephrin	O
expression	O
,	O
supporting	O
its	O
pivotal	O
role	O
in	O
podocyte	O
morphology	O
.	O
The	O
novel	O
proteins	O
dendrin	O
and	O
plekhh2	O
were	O
both	O
reduced	O
,	O
suggesting	O
roles	O
in	O
PAN	O
,	O
whereas	O
a	O
-	O
actinin	O
was	O
unchanged	O
.	O

Resequencing	O
of	O
IRS2	O
reveals	O
rare	O
variants	O
for	O
obesity	O
but	O
not	O
fasting	O
glucose	B
homeostasis	O
in	O
Hispanic	O
children	O
.	O

Our	O
objective	O
was	O
to	O
resequence	O
insulin	O
receptor	O
substrate	O
2	O
(	O
IRS2	O
)	O
to	O
identify	O
variants	O
associated	O
with	O
obesity	O
-	O
and	O
diabetes	O
-	O
related	O
traits	O
in	O
Hispanic	O
children	O
.	O
Exonic	O
and	O
intronic	O
segments	O
,	O
5	O
'	O
and	O
3	O
'	O
flanking	O
regions	O
of	O
IRS2	O
(	O
14	O
.	O
5	O
kb	O
)	O
,	O
were	O
bidirectionally	O
sequenced	O
for	O
single	O
nucleotide	O
polymorphism	O
(	O
SNP	O
)	O
discovery	O
in	O
934	O
Hispanic	O
children	O
using	O
3730XL	O
DNA	O
Sequencers	O
.	O
Additionally	O
,	O
15	O
SNPs	O
derived	O
from	O
Illumina	O
HumanOmni1	O
-	O
Quad	O
BeadChips	O
were	O
analyzed	O
.	O
Measured	O
genotype	O
analysis	O
tested	O
associations	O
between	O
SNPs	O
and	O
obesity	O
and	O
diabetes	O
-	O
related	O
traits	O
.	O
Bayesian	O
quantitative	O
trait	O
nucleotide	O
analysis	O
was	O
used	O
to	O
statistically	O
infer	O
the	O
most	O
likely	O
functional	O
polymorphisms	O
.	O
A	O
total	O
of	O
140	O
SNPs	O
were	O
identified	O
with	O
minor	O
allele	O
frequencies	O
(	O
MAF	O
)	O
ranging	O
from	O
0	O
.	O
001	O
to	O
0	O
.	O
47	O
.	O
Forty	O
-	O
two	O
of	O
the	O
70	O
coding	O
SNPs	O
result	O
in	O
nonsynonymous	O
amino	O
acid	O
substitutions	O
relative	O
to	O
the	O
consensus	O
sequence	O
;	O
28	O
SNPs	O
were	O
detected	O
in	O
the	O
promoter	O
,	O
12	O
in	O
introns	O
,	O
28	O
in	O
the	O
3	O
'	O
-	O
UTR	O
,	O
and	O
2	O
in	O
the	O
5	O
'	O
-	O
UTR	O
.	O
Two	O
insertion	O
/	O
deletions	O
(	O
indels	O
)	O
were	O
detected	O
.	O
Ten	O
independent	O
rare	O
SNPs	O
(	O
MAF	O
=	O
0	O
.	O
001	O
-	O
0	O
.	O
009	O
)	O
were	O
associated	O
with	O
obesity	O
-	O
related	O
traits	O
(	O
P	O
=	O
0	O
.	O
01	O
-	O
0	O
.	O
00002	O
)	O
.	O
SNP	O
10510452_139	O
in	O
the	O
promoter	O
region	O
was	O
shown	O
to	O
have	O
a	O
high	O
posterior	O
probability	O
(	O
P	O
=	O
0	O
.	O
77	O
-	O
0	O
.	O
86	O
)	O
of	O
influencing	O
BMI	O
,	O
fat	O
mass	O
,	O
and	O
waist	O
circumference	O
in	O
Hispanic	O
children	O
.	O
SNP	O
10510452_139	O
contributed	O
between	O
2	O
and	O
4	O
%	O
of	O
the	O
population	O
variance	O
in	O
body	O
weight	O
and	O
composition	O
.	O
None	O
of	O
the	O
SNPs	O
or	O
indels	O
were	O
associated	O
with	O
diabetes	O
-	O
related	O
traits	O
or	O
accounted	O
for	O
a	O
previously	O
identified	O
quantitative	O
trait	O
locus	O
on	O
chromosome	O
13	O
for	O
fasting	O
serum	O
glucose	B
.	O
Rare	O
but	O
not	O
common	O
IRS2	O
variants	O
may	O
play	O
a	O
role	O
in	O
the	O
regulation	O
of	O
body	O
weight	O
but	O
not	O
an	O
essential	O
role	O
in	O
fasting	O
glucose	B
homeostasis	O
in	O
Hispanic	O
children	O
.	O

Takotsubo	O
syndrome	O
(	O
or	O
apical	O
ballooning	O
syndrome	O
)	O
secondary	O
to	O
Zolmitriptan	B
.	O

Takotsubo	O
syndrome	O
(	O
TS	O
)	O
,	O
also	O
known	O
as	O
broken	O
heart	O
syndrome	O
,	O
is	O
characterized	O
by	O
left	O
ventricle	O
apical	O
ballooning	O
with	O
elevated	O
cardiac	O
biomarkers	O
and	O
electrocardiographic	O
changes	O
suggestive	O
of	O
an	O
acute	O
coronary	O
syndrome	O
(	O
ie	O
,	O
ST	O
-	O
segment	O
elevation	O
,	O
T	O
wave	O
inversions	O
,	O
and	O
pathologic	O
Q	O
waves	O
)	O
.	O
We	O
report	O
a	O
case	O
of	O
54	O
-	O
year	O
-	O
old	O
woman	O
with	O
medical	O
history	O
of	O
mitral	O
valve	O
prolapse	O
and	O
migraines	O
,	O
who	O
was	O
admitted	O
to	O
the	O
hospital	O
for	O
substernal	O
chest	O
pain	O
and	O
electrocardiogram	O
demonstrated	O
1	O
/	O
2	O
mm	O
ST	O
-	O
segment	O
elevation	O
in	O
leads	O
II	O
,	O
III	O
,	O
aVF	O
,	O
V5	O
,	O
and	O
V6	O
and	O
positive	O
troponin	O
I	O
.	O
Emergent	O
coronary	O
angiogram	O
revealed	O
normal	O
coronary	O
arteries	O
with	O
moderately	O
reduced	O
left	O
ventricular	O
ejection	O
fraction	O
with	O
wall	O
motion	O
abnormalities	O
consistent	O
with	O
TS	O
.	O
Detailed	O
history	O
obtained	O
retrospectively	O
revealed	O
that	O
the	O
patient	O
took	O
zolmitriptan	B
sparingly	O
only	O
when	O
she	O
had	O
migraines	O
.	O
But	O
before	O
this	O
event	O
,	O
she	O
was	O
taking	O
zolmitriptan	B
2	O
-	O
3	O
times	O
daily	O
for	O
several	O
days	O
because	O
of	O
a	O
persistent	O
migraine	O
headache	O
.	O
She	O
otherwise	O
reported	O
that	O
she	O
is	O
quite	O
active	O
,	O
rides	O
horses	O
,	O
and	O
does	O
show	O
jumping	O
without	O
any	O
limitations	O
in	O
her	O
physical	O
activity	O
.	O
There	O
was	O
no	O
evidence	O
of	O
any	O
recent	O
stress	O
or	O
status	O
migrainosus	O
.	O
Extensive	O
literature	O
search	O
revealed	O
multiple	O
cases	O
of	O
coronary	O
artery	O
vasospasm	O
secondary	O
to	O
zolmitriptan	B
,	O
but	O
none	O
of	O
the	O
cases	O
were	O
associated	O
with	O
TS	O
.	O

Spirulina	O
lipopolysaccharides	B
inhibit	O
tumor	O
growth	O
in	O
a	O
Toll	O
-	O
like	O
receptor	O
4	O
-	O
dependent	O
manner	O
by	O
altering	O
the	O
cytokine	O
milieu	O
from	O
interleukin	O
-	O
17	O
/	O
interleukin	O
-	O
23	O
to	O
interferon	O
-	O
g	O
.	O

Th17	O
cells	O
and	O
the	O
cytokine	O
they	O
produce	O
,	O
interleukin	O
(	O
IL	O
)	O
-	O
17	O
,	O
play	O
an	O
important	O
role	O
in	O
tumor	O
progression	O
in	O
humans	O
and	O
in	O
mice	O
.	O
IL	O
-	O
6	O
and	O
IL	O
-	O
23	O
are	O
critical	O
cytokines	O
for	O
the	O
differentiation	O
and	O
propagation	O
of	O
Th17	O
cells	O
,	O
respectively	O
.	O
Bacterial	O
lipopolysaccharides	B
(	O
LPS	B
)	O
are	O
known	O
to	O
stimulate	O
immune	O
cells	O
to	O
produce	O
such	O
inflammatory	O
cytokines	O
.	O
Contrary	O
to	O
Escherichia	O
coli	O
(	O
E	O
.	O
coli	O
)	O
LPS	B
,	O
LPS	B
from	O
Spirulina	O
has	O
low	O
toxicity	O
and	O
barely	O
induces	O
in	O
vivo	O
production	O
of	O
IL	O
-	O
6	O
and	O
IL	O
-	O
23	O
in	O
mice	O
.	O
We	O
examined	O
the	O
antitumor	O
effects	O
of	O
Spirulina	O
LPS	B
compared	O
to	O
E	O
.	O
coli	O
LPS	B
in	O
an	O
MH134	O
hepatoma	O
model	O
.	O
Administration	O
of	O
Spirulina	O
LPS	B
suppressed	O
tumor	O
growth	O
in	O
C3H	O
/	O
HeN	O
mice	O
,	O
but	O
not	O
in	O
Toll	O
-	O
like	O
receptor	O
4	O
(	O
TLR4	O
)	O
-	O
mutant	O
C3H	O
/	O
HeJ	O
mice	O
,	O
by	O
reducing	O
serum	O
levels	O
of	O
IL	O
-	O
17	O
and	O
IL	O
-	O
23	O
,	O
while	O
increasing	O
interferon	O
(	O
IFN	O
)	O
-	O
g	O
levels	O
.	O
The	O
antitumor	O
activity	O
and	O
IFN	O
-	O
g	O
production	O
were	O
mediated	O
by	O
T	O
cells	O
.	O
Moreover	O
,	O
in	O
vitro	O
experiments	O
showed	O
that	O
Spirulina	O
LPS	B
impaired	O
the	O
antigen	O
-	O
presenting	O
function	O
that	O
supports	O
the	O
generation	O
of	O
IL	O
-	O
17	O
-	O
producing	O
cells	O
in	O
a	O
toll	O
-	O
like	O
receptor	O
(	O
TLR	O
)	O
4	O
-	O
dependent	O
manner	O
.	O
Of	O
note	O
,	O
injection	O
of	O
anti	O
-	O
IL	O
-	O
17	O
antibody	O
in	O
tumor	O
-	O
bearing	O
C3H	O
/	O
HeN	O
mice	O
in	O
the	O
absence	O
of	O
Spirulina	O
LPS	B
markedly	O
suppressed	O
tumor	O
growth	O
and	O
augmented	O
IFN	O
-	O
g	O
responses	O
.	O
Thus	O
,	O
our	O
results	O
support	O
the	O
notion	O
that	O
IFN	O
-	O
g	O
and	O
IL	O
-	O
17	O
/	O
IL	O
-	O
23	O
mutually	O
regulate	O
Th17	O
and	O
Th1	O
responses	O
in	O
tumor	O
-	O
bearing	O
hosts	O
,	O
and	O
Spirulina	O
LPS	B
modulates	O
the	O
balance	O
of	O
the	O
IFN	O
-	O
g	O
-	O
IL	O
-	O
17	O
/	O
IL	O
-	O
23	O
axis	O
towards	O
IFN	O
-	O
g	O
production	O
,	O
which	O
leads	O
to	O
tumor	O
inhibition	O
.	O
Furthermore	O
,	O
Spirulina	O
LPS	B
effectively	O
inhibited	O
the	O
spontaneous	O
development	O
of	O
mammary	O
tumors	O
.	O
This	O
study	O
has	O
important	O
implications	O
for	O
the	O
exploitation	O
of	O
TLR	O
-	O
based	O
immunomodulators	O
for	O
cancer	O
immunotherapy	O
.	O

Hypoxia	O
is	O
widely	O
accepted	O
as	O
a	O
fundamental	O
biological	O
phenomenon	O
,	O
which	O
is	O
strongly	O
associated	O
with	O
tissue	O
damage	O
and	O
cell	O
viability	O
under	O
stress	O
conditions	O
.	O
Insulin	O
-	O
like	O
growth	O
factor	O
-	O
1	O
(	O
IGF	O
-	O
1	O
)	O
is	O
known	O
to	O
protect	O
tissues	O
from	O
multiple	O
types	O
of	O
damage	O
,	O
and	O
protect	O
cells	O
from	O
apoptosis	O
.	O
Hypoxia	O
is	O
a	O
regulatory	O
factor	O
of	O
the	O
IGF	O
system	O
,	O
however	O
the	O
role	O
of	O
the	O
IGF	O
-	O
1	O
receptor	O
(	O
IGF	O
-	O
1R	O
)	O
in	O
hypoxia	O
-	O
induced	O
apoptosis	O
remains	O
unclear	O
.	O
The	O
present	O
study	O
investigated	O
the	O
potential	O
mechanisms	O
associated	O
with	O
IGF	O
-	O
1R	O
-	O
associated	O
apoptosis	O
under	O
hypoxic	O
conditions	O
.	O
Mouse	O
embryonic	O
fibroblasts	O
exhibiting	O
disruption	O
or	O
overexpression	O
of	O
IGF	O
-	O
1R	O
(	O
R	O
-	O
cells	O
and	O
R	O
+	O
cells	O
)	O
were	O
used	O
to	O
examine	O
the	O
level	O
of	O
apoptosis	O
,	O
autophagy	O
,	O
and	O
production	O
of	O
reactive	B
oxygen	I
species	I
(	O
ROS	B
)	O
.	O
The	O
autophagy	O
inhibitor	O
3	B
-	I
methyladenine	I
was	O
used	O
to	O
assess	O
the	O
effect	O
of	O
autophagy	O
on	O
ROS	B
production	O
and	O
apoptosis	O
under	O
hypoxic	O
conditions	O
.	O
A	O
potential	O
downstream	O
signaling	O
pathway	O
involving	O
phosphatidylinositol	O
3	O
-	O
kinase	O
(	O
PI3K	O
)	O
/	O
threonine	O
protein	O
kinase	O
B	O
(	O
Akt	O
)	O
/	O
mammalian	O
target	O
of	O
rapamycin	O
(	O
mTOR	O
)	O
was	O
identifiedby	O
western	O
blot	O
analysis	O
.	O
The	O
results	O
demonstrated	O
that	O
hypoxia	O
induced	O
apoptosis	O
,	O
increased	O
ROS	B
production	O
,	O
and	O
promoted	O
autophagy	O
in	O
a	O
time	O
-	O
dependent	O
manner	O
relative	O
to	O
that	O
observed	O
under	O
normoxia	O
.	O
R	O
+	O
cells	O
exhibited	O
a	O
lower	O
percentage	O
of	O
apoptotic	O
cells	O
,	O
lower	O
ROS	B
production	O
,	O
and	O
higher	O
levels	O
of	O
autophagy	O
when	O
compared	O
to	O
that	O
of	O
R	O
-	O
cells	O
.	O
In	O
addition	O
,	O
inhibition	O
of	O
autophagy	O
led	O
to	O
increased	O
ROS	B
production	O
and	O
a	O
higher	O
percentage	O
of	O
apoptotic	O
cells	O
in	O
the	O
two	O
cell	O
types	O
.	O
Furthermore	O
,	O
IGF	O
-	O
1R	O
is	O
related	O
with	O
PI3K	O
/	O
Akt	O
/	O
mTOR	O
signaling	O
pathway	O
and	O
enhanced	O
autophagy	O
-	O
associated	O
protein	O
expression	O
,	O
which	O
was	O
verified	O
following	O
treatment	O
with	O
the	O
PI3K	O
inhibitor	O
LY294002	B
.	O
These	O
results	O
indicated	O
that	O
IGF	O
-	O
1R	O
may	O
increase	O
cell	O
viability	O
under	O
hypoxic	O
conditions	O
by	O
promoting	O
autophagy	O
and	O
scavenging	O
ROS	B
production	O
,	O
which	O
is	O
closed	O
with	O
PI3K	O
/	O
Akt	O
/	O
mTOR	O
signaling	O
pathway	O
.	O

Increased	O
expression	O
and	O
apical	O
targeting	O
of	O
renal	O
ENaC	O
subunits	O
in	O
puromycin	B
aminonucleoside	I
-	O
induced	O
nephrotic	O
syndrome	O
in	O
rats	O
.	O

Nephrotic	O
syndrome	O
is	O
often	O
accompanied	O
by	O
sodium	B
retention	O
and	O
generalized	O
edema	O
.	O
However	O
,	O
the	O
molecular	O
basis	O
for	O
the	O
decreased	O
renal	O
sodium	B
excretion	O
remains	O
undefined	O
.	O
We	O
hypothesized	O
that	O
epithelial	O
Na	O
channel	O
(	O
ENaC	O
)	O
subunit	O
dysregulation	O
may	O
be	O
responsible	O
for	O
the	O
increased	O
sodium	B
retention	O
.	O
An	O
experimental	O
group	O
of	O
rats	O
was	O
treated	O
with	O
puromycin	B
aminonucleoside	I
(	O
PAN	B
;	O
180	O
mg	O
/	O
kg	O
iv	O
)	O
,	O
whereas	O
the	O
control	O
group	O
received	O
only	O
vehicle	O
.	O
After	O
7	O
days	O
,	O
PAN	B
treatment	O
induced	O
significant	O
proteinuria	O
,	O
hypoalbuminemia	O
,	O
decreased	O
urinary	O
sodium	B
excretion	O
,	O
and	O
extensive	O
ascites	O
.	O
The	O
protein	O
abundance	O
of	O
alpha	O
-	O
ENaC	O
and	O
beta	O
-	O
ENaC	O
was	O
increased	O
in	O
the	O
inner	O
stripe	O
of	O
the	O
outer	O
medulla	O
(	O
ISOM	O
)	O
and	O
in	O
the	O
inner	O
medulla	O
(	O
IM	O
)	O
but	O
was	O
not	O
altered	O
in	O
the	O
cortex	O
.	O
gamma	O
-	O
ENaC	O
abundance	O
was	O
increased	O
in	O
the	O
cortex	O
,	O
ISOM	O
,	O
and	O
IM	O
.	O
Immunoperoxidase	O
brightfield	O
-	O
and	O
laser	O
-	O
scanning	O
confocal	O
fluorescence	O
microscopy	O
demonstrated	O
increased	O
targeting	O
of	O
alpha	O
-	O
ENaC	O
,	O
beta	O
-	O
ENaC	O
,	O
and	O
gamma	O
-	O
ENaC	O
subunits	O
to	O
the	O
apical	O
plasma	O
membrane	O
in	O
the	O
distal	O
convoluted	O
tubule	O
(	O
DCT2	O
)	O
,	O
connecting	O
tubule	O
,	O
and	O
cortical	O
and	O
medullary	O
collecting	O
duct	O
segments	O
.	O
Immunoelectron	O
microscopy	O
further	O
revealed	O
an	O
increased	O
labeling	O
of	O
alpha	O
-	O
ENaC	O
in	O
the	O
apical	O
plasma	O
membrane	O
of	O
cortical	O
collecting	O
duct	O
principal	O
cells	O
of	O
PAN	B
-	O
treated	O
rats	O
,	O
indicating	O
enhanced	O
apical	O
targeting	O
of	O
alpha	O
-	O
ENaC	O
subunits	O
.	O
In	O
contrast	O
,	O
the	O
protein	O
abundances	O
of	O
Na	O
(	O
+	O
)	O
/	O
H	O
(	O
+	O
)	O
exchanger	O
type	O
3	O
(	O
NHE3	O
)	O
,	O
Na	O
(	O
+	O
)	O
-	O
K	O
(	O
+	O
)	O
-	O
2Cl	O
(	O
-	O
)	O
cotransporter	O
(	O
BSC	O
-	O
1	O
)	O
,	O
and	O
thiazide	O
-	O
sensitive	O
Na	O
(	O
+	O
)	O
-	O
Cl	O
(	O
-	O
)	O
cotransporter	O
(	O
TSC	O
)	O
were	O
decreased	O
.	O
Moreover	O
,	O
the	O
abundance	O
of	O
the	O
alpha	O
(	O
1	O
)	O
-	O
subunit	O
of	O
the	O
Na	O
-	O
K	O
-	O
ATPase	O
was	O
decreased	O
in	O
the	O
cortex	O
and	O
ISOM	O
,	O
but	O
it	O
remained	O
unchanged	O
in	O
the	O
IM	O
.	O
In	O
conclusion	O
,	O
the	O
increased	O
or	O
sustained	O
expression	O
of	O
ENaC	O
subunits	O
combined	O
with	O
increased	O
apical	O
targeting	O
in	O
the	O
DCT2	O
,	O
connecting	O
tubule	O
,	O
and	O
collecting	O
duct	O
are	O
likely	O
to	O
play	O
a	O
role	O
in	O
the	O
sodium	B
retention	O
associated	O
with	O
PAN	B
-	O
induced	O
nephrotic	O
syndrome	O
.	O
The	O
decreased	O
abundance	O
of	O
NHE3	O
,	O
BSC	O
-	O
1	O
,	O
TSC	O
,	O
and	O
Na	O
-	O
K	O
-	O
ATPase	O
may	O
play	O
a	O
compensatory	O
role	O
to	O
promote	O
sodium	B
excretion	O
.	O

Differential	O
modulation	O
by	O
estrogen	B
of	O
alpha2	O
-	O
adrenergic	O
and	O
I1	O
-	O
imidazoline	O
receptor	O
-	O
mediated	O
hypotension	O
in	O
female	O
rats	O
.	O

We	O
have	O
recently	O
shown	O
that	O
estrogen	B
negatively	O
modulates	O
the	O
hypotensive	O
effect	O
of	O
clonidine	B
(	O
mixed	O
alpha2	O
-	O
/	O
I1	O
-	O
receptor	O
agonist	O
)	O
in	O
female	O
rats	O
and	O
implicates	O
the	O
cardiovascular	O
autonomic	O
control	O
in	O
this	O
interaction	O
.	O
The	O
present	O
study	O
investigated	O
whether	O
this	O
effect	O
of	O
estrogen	B
involves	O
interaction	O
with	O
alpha2	O
-	O
and	O
/	O
or	O
I1	O
-	O
receptors	O
.	O
Changes	O
evoked	O
by	O
a	O
single	O
intraperitoneal	O
injection	O
of	O
rilmenidine	B
(	O
600	O
microg	O
/	O
kg	O
)	O
or	O
alpha	B
-	I
methyldopa	I
(	O
100	O
mg	O
/	O
kg	O
)	O
,	O
selective	O
I1	O
-	O
and	O
alpha2	O
-	O
receptor	O
agonists	O
,	O
respectively	O
,	O
in	O
blood	O
pressure	O
,	O
hemodynamic	O
variability	O
,	O
and	O
locomotor	O
activity	O
were	O
assessed	O
in	O
radiotelemetered	O
sham	O
-	O
operated	O
and	O
ovariectomized	O
(	O
Ovx	O
)	O
Sprague	O
-	O
Dawley	O
female	O
rats	O
with	O
or	O
without	O
12	O
-	O
wk	O
estrogen	B
replacement	O
.	O
Three	O
time	O
domain	O
indexes	O
of	O
hemodynamic	O
variability	O
were	O
employed	O
:	O
the	O
standard	O
deviation	O
of	O
mean	O
arterial	O
pressure	O
as	O
a	O
measure	O
of	O
blood	O
pressure	O
variability	O
and	O
the	O
standard	O
deviation	O
of	O
beat	O
-	O
to	O
-	O
beat	O
intervals	O
(	O
SDRR	O
)	O
and	O
the	O
root	O
mean	O
square	O
of	O
successive	O
differences	O
in	O
R	O
-	O
wave	O
-	O
to	O
-	O
R	O
-	O
wave	O
intervals	O
as	O
measures	O
of	O
heart	O
rate	O
variability	O
.	O
In	O
sham	O
-	O
operated	O
rats	O
,	O
rilmenidine	B
or	O
alpha	B
-	I
methyldopa	I
elicited	O
similar	O
hypotension	O
that	O
lasted	O
at	O
least	O
5	O
h	O
and	O
was	O
associated	O
with	O
reductions	O
in	O
standard	O
deviation	O
of	O
mean	O
arterial	O
pressure	O
.	O
SDRR	O
was	O
reduced	O
only	O
by	O
alpha	B
-	I
methyldopa	I
.	O
Ovx	O
significantly	O
enhanced	O
the	O
hypotensive	O
response	O
to	O
alpha	B
-	I
methyldopa	I
,	O
in	O
contrast	O
to	O
no	O
effect	O
on	O
rilmenidine	B
hypotension	O
.	O
The	O
enhanced	O
alpha	B
-	I
methyldopa	I
hypotension	O
in	O
Ovx	O
rats	O
was	O
paralleled	O
with	O
further	O
reduction	O
in	O
SDRR	O
and	O
a	O
reduced	O
locomotor	O
activity	O
.	O
Estrogen	O
replacement	O
(	O
17beta	B
-	I
estradiol	I
subcutaneous	O
pellet	O
,	O
14	O
.	O
2	O
microg	O
/	O
day	O
,	O
12	O
wk	O
)	O
of	O
Ovx	O
rats	O
restored	O
the	O
hemodynamic	O
and	O
locomotor	O
effects	O
of	O
alpha	B
-	I
methyldopa	I
to	O
sham	O
-	O
operated	O
levels	O
.	O
These	O
findings	O
suggest	O
that	O
estrogen	B
downregulates	O
alpha2	O
-	O
but	O
not	O
I1	O
-	O
receptor	O
-	O
mediated	O
hypotension	O
and	O
highlight	O
a	O
role	O
for	O
the	O
cardiac	O
autonomic	O
control	O
in	O
alpha	B
-	I
methyldopa	I
-	O
estrogen	B
interaction	O
.	O

The	O
effects	O
of	O
sevoflurane	B
on	O
lidocaine	B
-	O
induced	O
convulsions	O
.	O

The	O
influence	O
of	O
sevoflurane	B
on	O
lidocaine	B
-	O
induced	O
convulsions	O
was	O
studied	O
in	O
cats	O
.	O
The	O
convulsive	O
threshold	O
(	O
mean	O
+	O
/	O
-	O
SD	O
)	O
was	O
41	O
.	O
4	O
+	O
/	O
-	O
6	O
.	O
5	O
mg	O
.	O
l	O
(	O
-	O
1	O
)	O
with	O
lidocaine	B
infusion	O
(	O
6	O
mg	O
.	O
kg	O
(	O
-	O
1	O
)	O
.	O
min	O
(	O
-	O
1	O
)	O
)	O
,	O
increasing	O
significantly	O
to	O
66	O
.	O
6	O
+	O
/	O
-	O
10	O
.	O
9	O
mg	O
.	O
l	O
(	O
-	O
1	O
)	O
when	O
the	O
end	O
-	O
tidal	O
concentration	O
of	O
sevoflurane	B
was	O
0	O
.	O
8	O
%	O
.	O
However	O
,	O
the	O
threshold	O
(	O
61	O
.	O
6	O
+	O
/	O
-	O
8	O
.	O
7	O
mg	O
.	O
l	O
(	O
-	O
1	O
)	O
)	O
during	O
1	O
.	O
6	O
%	O
sevoflurane	B
was	O
not	O
significant	O
from	O
that	O
during	O
0	O
.	O
8	O
%	O
sevoflurane	B
,	O
indicating	O
a	O
celling	O
effect	O
.	O
There	O
was	O
no	O
significant	O
difference	O
in	O
the	O
convulsive	O
threshold	O
between	O
sevoflurane	B
and	O
enflurane	B
.	O
The	O
rise	O
in	O
blood	O
pressure	O
became	O
less	O
marked	O
when	O
higher	O
concentrations	O
of	O
sevoflurane	B
or	O
enflurane	B
were	O
administered	O
and	O
the	O
blood	O
pressure	O
at	O
convulsions	O
decreased	O
significantly	O
in	O
1	O
.	O
6	O
%	O
sevoflurane	B
,	O
and	O
in	O
0	O
.	O
8	O
%	O
and	O
1	O
.	O
6	O
%	O
enflurane	B
.	O
However	O
,	O
there	O
was	O
no	O
significant	O
difference	O
in	O
the	O
lidocaine	B
concentrations	O
measured	O
when	O
the	O
systolic	O
blood	O
pressure	O
became	O
70	O
mmHg	O
.	O
Apamin	B
,	O
a	O
selective	O
blocker	O
of	O
calcium	B
-	O
dependent	O
potassium	B
channels	O
,	O
was	O
administered	O
intracerebroventricularly	O
in	O
rats	O
anesthetized	O
with	O
0	O
.	O
8	O
%	O
sevoflurane	B
to	O
investigate	O
the	O
mechanism	O
of	O
the	O
anticonvulsive	O
effects	O
.	O
Apamin	B
(	O
10	O
ng	O
)	O
had	O
a	O
tendency	O
to	O
decrease	O
the	O
convulsive	O
threshold	O
(	O
21	O
.	O
6	O
+	O
/	O
-	O
2	O
.	O
2	O
to	O
19	O
.	O
9	O
+	O
/	O
-	O
2	O
.	O
5	O
mg	O
.	O
l	O
(	O
-	O
1	O
)	O
)	O
but	O
this	O
was	O
not	O
statistically	O
significant	O
.	O
It	O
is	O
suggested	O
that	O
sevoflurane	B
reduces	O
the	O
convulsive	O
effect	O
of	O
lidocaine	B
toxicity	O
but	O
carries	O
some	O
risk	O
due	O
to	O
circulatory	O
depression	O
.	O

Effects	O
of	O
the	O
antidepressant	O
trazodone	B
,	O
a	O
5	O
-	O
HT	O
2A	O
/	O
2C	O
receptor	O
antagonist	O
,	O
on	O
dopamine	B
-	O
dependent	O
behaviors	O
in	O
rats	O
.	O

RATIONALE	O
:	O
5	B
-	I
Hydroxytryptamine	I
,	O
via	O
stimulation	O
of	O
5	O
-	O
HT	O
2C	O
receptors	O
,	O
exerts	O
a	O
tonic	O
inhibitory	O
influence	O
on	O
dopaminergic	O
neurotransmission	O
,	O
whereas	O
activation	O
of	O
5	O
-	O
HT	O
2A	O
receptors	O
enhances	O
stimulated	O
DAergic	O
neurotransmission	O
.	O
The	O
antidepressant	O
trazodone	B
is	O
a	O
5	O
-	O
HT	O
2A	O
/	O
2C	O
receptor	O
antagonist	O
.	O
OBJECTIVES	O
:	O
To	O
evaluate	O
the	O
effect	O
of	O
trazodone	B
treatment	O
on	O
behaviors	O
dependent	O
on	O
the	O
functional	O
status	O
of	O
the	O
nigrostriatal	O
DAergic	O
system	O
.	O
METHODS	O
:	O
The	O
effect	O
of	O
pretreatment	O
with	O
trazodone	B
on	O
dexamphetamine	B
-	O
and	O
apomorphine	B
-	O
induced	O
oral	O
stereotypies	O
,	O
on	O
catalepsy	O
induced	O
by	O
haloperidol	B
and	O
apomorphine	B
(	O
0	O
.	O
05	O
mg	O
/	O
kg	O
,	O
i	O
.	O
p	O
.	O
)	O
,	O
on	O
ergometrine	B
-	O
induced	O
wet	O
dog	O
shake	O
(	O
WDS	O
)	O
behavior	O
and	O
fluoxetine	B
-	O
induced	O
penile	O
erections	O
was	O
studied	O
in	O
rats	O
.	O
We	O
also	O
investigated	O
whether	O
trazodone	B
induces	O
catalepsy	O
in	O
rats	O
.	O
RESULTS	O
:	O
Trazodone	B
at	O
2	O
.	O
5	O
-	O
20	O
mg	O
/	O
kg	O
i	O
.	O
p	O
.	O
did	O
not	O
induce	O
catalepsy	O
,	O
and	O
did	O
not	O
antagonize	O
apomorphine	B
(	O
1	O
.	O
5	O
and	O
3	O
mg	O
/	O
kg	O
)	O
stereotypy	O
and	O
apomorphine	B
(	O
0	O
.	O
05	O
mg	O
/	O
kg	O
)	O
-	O
induced	O
catalepsy	O
.	O
However	O
,	O
pretreatment	O
with	O
5	O
,	O
10	O
and	O
20	O
mg	O
/	O
kg	O
i	O
.	O
p	O
.	O
trazodone	B
enhanced	O
dexamphetamine	B
stereotypy	O
,	O
and	O
antagonized	O
haloperidol	B
catalepsy	O
,	O
ergometrine	B
-	O
induced	O
WDS	O
behavior	O
and	O
fluoxetine	B
-	O
induced	O
penile	O
erections	O
.	O
Trazodone	B
at	O
30	O
,	O
40	O
and	O
50	O
mg	O
/	O
kg	O
i	O
.	O
p	O
.	O
induced	O
catalepsy	O
and	O
antagonized	O
apomorphine	B
and	O
dexamphetamine	B
stereotypies	O
.	O
CONCLUSIONS	O
:	O
Our	O
results	O
indicate	O
that	O
trazodone	B
at	O
2	O
.	O
5	O
-	O
20	O
mg	O
/	O
kg	O
does	O
not	O
block	O
pre	O
-	O
and	O
postsynaptic	O
striatal	O
D2	O
DA	O
receptors	O
,	O
while	O
at	O
30	O
,	O
40	O
and	O
50	O
mg	O
/	O
kg	O
it	O
blocks	O
postsynaptic	O
striatal	O
D2	O
DA	O
receptors	O
.	O
Furthermore	O
,	O
at	O
5	O
,	O
10	O
and	O
20	O
mg	O
/	O
kg	O
,	O
trazodone	B
blocks	O
5	O
-	O
HT	O
2A	O
and	O
5	O
-	O
HT	O
2C	O
receptors	O
.	O
We	O
suggest	O
that	O
trazodone	B
(	O
5	O
,	O
10	O
and	O
20	O
mg	O
/	O
kg	O
)	O
,	O
by	O
blocking	O
the	O
5	O
-	O
HT	O
2C	O
receptors	O
,	O
releases	O
the	O
nigrostriatal	O
DAergic	O
neurons	O
from	O
tonic	O
inhibition	O
caused	O
by	O
5	B
-	I
HT	I
,	O
and	O
thereby	O
potentiates	O
dexamphetamine	B
stereotypy	O
and	O
antagonizes	O
haloperidol	B
catalepsy	O
.	O

Glucose	B
metabolism	O
in	O
patients	O
with	O
schizophrenia	O
treated	O
with	O
atypical	O
antipsychotic	B
agents	I
:	O
a	O
frequently	O
sampled	O
intravenous	O
glucose	B
tolerance	O
test	O
and	O
minimal	O
model	O
analysis	O
.	O

BACKGROUND	O
:	O
While	O
the	O
incidence	O
of	O
new	O
-	O
onset	O
diabetes	O
mellitus	O
may	O
be	O
increasing	O
in	O
patients	O
with	O
schizophrenia	O
treated	O
with	O
certain	O
atypical	O
antipsychotic	B
agents	I
,	O
it	O
remains	O
unclear	O
whether	O
atypical	O
agents	O
are	O
directly	O
affecting	O
glucose	B
metabolism	O
or	O
simply	O
increasing	O
known	O
risk	O
factors	O
for	O
diabetes	O
.	O
OBJECTIVE	O
:	O
To	O
study	O
the	O
2	O
drugs	O
most	O
clearly	O
implicated	O
(	O
clozapine	B
and	O
olanzapine	B
)	O
and	O
risperidone	B
using	O
a	O
frequently	O
sampled	O
intravenous	O
glucose	B
tolerance	O
test	O
.	O
DESIGN	O
:	O
A	O
cross	O
-	O
sectional	O
design	O
in	O
stable	O
,	O
treated	O
patients	O
with	O
schizophrenia	O
evaluated	O
using	O
a	O
frequently	O
sampled	O
intravenous	O
glucose	B
tolerance	O
test	O
and	O
the	O
Bergman	O
minimal	O
model	O
analysis	O
.	O
SETTING	O
:	O
Subjects	O
were	O
recruited	O
from	O
an	O
urban	O
community	O
mental	O
health	O
clinic	O
and	O
were	O
studied	O
at	O
a	O
general	O
clinical	O
research	O
center	O
.	O
Patients	O
Fifty	O
subjects	O
signed	O
informed	O
consent	O
and	O
41	O
underwent	O
the	O
frequently	O
sampled	O
intravenous	O
glucose	B
tolerance	O
test	O
.	O
Thirty	O
-	O
six	O
nonobese	O
subjects	O
with	O
schizophrenia	O
or	O
schizoaffective	O
disorder	O
,	O
matched	O
by	O
body	O
mass	O
index	O
and	O
treated	O
with	O
either	O
clozapine	B
,	O
olanzapine	B
,	O
or	O
risperidone	B
,	O
were	O
included	O
in	O
the	O
analysis	O
.	O
MAIN	O
OUTCOME	O
MEASURES	O
:	O
Fasting	O
plasma	O
glucose	B
and	O
fasting	O
serum	O
insulin	B
levels	O
,	O
insulin	O
sensitivity	O
index	O
,	O
homeostasis	O
model	O
assessment	O
of	O
insulin	O
resistance	O
,	O
and	O
glucose	B
effectiveness	O
.	O
RESULTS	O
:	O
The	O
mean	O
+	O
/	O
-	O
SD	O
duration	O
of	O
treatment	O
with	O
the	O
identified	O
atypical	O
antipsychotic	B
agent	I
was	O
68	O
.	O
3	O
+	O
/	O
-	O
28	O
.	O
9	O
months	O
(	O
clozapine	B
)	O
,	O
29	O
.	O
5	O
+	O
/	O
-	O
17	O
.	O
5	O
months	O
(	O
olanzapine	B
)	O
,	O
and	O
40	O
.	O
9	O
+	O
/	O
-	O
33	O
.	O
7	O
(	O
risperidone	B
)	O
.	O
Fasting	O
serum	O
insulin	B
concentrations	O
differed	O
among	O
groups	O
(	O
F	O
(	O
33	O
)	O
=	O
3	O
.	O
35	O
;	O
P	O
=	O
.	O
047	O
)	O
(	O
clozapine	B
>	O
olanzapine	B
>	O
risperidone	B
)	O
with	O
significant	O
differences	O
between	O
clozapine	B
and	O
risperidone	B
(	O
t	O
(	O
33	O
)	O
=	O
2	O
.	O
32	O
;	O
P	O
=	O
.	O
03	O
)	O
and	O
olanzapine	B
and	O
risperidone	B
(	O
t	O
(	O
33	O
)	O
=	O
2	O
.	O
15	O
;	O
P	O
=	O
.	O
04	O
)	O
.	O
There	O
was	O
a	O
significant	O
difference	O
in	O
insulin	O
sensitivity	O
index	O
among	O
groups	O
(	O
F	O
(	O
33	O
)	O
=	O
10	O
.	O
66	O
;	O
P	O
<	O
.	O
001	O
)	O
(	O
clozapine	B
<	O
olanzapine	B
<	O
risperidone	B
)	O
,	O
with	O
subjects	O
who	O
received	O
clozapine	B
and	O
olanzapine	B
exhibiting	O
significant	O
insulin	O
resistance	O
compared	O
with	O
subjects	O
who	O
were	O
treated	O
with	O
risperidone	B
(	O
clozapine	B
vs	O
risperidone	B
,	O
t	O
(	O
33	O
)	O
=	O
-	O
4	O
.	O
29	O
;	O
P	O
<	O
.	O
001	O
;	O
olanzapine	B
vs	O
risperidone	B
,	O
t	O
(	O
33	O
)	O
=	O
-	O
3	O
.	O
62	O
;	O
P	O
=	O
.	O
001	O
[	O
P	O
<	O
.	O
001	O
]	O
)	O
.	O
The	O
homeostasis	O
model	O
assessment	O
of	O
insulin	O
resistance	O
also	O
differed	O
significantly	O
among	O
groups	O
(	O
F	O
(	O
33	O
)	O
=	O
4	O
.	O
92	O
;	O
P	O
=	O
.	O
01	O
)	O
(	O
clozapine	B
>	O
olanzapine	B
>	O
risperidone	B
)	O
(	O
clozapine	B
vs	O
risperidone	B
,	O
t	O
(	O
33	O
)	O
=	O
2	O
.	O
94	O
;	O
P	O
=	O
.	O
006	O
;	O
olanzapine	B
vs	O
risperidone	B
,	O
t	O
(	O
33	O
)	O
=	O
2	O
.	O
42	O
;	O
P	O
=	O
.	O
02	O
)	O
.	O
There	O
was	O
a	O
significant	O
difference	O
among	O
groups	O
in	O
glucose	B
effectiveness	O
(	O
F	O
(	O
30	O
)	O
=	O
4	O
.	O
18	O
;	O
P	O
=	O
.	O
02	O
)	O
(	O
clozapine	B
<	O
olanzapine	B
<	O
risperidone	B
)	O
with	O
significant	O
differences	O
between	O
clozapine	B
and	O
risperidone	B
(	O
t	O
(	O
30	O
)	O
=	O
-	O
2	O
.	O
59	O
;	O
P	O
=	O
.	O
02	O
)	O
and	O
olanzapine	B
and	O
risperidone	B
(	O
t	O
(	O
30	O
)	O
=	O
-	O
2	O
.	O
34	O
,	O
P	O
=	O
.	O
03	O
)	O
.	O
CONCLUSIONS	O
:	O
Both	O
nonobese	O
clozapine	B
-	O
and	O
olanzapine	B
-	O
treated	O
groups	O
displayed	O
significant	O
insulin	O
resistance	O
and	O
impairment	O
of	O
glucose	B
effectiveness	O
compared	O
with	O
risperidone	B
-	O
treated	O
subjects	O
.	O
Patients	O
taking	O
clozapine	B
and	O
olanzapine	B
must	O
be	O
examined	O
for	O
insulin	O
resistance	O
and	O
its	O
consequences	O
.	O

Valproic	B
acid	I
I	O
:	O
time	O
course	O
of	O
lipid	B
peroxidation	O
biomarkers	O
,	O
liver	O
toxicity	O
,	O
and	O
valproic	B
acid	I
metabolite	O
levels	O
in	O
rats	O
.	O

A	O
single	O
dose	O
of	O
valproic	B
acid	I
(	O
VPA	B
)	O
,	O
which	O
is	O
a	O
widely	O
used	O
antiepileptic	B
drug	I
,	O
is	O
associated	O
with	O
oxidative	O
stress	O
in	O
rats	O
,	O
as	O
recently	O
demonstrated	O
by	O
elevated	O
levels	O
of	O
15	B
-	I
F	I
(	I
2t	I
)	I
-	I
isoprostane	I
(	O
15	B
-	I
F	I
(	I
2t	I
)	I
-	I
IsoP	I
)	O
.	O
To	O
determine	O
whether	O
there	O
was	O
a	O
temporal	O
relationship	O
between	O
VPA	B
-	O
associated	O
oxidative	O
stress	O
and	O
hepatotoxicity	O
,	O
adult	O
male	O
Sprague	O
-	O
Dawley	O
rats	O
were	O
treated	O
ip	O
with	O
VPA	B
(	O
500	O
mg	O
/	O
kg	O
)	O
or	O
0	O
.	O
9	O
%	O
saline	O
(	O
vehicle	O
)	O
once	O
daily	O
for	O
2	O
,	O
4	O
,	O
7	O
,	O
10	O
,	O
or	O
14	O
days	O
.	O
Oxidative	O
stress	O
was	O
assessed	O
by	O
determining	O
plasma	O
and	O
liver	O
levels	O
of	O
15	B
-	I
F	I
(	I
2t	I
)	I
-	I
IsoP	I
,	O
lipid	B
hydroperoxides	I
(	O
LPO	B
)	O
,	O
and	O
thiobarbituric	B
acid	I
reactive	I
substances	I
(	O
TBARs	B
)	O
.	O
Plasma	O
and	O
liver	O
15	B
-	I
F	I
(	I
2t	I
)	I
-	I
IsoP	I
were	O
elevated	O
and	O
reached	O
a	O
plateau	O
after	O
day	O
2	O
of	O
VPA	B
treatment	O
compared	O
to	O
control	O
.	O
Liver	O
LPO	B
levels	O
were	O
not	O
elevated	O
until	O
day	O
7	O
of	O
treatment	O
(	O
1	O
.	O
8	O
-	O
fold	O
versus	O
control	O
,	O
p	O
<	O
0	O
.	O
05	O
)	O
.	O
Liver	O
and	O
plasma	O
TBARs	B
were	O
not	O
increased	O
until	O
14	O
days	O
(	O
2	O
-	O
fold	O
vs	O
.	O
control	O
,	O
p	O
<	O
0	O
.	O
05	O
)	O
.	O
Liver	O
toxicity	O
was	O
evaluated	O
based	O
on	O
serum	O
levels	O
of	O
alpha	O
-	O
glutathione	O
S	O
-	O
transferase	O
(	O
alpha	O
-	O
GST	O
)	O
and	O
by	O
histology	O
.	O
Serum	O
alpha	O
-	O
GST	O
levels	O
were	O
significantly	O
elevated	O
by	O
day	O
4	O
,	O
which	O
corresponded	O
to	O
hepatotoxicity	O
as	O
shown	O
by	O
the	O
increasing	O
incidence	O
of	O
inflammation	O
of	O
the	O
liver	O
capsule	O
,	O
necrosis	O
,	O
and	O
steatosis	O
throughout	O
the	O
study	O
.	O
The	O
liver	O
levels	O
of	O
beta	O
-	O
oxidation	O
metabolites	O
of	O
VPA	B
were	O
decreased	O
by	O
day	O
14	O
,	O
while	O
the	O
levels	O
of	O
4	B
-	I
ene	I
-	I
VPA	I
and	O
(	O
E	O
)	O
-	O
2	B
,	I
4	I
-	I
diene	I
-	I
VPA	I
were	O
not	O
elevated	O
throughout	O
the	O
study	O
.	O
Overall	O
,	O
these	O
findings	O
indicate	O
that	O
VPA	B
treatment	O
results	O
in	O
oxidative	O
stress	O
,	O
as	O
measured	O
by	O
levels	O
of	O
15	B
-	I
F	I
(	I
2t	I
)	I
-	I
IsoP	I
,	O
which	O
precedes	O
the	O
onset	O
of	O
necrosis	O
,	O
steatosis	O
,	O
and	O
elevated	O
levels	O
of	O
serum	O
alpha	O
-	O
GST	O
.	O

Safety	O
of	O
celecoxib	B
in	O
patients	O
with	O
adverse	O
skin	O
reactions	O
to	O
acetaminophen	B
(	O
paracetamol	B
)	O
and	O
nimesulide	B
associated	O
or	O
not	O
with	O
common	O
non	B
-	I
steroidal	I
anti	I
-	I
inflammatory	I
drugs	I
.	O

BACKGROUND	O
:	O
Acetaminophen	B
(	O
paracetamol	B
-	O
-	O
P	B
)	O
and	O
Nimesulide	B
(	O
N	B
)	O
are	O
widely	O
used	O
analgesic	O
-	O
antipyretic	B
/	O
anti	B
-	I
inflammatory	I
drugs	I
.	O
The	O
rate	O
of	O
adverse	O
hypersensitivity	O
reactions	O
to	O
these	O
agents	O
is	O
generally	O
low	O
.	O
On	O
the	O
contrary	O
non	B
-	I
steroidal	I
anti	I
-	I
inflammatory	I
drugs	I
(	O
NSAIDs	B
)	O
are	O
commonly	O
involved	O
in	O
such	O
reactions	O
.	O
Celecoxib	B
(	O
CE	B
)	O
is	O
a	O
novel	O
drug	O
,	O
with	O
high	O
selectivity	O
and	O
affinity	O
for	O
COX	O
-	O
2	O
enzyme	O
.	O
OBJECTIVE	O
:	O
We	O
evaluated	O
the	O
tolerability	O
of	O
CE	B
in	O
a	O
group	O
of	O
patients	O
with	O
documented	O
history	O
of	O
adverse	O
cutaneous	O
reactions	O
to	O
P	B
and	O
N	B
associated	O
or	O
not	O
to	O
classic	O
NSAIDs	B
.	O
METHODS	O
:	O
We	O
studied	O
9	O
patients	O
with	O
hypersensitivity	O
to	O
P	B
and	O
N	B
with	O
or	O
without	O
associated	O
reactions	O
to	O
classic	O
NSAIDs	B
.	O
The	O
diagnosis	O
of	O
P	B
and	O
N	B
-	O
induced	O
skin	O
reactions	O
was	O
based	O
in	O
vivo	O
challenge	O
.	O
The	O
placebo	O
was	O
blindly	O
administered	O
at	O
the	O
beginning	O
of	O
each	O
challenge	O
.	O
After	O
three	O
days	O
,	O
a	O
cumulative	O
dosage	O
of	O
200	O
mg	O
of	O
CE	B
in	O
refracted	O
doses	O
were	O
given	O
.	O
After	O
2	O
-	O
3	O
days	O
,	O
a	O
single	O
dose	O
of	O
200	O
mg	O
was	O
administered	O
.	O
All	O
patients	O
were	O
observed	O
for	O
6	O
hours	O
after	O
each	O
challenge	O
,	O
and	O
controlled	O
again	O
after	O
24	O
hours	O
to	O
exclude	O
delayed	O
reactions	O
.	O
The	O
challenge	O
was	O
considered	O
positive	O
if	O
one	O
or	O
more	O
of	O
the	O
following	O
appeared	O
:	O
erythema	O
,	O
rush	O
or	O
urticaria	O
-	O
angioedema	O
.	O
RESULTS	O
:	O
No	O
reaction	O
was	O
observed	O
with	O
placebo	O
and	O
eight	O
patients	O
(	O
88	O
.	O
8	O
%	O
)	O
tolerated	O
CE	B
.	O
Only	O
one	O
patient	O
developed	O
a	O
moderate	O
angioedema	O
of	O
the	O
lips	O
.	O
CONCLUSION	O
:	O
Only	O
one	O
hypersensitivity	O
reaction	O
to	O
CE	B
was	O
documented	O
among	O
9	O
P	B
and	O
N	B
-	O
highly	O
NSAIDs	B
intolerant	O
patients	O
.	O
Thus	O
,	O
we	O
conclude	O
that	O
CE	B
is	O
a	O
reasonably	O
safe	O
alternative	O
to	O
be	O
used	O
in	O
subjects	O
who	O
do	O
not	O
tolerate	O
P	B
and	O
N	B
.	O

Dexrazoxane	B
protects	O
against	O
myelosuppression	O
from	O
the	O
DNA	O
cleavage	O
-	O
enhancing	O
drugs	O
etoposide	B
and	O
daunorubicin	B
but	O
not	O
doxorubicin	B
.	O

PURPOSE	O
:	O
The	O
anthracyclines	B
daunorubicin	B
and	O
doxorubicin	B
and	O
the	O
epipodophyllotoxin	B
etoposide	B
are	O
potent	O
DNA	O
cleavage	O
-	O
enhancing	O
drugs	O
that	O
are	O
widely	O
used	O
in	O
clinical	O
oncology	O
;	O
however	O
,	O
myelosuppression	O
and	O
cardiac	O
toxicity	O
limit	O
their	O
use	O
.	O
Dexrazoxane	B
(	O
ICRF	B
-	I
187	I
)	O
is	O
recommended	O
for	O
protection	O
against	O
anthracycline	B
-	O
induced	O
cardiotoxicity	O
.	O
EXPERIMENTAL	O
DESIGN	O
:	O
Because	O
of	O
their	O
widespread	O
use	O
,	O
the	O
hematologic	O
toxicity	O
following	O
coadministration	O
of	O
dexrazoxane	B
and	O
these	O
three	O
structurally	O
different	O
DNA	O
cleavage	O
enhancers	O
was	O
investigated	O
:	O
Sensitivity	O
of	O
human	O
and	O
murine	O
blood	O
progenitor	O
cells	O
to	O
etoposide	B
,	O
daunorubicin	B
,	O
and	O
doxorubicin	B
+	O
/	O
-	O
dexrazoxane	B
was	O
determined	O
in	O
granulocyte	O
-	O
macrophage	O
colony	O
forming	O
assays	O
.	O
Likewise	O
,	O
in	O
vivo	O
,	O
B6D2F1	O
mice	O
were	O
treated	O
with	O
etoposide	B
,	O
daunorubicin	B
,	O
and	O
doxorubicin	B
,	O
with	O
or	O
without	O
dexrazoxane	B
over	O
a	O
wide	O
range	O
of	O
doses	O
:	O
posttreatment	O
,	O
a	O
full	O
hematologic	O
evaluation	O
was	O
done	O
.	O
RESULTS	O
:	O
Nontoxic	O
doses	O
of	O
dexrazoxane	B
reduced	O
myelosuppression	O
and	O
weight	O
loss	O
from	O
daunorubicin	B
and	O
etoposide	B
in	O
mice	O
and	O
antagonized	O
their	O
antiproliferative	O
effects	O
in	O
the	O
colony	O
assay	O
;	O
however	O
,	O
dexrazoxane	B
neither	O
reduced	O
myelosuppression	O
,	O
weight	O
loss	O
,	O
nor	O
the	O
in	O
vitro	O
cytotoxicity	O
from	O
doxorubicin	B
.	O
CONCLUSION	O
:	O
Although	O
our	O
findings	O
support	O
the	O
observation	O
that	O
dexrazoxane	B
reduces	O
neither	O
hematologic	O
activity	O
nor	O
antitumor	O
activity	O
from	O
doxorubicin	B
clinically	O
,	O
the	O
potent	O
antagonism	O
of	O
daunorubicin	B
activity	O
raises	O
concern	O
;	O
a	O
possible	O
interference	O
with	O
anticancer	O
efficacy	O
certainly	O
would	O
call	O
for	O
renewed	O
attention	O
.	O
Our	O
data	O
also	O
suggest	O
that	O
significant	O
etoposide	B
dose	O
escalation	O
is	O
perhaps	O
possible	O
by	O
the	O
use	O
of	O
dexrazoxane	B
.	O
Clinical	O
trials	O
in	O
patients	O
with	O
brain	O
metastases	O
combining	O
dexrazoxane	B
and	O
high	O
doses	O
of	O
etoposide	B
is	O
ongoing	O
with	O
the	O
aim	O
of	O
improving	O
efficacy	O
without	O
aggravating	O
hematologic	O
toxicity	O
.	O
If	O
successful	O
,	O
this	O
represents	O
an	O
exciting	O
mechanism	O
for	O
pharmacologic	O
regulation	O
of	O
side	O
effects	O
from	O
cytotoxic	O
chemotherapy	O
.	O

The	O
selective	O
5	O
-	O
HT6	O
receptor	O
antagonist	O
Ro4368554	B
restores	O
memory	O
performance	O
in	O
cholinergic	B
and	O
serotonergic	B
models	O
of	O
memory	O
deficiency	O
in	O
the	O
rat	O
.	O

Antagonists	O
at	O
serotonin	O
type	O
6	O
(	O
5	O
-	O
HT	O
(	O
6	O
)	O
)	O
receptors	O
show	O
activity	O
in	O
models	O
of	O
learning	O
and	O
memory	O
.	O
Although	O
the	O
underlying	O
mechanism	O
(	O
s	O
)	O
are	O
not	O
well	O
understood	O
,	O
these	O
effects	O
may	O
involve	O
an	O
increase	O
in	O
acetylcholine	B
(	O
ACh	B
)	O
levels	O
.	O
The	O
present	O
study	O
sought	O
to	O
characterize	O
the	O
cognitive	O
-	O
enhancing	O
effects	O
of	O
the	O
5	O
-	O
HT	O
(	O
6	O
)	O
antagonist	O
Ro4368554	B
(	O
3	B
-	I
benzenesulfonyl	I
-	I
7	I
-	I
(	I
4	I
-	I
methyl	I
-	I
piperazin	I
-	I
1	I
-	I
yl	I
)	I
1H	I
-	I
indole	I
)	O
in	O
a	O
rat	O
object	O
recognition	O
task	O
employing	O
a	O
cholinergic	B
(	O
scopolamine	B
pretreatment	O
)	O
and	O
a	O
serotonergic	B
-	O
(	O
tryptophan	B
(	O
TRP	B
)	O
depletion	O
)	O
deficient	O
model	O
,	O
and	O
compared	O
its	O
pattern	O
of	O
action	O
with	O
that	O
of	O
the	O
acetylcholinesterase	O
inhibitor	O
metrifonate	B
.	O
Initial	O
testing	O
in	O
a	O
time	O
-	O
dependent	O
forgetting	O
task	O
employing	O
a	O
24	O
-	O
h	O
delay	O
between	O
training	O
and	O
testing	O
showed	O
that	O
metrifonate	B
improved	O
object	O
recognition	O
(	O
at	O
10	O
and	O
30	O
mg	O
/	O
kg	O
,	O
p	O
.	O
o	O
.	O
)	O
,	O
whereas	O
Ro4368554	B
was	O
inactive	O
.	O
Both	O
,	O
Ro4368554	B
(	O
3	O
and	O
10	O
mg	O
/	O
kg	O
,	O
intraperitoneally	O
(	O
i	O
.	O
p	O
.	O
)	O
)	O
and	O
metrifonate	B
(	O
10	O
mg	O
/	O
kg	O
,	O
p	O
.	O
o	O
.	O
,	O
respectively	O
)	O
reversed	O
memory	O
deficits	O
induced	O
by	O
scopolamine	B
and	O
TRP	B
depletion	O
(	O
10	O
mg	O
/	O
kg	O
,	O
i	O
.	O
p	O
.	O
,	O
and	O
3	O
mg	O
/	O
kg	O
,	O
p	O
.	O
o	O
.	O
,	O
respectively	O
)	O
.	O
In	O
conclusion	O
,	O
although	O
Ro4368554	B
did	O
not	O
improve	O
a	O
time	O
-	O
related	O
retention	O
deficit	O
,	O
it	O
reversed	O
a	O
cholinergic	B
and	O
a	O
serotonergic	B
memory	O
deficit	O
,	O
suggesting	O
that	O
both	O
mechanisms	O
may	O
be	O
involved	O
in	O
the	O
facilitation	O
of	O
object	O
memory	O
by	O
Ro4368554	B
and	O
,	O
possibly	O
,	O
other	O
5	B
-	I
HT	I
(	I
6	I
)	I
receptor	I
antagonists	I
.	O

Microinjection	O
of	O
ritanserin	B
into	O
the	O
CA1	O
region	O
of	O
hippocampus	O
improves	O
scopolamine	B
-	O
induced	O
amnesia	O
in	O
adult	O
male	O
rats	O
.	O

The	O
effect	O
of	O
ritanserin	B
(	O
5	O
-	O
HT2	O
antagonist	O
)	O
on	O
scopolamine	B
(	O
muscarinic	O
cholinergic	O
antagonist	O
)	O
-	O
induced	O
amnesia	O
in	O
Morris	O
water	O
maze	O
(	O
MWM	O
)	O
was	O
investigated	O
.	O
Rats	O
were	O
divided	O
into	O
eight	O
groups	O
and	O
bilaterally	O
cannulated	O
into	O
CA1	O
region	O
of	O
the	O
hippocampus	O
.	O
One	O
week	O
later	O
,	O
they	O
received	O
repeatedly	O
vehicles	O
(	O
saline	O
,	O
DMSO	B
,	O
saline	O
+	O
DMSO	B
)	O
,	O
scopolamine	B
(	O
2	O
microg	O
/	O
0	O
.	O
5	O
microl	O
saline	O
/	O
side	O
;	O
30	O
min	O
before	O
training	O
)	O
,	O
ritanserin	B
(	O
2	O
,	O
4	O
and	O
8	O
microg	O
/	O
0	O
.	O
5	O
microl	O
DMSO	B
/	O
side	O
;	O
20	O
min	O
before	O
training	O
)	O
and	O
scopolamine	B
(	O
2	O
microg	O
/	O
0	O
.	O
5	O
microl	O
;	O
30	O
min	O
before	O
ritanserin	B
injection	O
)	O
+	O
ritanserin	B
(	O
4	O
microg	O
/	O
0	O
.	O
5	O
microl	O
DMSO	B
)	O
through	O
cannulae	O
each	O
day	O
.	O
Animals	O
were	O
tested	O
for	O
four	O
consecutive	O
days	O
(	O
4	O
trial	O
/	O
day	O
)	O
in	O
MWM	O
during	O
which	O
the	O
position	O
of	O
hidden	O
platform	O
was	O
unchanged	O
.	O
In	O
the	O
fifth	O
day	O
,	O
the	O
platform	O
was	O
elevated	O
above	O
the	O
water	O
surface	O
in	O
another	O
position	O
to	O
evaluate	O
the	O
function	O
of	O
motor	O
,	O
motivational	O
and	O
visual	O
systems	O
.	O
The	O
results	O
showed	O
a	O
significant	O
increase	O
in	O
escape	O
latencies	O
and	O
traveled	O
distances	O
to	O
find	O
platform	O
in	O
scopolamine	B
-	O
treated	O
group	O
as	O
compared	O
to	O
saline	O
group	O
.	O
Ritanserin	B
-	O
treated	O
rats	O
(	O
4	O
microg	O
/	O
0	O
.	O
5	O
microl	O
/	O
side	O
)	O
showed	O
a	O
significant	O
decrease	O
in	O
the	O
mentioned	O
parameters	O
as	O
compared	O
to	O
DMSO	B
-	O
treated	O
group	O
.	O
However	O
,	O
scopolamine	B
and	O
ritanserin	B
co	O
-	O
administration	O
resulted	O
in	O
a	O
significant	O
decrease	O
in	O
escape	O
latencies	O
and	O
traveled	O
distances	O
as	O
compared	O
to	O
the	O
scopolamine	B
-	O
treated	O
rats	O
.	O
Our	O
findings	O
show	O
that	O
microinjection	O
of	O
ritanserin	B
into	O
the	O
CA1	O
region	O
of	O
the	O
hippocampus	O
improves	O
the	O
scopolamine	B
-	O
induced	O
amnesia	O
.	O

Memory	O
function	O
and	O
serotonin	O
transporter	O
promoter	O
gene	O
polymorphism	O
in	O
ecstasy	B
(	O
MDMA	B
)	O
users	O
.	O

Although	O
3	B
,	I
4	I
-	I
methylenedioxymethamphetamine	I
(	O
MDMA	B
or	O
ecstasy	B
)	O
has	O
been	O
shown	O
to	O
damage	O
brain	O
serotonin	B
(	O
5	B
-	I
HT	I
)	O
neurons	O
in	O
animals	O
and	O
possibly	O
humans	O
,	O
little	O
is	O
known	O
about	O
the	O
long	O
-	O
term	O
consequences	O
of	O
MDMA	B
-	O
induced	O
5	B
-	I
HT	I
neurotoxic	O
lesions	O
on	O
functions	O
in	O
which	O
5	B
-	I
HT	I
is	O
involved	O
,	O
such	O
as	O
cognitive	O
function	O
.	O
Because	O
5	B
-	I
HT	I
transporters	O
play	O
a	O
key	O
element	O
in	O
the	O
regulation	O
of	O
synaptic	O
5	B
-	I
HT	I
transmission	O
it	O
may	O
be	O
important	O
to	O
control	O
for	O
the	O
potential	O
covariance	O
effect	O
of	O
a	O
polymorphism	O
in	O
the	O
5	O
-	O
HT	O
transporter	O
promoter	O
gene	O
region	O
(	O
5	O
-	O
HTTLPR	O
)	O
when	O
studying	O
the	O
effects	O
of	O
MDMA	B
as	O
well	O
as	O
cognitive	O
functioning	O
.	O
The	O
aim	O
of	O
the	O
study	O
was	O
to	O
investigate	O
the	O
effects	O
of	O
moderate	O
and	O
heavy	O
MDMA	B
use	O
on	O
cognitive	O
function	O
,	O
as	O
well	O
as	O
the	O
effects	O
of	O
long	O
-	O
term	O
abstention	O
from	O
MDMA	B
,	O
in	O
subjects	O
genotyped	O
for	O
5	O
-	O
HTTLPR	O
.	O
A	O
second	O
aim	O
of	O
the	O
study	O
was	O
to	O
determine	O
whether	O
these	O
effects	O
differ	O
for	O
females	O
and	O
males	O
.	O
Fifteen	O
moderate	O
MDMA	B
users	O
(	O
<	O
55	O
lifetime	O
tablets	O
)	O
,	O
22	O
heavy	O
MDMA	B
+	O
users	O
(	O
>	O
55	O
lifetime	O
tablets	O
)	O
,	O
16	O
ex	O
-	O
MDMA	B
+	O
users	O
(	O
last	O
tablet	O
>	O
1	O
year	O
ago	O
)	O
and	O
13	O
controls	O
were	O
compared	O
on	O
a	O
battery	O
of	O
neuropsychological	O
tests	O
.	O
DNA	O
from	O
peripheral	O
nuclear	O
blood	O
cells	O
was	O
genotyped	O
for	O
5	O
-	O
HTTLPR	O
using	O
standard	O
polymerase	O
chain	O
reaction	O
methods	O
.	O
A	O
significant	O
group	O
effect	O
was	O
observed	O
only	O
on	O
memory	O
function	O
tasks	O
(	O
p	O
=	O
0	O
.	O
04	O
)	O
but	O
not	O
on	O
reaction	O
times	O
(	O
p	O
=	O
0	O
.	O
61	O
)	O
or	O
attention	O
/	O
executive	O
functioning	O
(	O
p	O
=	O
0	O
.	O
59	O
)	O
.	O
Heavy	O
and	O
ex	O
-	O
MDMA	B
+	O
users	O
performed	O
significantly	O
poorer	O
on	O
memory	O
tasks	O
than	O
controls	O
.	O
In	O
contrast	O
,	O
no	O
evidence	O
of	O
memory	O
impairment	O
was	O
observed	O
in	O
moderate	O
MDMA	B
users	O
.	O
No	O
significant	O
effect	O
of	O
5	O
-	O
HTTLPR	O
or	O
gender	O
was	O
observed	O
.	O
While	O
the	O
use	O
of	O
MDMA	B
in	O
quantities	O
that	O
may	O
be	O
considered	O
"	O
moderate	O
"	O
is	O
not	O
associated	O
with	O
impaired	O
memory	O
functioning	O
,	O
heavy	O
use	O
of	O
MDMA	B
use	O
may	O
lead	O
to	O
long	O
lasting	O
memory	O
impairments	O
.	O
No	O
effect	O
of	O
5	O
-	O
HTTLPR	O
or	O
gender	O
on	O
memory	O
function	O
or	O
MDMA	B
use	O
was	O
observed	O
.	O

Role	O
of	O
mangiferin	B
on	O
biochemical	O
alterations	O
and	O
antioxidant	O
status	O
in	O
isoproterenol	B
-	O
induced	O
myocardial	O
infarction	O
in	O
rats	O
.	O

The	O
current	O
study	O
dealt	O
with	O
the	O
protective	O
role	O
of	O
mangiferin	B
,	O
a	O
polyphenol	B
from	O
Mangifera	O
indica	O
Linn	O
.	O
(	O
Anacardiaceae	O
)	O
,	O
on	O
isoproterenol	B
(	O
ISPH	B
)	O
-	O
induced	O
myocardial	O
infarction	O
(	O
MI	O
)	O
in	O
rats	O
through	O
its	O
antioxidative	O
mechanism	O
.	O
Subcutaneous	O
injection	O
of	O
ISPH	B
(	O
200	O
mg	O
/	O
kg	O
body	O
weight	O
in	O
1	O
ml	O
saline	O
)	O
to	O
rats	O
for	O
2	O
consecutive	O
days	O
caused	O
myocardial	O
damage	O
in	O
rat	O
heart	O
,	O
which	O
was	O
determined	O
by	O
the	O
increased	O
activity	O
of	O
serum	O
lactate	O
dehydrogenase	O
(	O
LDH	O
)	O
and	O
creatine	O
phosphokinase	O
isoenzymes	O
(	O
CK	O
-	O
MB	O
)	O
,	O
increased	O
uric	B
acid	I
level	O
and	O
reduced	O
plasma	O
iron	B
binding	O
capacity	O
.	O
The	O
protective	O
role	O
of	O
mangiferin	B
was	O
analyzed	O
by	O
triphenyl	B
tetrazolium	I
chloride	I
(	O
TTC	B
)	O
test	O
used	O
for	O
macroscopic	O
enzyme	O
mapping	O
assay	O
of	O
the	O
ischemic	O
myocardium	O
.	O
The	O
heart	O
tissue	O
antioxidant	O
enzymes	O
such	O
as	O
superoxide	O
dismutase	O
,	O
catalase	O
,	O
glutathione	O
peroxidase	O
,	O
glutathione	O
transferase	O
and	O
glutathione	O
reductase	O
activities	O
,	O
non	O
-	O
enzymic	O
antioxidants	O
such	O
as	O
cerruloplasmin	O
,	O
Vitamin	B
C	I
,	O
Vitamin	B
E	I
and	O
glutathione	B
levels	O
were	O
altered	O
in	O
MI	O
rats	O
.	O
Upon	O
pretreatment	O
with	O
mangiferin	B
(	O
100	O
mg	O
/	O
kg	O
body	O
weight	O
suspended	O
in	O
2	O
ml	O
of	O
dimethyl	B
sulphoxide	I
)	O
given	O
intraperitoneally	O
for	O
28	O
days	O
to	O
MI	O
rats	O
protected	O
the	O
above	O
-	O
mentioned	O
parameters	O
to	O
fall	O
from	O
the	O
normal	O
levels	O
.	O
Activities	O
of	O
heart	O
tissue	O
enzymic	O
antioxidants	O
and	O
serum	O
non	O
-	O
enzymic	O
antioxidants	O
levels	O
rose	O
significantly	O
upon	O
mangiferin	B
administration	O
as	O
compared	O
to	O
ISPH	B
-	O
induced	O
MI	O
rats	O
.	O
From	O
the	O
present	O
study	O
it	O
is	O
concluded	O
that	O
mangiferin	B
exerts	O
a	O
beneficial	O
effect	O
against	O
ISPH	B
-	O
induced	O
MI	O
due	O
to	O
its	O
antioxidant	O
potential	O
,	O
which	O
regulated	O
the	O
tissues	O
defense	O
system	O
against	O
cardiac	O
damage	O
.	O

Cardiovascular	O
risk	O
with	O
cyclooxygenase	B
inhibitors	I
:	O
general	O
problem	O
with	O
substance	O
specific	O
differences	O
?	O

Randomised	O
clinical	O
trials	O
and	O
observational	O
studies	O
have	O
shown	O
an	O
increased	O
risk	O
of	O
myocardial	O
infarction	O
,	O
stroke	O
,	O
hypertension	O
and	O
heart	O
failure	O
during	O
treatment	O
with	O
cyclooxygenase	B
inhibitors	I
.	O
Adverse	O
cardiovascular	O
effects	O
occurred	O
mainly	O
,	O
but	O
not	O
exclusively	O
,	O
in	O
patients	O
with	O
concomitant	O
risk	O
factors	O
.	O
Cyclooxygenase	B
inhibitors	I
cause	O
complex	O
changes	O
in	O
renal	O
,	O
vascular	O
and	O
cardiac	O
prostanoid	B
profiles	O
thereby	O
increasing	O
vascular	O
resistance	O
and	O
fluid	O
retention	O
.	O
The	O
incidence	O
of	O
cardiovascular	O
adverse	O
events	O
tends	O
to	O
increase	O
with	O
the	O
daily	O
dose	O
and	O
total	O
exposure	O
time	O
.	O
A	O
comparison	O
of	O
individual	O
selective	O
and	O
unselective	O
cyclooxygenase	B
inhibitors	I
suggests	O
substance	O
-	O
specific	O
differences	O
,	O
which	O
may	O
depend	O
on	O
differences	O
in	O
pharmacokinetic	O
parameters	O
or	O
inhibitory	O
potency	O
and	O
may	O
be	O
contributed	O
by	O
prostaglandin	B
-	O
independent	O
effects	O
.	O
Diagnostic	O
markers	O
such	O
as	O
N	B
-	I
terminal	I
pro	I
brain	I
natriuretic	I
peptide	I
(	O
NT	B
-	I
proBNP	I
)	O
or	O
high	O
-	O
sensitive	O
C	O
-	O
reactive	O
protein	O
might	O
help	O
in	O
the	O
early	O
identification	O
of	O
patients	O
at	O
risk	O
,	O
thus	O
avoiding	O
the	O
occurrence	O
of	O
serious	O
cardiovascular	O
toxicity	O
.	O

Impact	O
of	O
alcohol	B
exposure	O
after	O
pregnancy	O
recognition	O
on	O
ultrasonographic	O
fetal	O
growth	O
measures	O
.	O

BACKGROUND	O
:	O
More	O
than	O
3	O
decades	O
after	O
Jones	O
and	O
Smith	O
(	O
1973	O
)	O
reported	O
on	O
the	O
devastation	O
caused	O
by	O
alcohol	B
exposure	O
on	O
fetal	O
development	O
,	O
the	O
rates	O
of	O
heavy	O
drinking	O
during	O
pregnancy	O
remain	O
relatively	O
unchanged	O
.	O
Early	O
identification	O
of	O
fetal	O
alcohol	B
exposure	O
and	O
maternal	O
abstinence	O
led	O
to	O
better	O
infant	O
outcomes	O
.	O
This	O
study	O
examined	O
the	O
utility	O
of	O
biometry	O
for	O
detecting	O
alcohol	B
-	O
related	O
fetal	O
growth	O
impairment	O
.	O
METHODS	O
:	O
We	O
obtained	O
fetal	O
ultrasound	O
measures	O
from	O
routine	O
ultrasound	O
examinations	O
for	O
167	O
pregnant	O
hazardous	O
drinkers	O
who	O
were	O
enrolled	O
in	O
a	O
brief	O
alcohol	B
intervention	O
study	O
.	O
The	O
fetal	O
measures	O
for	O
women	O
who	O
quit	O
after	O
learning	O
of	O
their	O
pregnancies	O
were	O
compared	O
with	O
measures	O
for	O
women	O
who	O
continued	O
some	O
drinking	O
throughout	O
the	O
course	O
of	O
their	O
pregnancies	O
.	O
Because	O
intensity	O
of	O
alcohol	B
consumption	O
is	O
associated	O
with	O
poorer	O
fetal	O
outcomes	O
,	O
separate	O
analyses	O
were	O
conducted	O
for	O
the	O
heavy	O
(	O
average	O
of	O
>	O
or	O
=	O
5	O
drinks	O
per	O
drinking	O
day	O
)	O
alcohol	B
consumers	O
.	O
Fetal	O
measures	O
from	O
the	O
heavy	O
-	O
exposed	O
fetuses	O
were	O
also	O
compared	O
with	O
measures	O
from	O
a	O
nondrinking	O
group	O
that	O
was	O
representative	O
of	O
normal	O
,	O
uncomplicated	O
pregnancies	O
from	O
our	O
clinics	O
.	O
Analyses	O
of	O
covariance	O
were	O
used	O
to	O
determine	O
whether	O
there	O
were	O
differences	O
between	O
groups	O
after	O
controlling	O
for	O
influences	O
of	O
gestational	O
age	O
and	O
drug	O
abuse	O
.	O
RESULTS	O
:	O
Nearly	O
half	O
of	O
the	O
pregnant	O
drinkers	O
abstained	O
after	O
learning	O
of	O
their	O
pregnancies	O
.	O
When	O
women	O
reportedly	O
quit	O
drinking	O
early	O
in	O
their	O
pregnancies	O
,	O
fetal	O
growth	O
measures	O
were	O
not	O
significantly	O
different	O
from	O
a	O
non	O
-	O
alcohol	B
-	O
exposed	O
group	O
,	O
regardless	O
of	O
prior	O
drinking	O
patterns	O
.	O
Any	O
alcohol	B
consumption	O
postpregnancy	O
recognition	O
among	O
the	O
heavy	O
drinkers	O
resulted	O
in	O
reduced	O
cerebellar	O
growth	O
as	O
well	O
as	O
decreased	O
cranial	O
to	O
body	O
growth	O
in	O
comparison	O
with	O
women	O
who	O
either	O
quit	O
drinking	O
or	O
who	O
were	O
nondrinkers	O
.	O
Amphetamine	B
abuse	O
was	O
predictive	O
of	O
larger	O
cranial	O
to	O
body	O
growth	O
ratios	O
.	O
CONCLUSIONS	O
:	O
Alterations	O
in	O
fetal	O
biometric	O
measurements	O
were	O
observed	O
among	O
the	O
heavy	O
drinkers	O
only	O
when	O
they	O
continued	O
drinking	O
after	O
becoming	O
aware	O
of	O
their	O
pregnancies	O
.	O
Although	O
the	O
reliance	O
on	O
self	O
-	O
reported	O
drinking	O
is	O
a	O
limitation	O
in	O
this	O
study	O
,	O
these	O
findings	O
support	O
the	O
benefits	O
of	O
early	O
abstinence	O
and	O
the	O
potential	O
for	O
ultrasound	O
examinations	O
in	O
the	O
detection	O
of	O
fetal	O
alcohol	B
effects	O
.	O

Down	O
-	O
regulation	O
of	O
norepinephrine	O
transporter	O
function	O
induced	O
by	O
chronic	O
administration	O
of	O
desipramine	B
linking	O
to	O
the	O
alteration	O
of	O
sensitivity	O
of	O
local	O
-	O
anesthetics	B
-	O
induced	O
convulsions	O
and	O
the	O
counteraction	O
by	O
co	O
-	O
administration	O
with	O
local	O
anesthetics	B
.	O

Alterations	O
of	O
norepinephrine	O
transporter	O
(	O
NET	O
)	O
function	O
by	O
chronic	O
inhibition	O
of	O
NET	O
in	O
relation	O
to	O
sensitization	O
to	O
seizures	O
induce	O
by	O
cocaine	B
and	O
local	O
anesthetics	B
were	O
studied	O
in	O
mice	O
.	O
Daily	O
administration	O
of	O
desipramine	B
,	O
an	O
inhibitor	O
of	O
the	O
NET	O
,	O
for	O
5	O
days	O
decreased	O
[	B
(	I
3	I
)	I
H	I
]	I
norepinephrine	I
uptake	O
in	O
the	O
P2	O
fractions	O
of	O
hippocampus	O
but	O
not	O
cortex	O
,	O
striatum	O
or	O
amygdalae	O
.	O
Co	O
-	O
administration	O
of	O
lidocaine	B
,	O
bupivacaine	B
or	O
tricaine	B
with	O
desipramine	B
reversed	O
this	O
effect	O
.	O
Daily	O
treatment	O
of	O
cocaine	B
increased	O
[	B
(	I
3	I
)	I
H	I
]	I
norepinephrine	I
uptake	O
into	O
the	O
hippocampus	O
.	O
Daily	O
administration	O
of	O
desipramine	B
increased	O
the	O
incidence	O
of	O
appearance	O
of	O
lidocaine	B
-	O
induced	O
convulsions	O
and	O
decreased	O
that	O
of	O
cocaine	B
-	O
induced	O
convulsions	O
.	O
Co	O
-	O
administration	O
of	O
lidocaine	B
with	O
desipramine	B
reversed	O
the	O
changes	O
of	O
convulsive	O
activity	O
of	O
lidocaine	B
and	O
cocaine	B
induced	O
by	O
repeated	O
administration	O
of	O
desipramine	B
.	O
These	O
results	O
suggest	O
that	O
down	O
-	O
regulation	O
of	O
hippocampal	O
NET	O
induced	O
by	O
chronic	O
administration	O
of	O
desipramine	B
may	O
be	O
relevant	O
to	O
desipramine	B
-	O
induced	O
sensitization	O
of	O
lidocaine	B
convulsions	O
.	O
Inhibition	O
of	O
Na	B
(	I
+	I
)	I
channels	O
by	O
local	O
anesthetics	B
may	O
regulate	O
desipramine	B
-	O
induced	O
down	O
-	O
regulation	O
of	O
NET	O
function	O
.	O
Repeated	O
administration	O
of	O
cocaine	B
induces	O
up	O
-	O
regulation	O
of	O
hippocampal	O
NET	O
function	O
.	O
Desipramine	B
-	O
induced	O
sensitization	O
of	O
lidocaine	B
seizures	O
may	O
have	O
a	O
mechanism	O
distinct	O
from	O
kindling	O
resulting	O
from	O
repeated	O
administration	O
of	O
cocaine	B
.	O

The	O
present	O
study	O
was	O
aimed	O
at	O
investigating	O
the	O
effects	O
of	O
Daucus	O
carota	O
seeds	O
on	O
cognitive	O
functions	O
,	O
total	O
serum	O
cholesterol	B
levels	O
and	O
brain	O
cholinesterase	O
activity	O
in	O
mice	O
.	O
The	O
ethanolic	O
extract	B
of	I
Daucus	I
carota	I
seeds	I
(	O
DCE	B
)	O
was	O
administered	O
orally	O
in	O
three	O
doses	O
(	O
100	O
,	O
200	O
,	O
400	O
mg	O
/	O
kg	O
)	O
for	O
seven	O
successive	O
days	O
to	O
different	O
groups	O
of	O
young	O
and	O
aged	O
mice	O
.	O
Elevated	O
plus	O
maze	O
and	O
passive	O
avoidance	O
apparatus	O
served	O
as	O
the	O
exteroceptive	O
behavioral	O
models	O
for	O
testing	O
memory	O
.	O
Diazepam	B
-	O
,	O
scopolamine	B
-	O
and	O
ageing	O
-	O
induced	O
amnesia	O
served	O
as	O
the	O
interoceptive	O
behavioral	O
models	O
.	O
DCE	B
(	O
200	O
,	O
400	O
mg	O
/	O
kg	O
,	O
p	O
.	O
o	O
.	O
)	O
showed	O
significant	O
improvement	O
in	O
memory	O
scores	O
of	O
young	O
and	O
aged	O
mice	O
.	O
The	O
extent	O
of	O
memory	O
improvement	O
evoked	O
by	O
DCE	B
was	O
23	O
%	O
at	O
the	O
dose	O
of	O
200	O
mg	O
/	O
kg	O
and	O
35	O
%	O
at	O
the	O
dose	O
of	O
400	O
mg	O
/	O
kg	O
in	O
young	O
mice	O
using	O
elevated	O
plus	O
maze	O
.	O
Similarly	O
,	O
significant	O
improvements	O
in	O
memory	O
scores	O
were	O
observed	O
using	O
passive	O
avoidance	O
apparatus	O
and	O
aged	O
mice	O
.	O
Furthermore	O
,	O
DCE	B
reversed	O
the	O
amnesia	O
induced	O
by	O
scopolamine	B
(	O
0	O
.	O
4	O
mg	O
/	O
kg	O
,	O
i	O
.	O
p	O
.	O
)	O
and	O
diazepam	B
(	O
1	O
mg	O
/	O
kg	O
,	O
i	O
.	O
p	O
.	O
)	O
.	O
Daucus	B
carota	I
extract	I
(	O
200	O
,	O
400	O
mg	O
/	O
kg	O
,	O
p	O
.	O
o	O
.	O
)	O
reduced	O
significantly	O
the	O
brain	O
acetylcholinesterase	O
activity	O
and	O
cholesterol	B
levels	O
in	O
young	O
and	O
aged	O
mice	O
.	O
The	O
extent	O
of	O
inhibition	O
of	O
brain	O
cholinesterase	O
activity	O
evoked	O
by	O
DCE	B
at	O
the	O
dose	O
of	O
400	O
mg	O
/	O
kg	O
was	O
22	O
%	O
in	O
young	O
and	O
19	O
%	O
in	O
aged	O
mice	O
.	O
There	O
was	O
a	O
remarkable	O
reduction	O
in	O
total	O
cholesterol	B
level	O
as	O
well	O
,	O
to	O
the	O
extent	O
of	O
23	O
%	O
in	O
young	O
and	O
21	O
%	O
in	O
aged	O
animals	O
with	O
this	O
dose	O
of	O
DCE	B
.	O
Therefore	O
,	O
DCE	B
may	O
prove	O
to	O
be	O
a	O
useful	O
remedy	O
