sentence_idx	token_idx	token	true_tag	pred_tag
0	0	OBJECTIVE	O	O
0	1	:	O	O
0	2	Congenital	O	O
0	3	long	O	O
0	4	QT	O	O
0	5	syndrome	O	O
0	6	(	O	O
0	7	LQTS	O	O
0	8	)	O	O
0	9	with	O	O
0	10	in	O	O
0	11	utero	O	O
0	12	onset	O	O
0	13	of	O	O
0	14	the	O	O
0	15	rhythm	O	O
0	16	disturbances	O	O
0	17	is	O	O
0	18	associated	O	O
0	19	with	O	O
0	20	a	O	O
0	21	poor	O	O
0	22	prognosis	O	O
0	23	.	O	O
0	24	In	O	O
0	25	this	O	O
0	26	study	O	O
0	27	we	O	O
0	28	investigated	O	O
0	29	a	O	O
0	30	newborn	O	O
0	31	patient	O	O
0	32	with	O	O
0	33	fetal	O	O
0	34	bradycardia	O	O
0	35	,	O	O
0	36	2	O	O
0	37	:	O	O
0	38	1	O	O
0	39	atrioventricular	O	O
0	40	block	O	O
0	41	and	O	O
0	42	ventricular	O	O
0	43	tachycardia	O	O
0	44	soon	O	O
0	45	after	O	O
0	46	birth	O	O
0	47	.	O	O
0	48	METHODS	O	O
0	49	:	O	O
0	50	Mutational	O	O
0	51	analysis	O	O
0	52	and	O	O
0	53	DNA	O	O
0	54	sequencing	O	O
0	55	were	O	O
0	56	conducted	O	O
0	57	in	O	O
0	58	a	O	O
0	59	newborn	O	O
0	60	.	O	O
0	61	The	O	O
0	62	2	O	O
0	63	:	O	O
0	64	1	O	O
0	65	atrioventricular	O	O
0	66	block	O	O
0	67	improved	O	O
0	68	to	O	O
0	69	1	O	O
0	70	:	O	O
0	71	1	O	O
0	72	conduction	O	O
0	73	only	O	O
0	74	after	O	O
0	75	intravenous	O	O
0	76	lidocaine	B	B
0	77	infusion	O	O
0	78	or	O	O
0	79	a	O	O
0	80	high	O	O
0	81	dose	O	O
1	0	As	O	O
1	1	a	O	O
1	2	primary	O	O
1	3	target	O	O
1	4	for	O	O
1	5	opioid	O	O
1	6	drugs	O	O
1	7	and	O	O
1	8	peptides	O	O
1	9	,	O	O
1	10	the	O	O
1	11	mu	O	O
1	12	opioid	O	O
1	13	receptor	O	O
1	14	(	O	O
1	15	OPRM1	O	O
1	16	)	O	O
1	17	plays	O	O
1	18	a	O	O
1	19	key	O	O
1	20	role	O	O
1	21	in	O	O
1	22	pain	O	O
1	23	perception	O	O
1	24	and	O	O
1	25	addiction	O	O
1	26	.	O	O
1	27	Genetic	O	O
1	28	variants	O	O
1	29	of	O	O
1	30	OPRM1	O	O
1	31	have	O	O
1	32	been	O	O
1	33	implicated	O	O
1	34	in	O	O
1	35	predisposition	O	O
1	36	to	O	O
1	37	drug	O	O
1	38	addiction	O	O
1	39	,	O	O
1	40	in	O	O
1	41	particular	O	O
1	42	the	O	O
1	43	single	O	O
1	44	nucleotide	O	O
1	45	polymorphism	O	O
1	46	A118G	O	O
1	47	,	O	O
1	48	leading	O	O
1	49	to	O	O
1	50	an	O	O
1	51	N40D	O	O
1	52	substitution	O	O
1	53	,	O	O
1	54	with	O	O
1	55	an	O	O
1	56	allele	O	O
1	57	frequency	O	O
1	58	of	O	O
1	59	10	O	O
1	60	-	O	O
1	61	32	O	O
1	62	%	O	O
1	63	,	O	O
1	64	and	O	O
1	65	uncertain	O	O
1	66	functions	O	O
1	67	.	O	O
1	68	We	O	O
1	69	have	O	O
1	70	measured	O	O
1	71	allele	O	O
1	72	-	O	O
1	73	specific	O	O
1	74	mRNA	O	O
1	75	expression	O	O
1	76	of	O	O
1	77	OPRM1	O	O
1	78	in	O	O
1	79	human	O	O
1	80	autopsy	O	O
1	81	brain	O	O
1	82	tissues	O	O
1	83	,	O	O
1	84	using	O	O
1	85	A118G	O	O
1	86	as	O	O
1	87	a	O	O
1	88	marker	O	O
1	89	.	O	O
1	90	In	O	O
2	0	Genetic	O	O
2	1	polymorphisms	O	O
2	2	in	O	O
2	3	the	O	O
2	4	carbonyl	O	B
2	5	reductase	O	O
2	6	3	O	O
2	7	gene	O	O
2	8	CBR3	O	O
2	9	and	O	O
2	10	the	O	O
2	11	NAD	O	B
2	12	(	O	I
2	13	P	O	I
2	14	)	O	I
2	15	H	O	I
2	16	:	O	O
2	17	quinone	O	B
2	18	oxidoreductase	O	O
2	19	1	O	O
2	20	gene	O	O
2	21	NQO1	O	O
2	22	in	O	O
2	23	patients	O	O
2	24	who	O	O
2	25	developed	O	O
2	26	anthracycline	B	B
2	27	-	O	O
2	28	related	O	O
2	29	congestive	O	O
2	30	heart	O	O
2	31	failure	O	O
2	32	after	O	O
2	33	childhood	O	O
2	34	cancer	O	O
2	35	.	O	O
3	0	BACKGROUND	O	O
3	1	:	O	O
3	2	Exposure	O	O
3	3	to	O	O
3	4	anthracyclines	B	B
3	5	as	O	O
3	6	part	O	O
3	7	of	O	O
3	8	cancer	O	O
3	9	therapy	O	O
3	10	has	O	O
3	11	been	O	O
3	12	associated	O	O
3	13	with	O	O
3	14	the	O	O
3	15	development	O	O
3	16	of	O	O
3	17	congestive	O	O
3	18	heart	O	O
3	19	failure	O	O
3	20	(	O	O
3	21	CHF	O	O
3	22	)	O	O
3	23	.	O	O
3	24	The	O	O
3	25	potential	O	O
3	26	role	O	O
3	27	of	O	O
3	28	genetic	O	O
3	29	risk	O	O
3	30	factors	O	O
3	31	in	O	O
3	32	anthracycline	B	B
3	33	-	O	O
3	34	related	O	O
3	35	CHF	O	O
3	36	remains	O	O
3	37	to	O	O
3	38	be	O	O
3	39	defined	O	O
3	40	.	O	O
3	41	Thus	O	O
3	42	,	O	O
3	43	in	O	O
3	44	this	O	O
3	45	study	O	O
3	46	,	O	O
3	47	the	O	O
3	48	authors	O	O
3	49	examined	O	O
3	50	whether	O	O
3	51	common	O	O
3	52	polymorphisms	O	O
3	53	in	O	O
3	54	candidate	O	O
3	55	genes	O	O
3	56	involved	O	O
3	57	in	O	O
3	58	the	O	O
3	59	pharmacodynamics	O	O
3	60	of	O	O
3	61	anthracyclines	B	B
3	62	(	O	O
3	63	in	O	O
3	64	particular	O	O
3	65	,	O	O
3	66	the	O	O
3	67	nicotinamide	O	B
3	68	adenine	O	I
3	69	dinucleotide	O	I
3	70	phosphate	O	I
3	71	:	O	O
3	72	quinone	O	B
3	73	oxidoreductase	O	O
3	74	1	O	O
3	75	gene	O	O
3	76	NQO1	O	O
4	0	Debrisoquine	B	O
4	1	phenotype	O	O
4	2	and	O	O
4	3	the	O	O
4	4	pharmacokinetics	O	O
4	5	and	O	O
4	6	beta	O	O
4	7	-	O	O
4	8	2	O	O
4	9	receptor	O	O
4	10	pharmacodynamics	O	O
4	11	of	O	O
4	12	metoprolol	B	B
4	13	and	O	O
4	14	its	O	O
4	15	enantiomers	O	O
4	16	.	O	O
5	0	The	O	O
5	1	metabolism	O	O
5	2	of	O	O
5	3	the	O	O
5	4	cardioselective	O	O
5	5	beta	O	O
5	6	-	O	O
5	7	blocker	O	O
5	8	metoprolol	B	B
5	9	is	O	O
5	10	under	O	O
5	11	genetic	O	O
5	12	control	O	O
5	13	of	O	O
5	14	the	O	O
5	15	debrisoquine	B	B
5	16	/	O	O
5	17	sparteine	B	B
5	18	type	O	O
5	19	.	O	O
5	20	The	O	O
5	21	two	O	O
5	22	metabolic	O	O
5	23	phenotypes	O	O
5	24	,	O	O
5	25	extensive	O	O
5	26	(	O	O
5	27	EM	O	O
5	28	)	O	O
5	29	and	O	O
5	30	poor	O	O
5	31	metabolizers	O	O
5	32	(	O	O
5	33	PM	O	O
5	34	)	O	O
5	35	,	O	O
5	36	show	O	O
5	37	different	O	O
5	38	stereoselective	O	O
5	39	metabolism	O	O
5	40	,	O	O
5	41	resulting	O	O
5	42	in	O	O
5	43	apparently	O	O
5	44	higher	O	O
5	45	beta	O	O
5	46	-	O	O
5	47	1	O	O
5	48	adrenoceptor	O	O
5	49	antagonistic	O	O
5	50	potency	O	O
5	51	of	O	O
5	52	racemic	O	O
5	53	metoprolol	B	B
5	54	in	O	O
5	55	EMs	O	O
5	56	.	O	O
5	57	We	O	O
5	58	investigated	O	O
5	59	if	O	O
5	60	the	O	O
5	61	latter	O	O
5	62	also	O	O
5	63	applies	O	O
5	64	to	O	O
5	65	the	O	O
5	66	beta	O	O
5	67	-	O	O
5	68	2	O	O
5	69	adrenoceptor	O	O
5	70	antagonism	O	O
5	71	by	O	O
5	72	metoprolol	B	B
5	73	.	O	O
5	74	The	O	O
5	75	drug	O	O
5	76	effect	O	O
5	77	studied	O	O
5	78	was	O	O
5	79	the	O	O
5	80	antagonism	O	O
5	81	by	O	O
6	0	Deoxyguanosine	O	O
6	1	kinase	O	O
6	2	(	O	O
6	3	dGK	O	O
6	4	)	O	O
6	5	deficiency	O	O
6	6	is	O	O
6	7	a	O	O
6	8	frequent	O	O
6	9	cause	O	O
6	10	of	O	O
6	11	mitochondrial	O	O
6	12	DNA	O	O
6	13	depletion	O	O
6	14	associated	O	O
6	15	with	O	O
6	16	a	O	O
6	17	hepatocerebral	O	O
6	18	phenotype	O	O
6	19	.	O	O
6	20	In	O	O
6	21	this	O	O
6	22	study	O	O
6	23	,	O	O
6	24	we	O	O
6	25	describe	O	O
6	26	a	O	O
6	27	new	O	O
6	28	splice	O	O
6	29	site	O	O
6	30	mutation	O	O
6	31	in	O	O
6	32	the	O	O
6	33	DGUOK	O	O
6	34	gene	O	O
6	35	and	O	O
6	36	the	O	O
6	37	clinical	O	O
6	38	,	O	O
6	39	radiologic	O	O
6	40	,	O	O
6	41	and	O	O
6	42	genetic	O	O
6	43	features	O	O
6	44	of	O	O
6	45	these	O	O
6	46	DGUOK	O	O
6	47	patients	O	O
6	48	.	O	O
6	49	This	O	O
6	50	new	O	O
6	51	DGUOK	O	O
6	52	homozygous	O	O
6	53	mutation	O	O
6	54	(	O	O
6	55	c	O	O
6	56	.	O	O
6	57	444	O	O
6	58	-	O	O
6	59	62C	O	O
6	60	>	O	O
6	61	A	O	O
6	62	)	O	O
6	63	was	O	O
6	64	identified	O	O
6	65	in	O	O
6	66	three	O	O
6	67	patients	O	O
6	68	from	O	O
6	69	two	O	O
6	70	North	O	O
6	71	-	O	O
6	72	African	O	O
6	73	consanguineous	O	O
6	74	families	O	O
6	75	with	O	O
6	76	combined	O	O
6	77	respiratory	O	O
6	78	chain	O	O
6	79	deficiencies	O	O
6	80	and	O	O
6	81	mitochondrial	O	O
6	82	DNA	O	O
6	83	depletion	O	O
7	0	High	O	O
7	1	frequency	O	O
7	2	of	O	O
7	3	lamivudine	B	B
7	4	resistance	O	O
7	5	mutations	O	O
7	6	in	O	O
7	7	Brazilian	O	O
7	8	patients	O	O
7	9	co	O	O
7	10	-	O	O
7	11	infected	O	O
7	12	with	O	O
7	13	HIV	O	O
7	14	and	O	O
7	15	hepatitis	O	O
7	16	B	O	O
7	17	.	O	O
8	0	This	O	O
8	1	study	O	O
8	2	analyzed	O	O
8	3	the	O	O
8	4	genotype	O	O
8	5	distribution	O	O
8	6	and	O	O
8	7	frequency	O	O
8	8	of	O	O
8	9	lamivudine	B	B
8	10	(	O	O
8	11	LAM	B	B
8	12	)	O	O
8	13	and	O	O
8	14	tenofovir	B	B
8	15	(	O	O
8	16	TDF	B	B
8	17	)	O	O
8	18	resistance	O	O
8	19	mutations	O	O
8	20	in	O	O
8	21	a	O	O
8	22	group	O	O
8	23	of	O	O
8	24	patients	O	O
8	25	co	O	O
8	26	-	O	O
8	27	infected	O	O
8	28	with	O	O
8	29	HIV	O	O
8	30	and	O	O
8	31	hepatitis	O	O
8	32	B	O	O
8	33	virus	O	O
8	34	(	O	O
8	35	HBV	O	O
8	36	)	O	O
8	37	.	O	O
8	38	A	O	O
8	39	cross	O	O
8	40	-	O	O
8	41	sectional	O	O
8	42	study	O	O
8	43	of	O	O
8	44	847	O	O
8	45	patients	O	O
8	46	with	O	O
8	47	HIV	O	O
8	48	was	O	O
8	49	conducted	O	O
8	50	.	O	O
8	51	Patients	O	O
8	52	provided	O	O
8	53	blood	O	O
8	54	samples	O	O
8	55	for	O	O
8	56	HBsAg	B	B
8	57	detection	O	O
8	58	.	O	O
8	59	The	O	O
8	60	load	O	O
8	61	of	O	O
8	62	HBV	O	O
8	63	was	O	O
8	64	determined	O	O
8	65	using	O	O
8	66	an	O	O
8	67	""""	O	O
8	68	in	O	O
8	69	-	O	O
8	70	house	O	O
8	71	""""	O	O
8	72	real	O	O
8	73	-	O	O
8	74	time	O	O
8	75	polymerase	O	O
8	76	chain	O	O
8	77	reaction	O	O
8	78	.	O	O
8	79	HBV	O	O
8	80	genotypes	O	O
8	81	/	O	O
8	82	subgenotypes	O	O
8	83	,	O	O
8	84	antiviral	O	O
8	85	resistance	O	O
8	86	,	O	O
8	87	basal	O	O
8	88	core	O	O
8	89	promoter	O	O
8	90	(	O	O
8	91	BCP	O	O
9	0	PURPOSE	O	O
9	1	:	O	O
9	2	To	O	O
9	3	identify	O	O
9	4	the	O	O
9	5	mutation	O	O
9	6	in	O	O
9	7	the	O	O
9	8	fibrillin	O	O
9	9	-	O	O
9	10	1	O	O
9	11	gene	O	O
9	12	(	O	O
9	13	FBN1	O	O
9	14	)	O	O
9	15	in	O	O
9	16	a	O	O
9	17	Chinese	O	O
9	18	family	O	O
9	19	with	O	O
9	20	Marfan	O	O
9	21	syndrome	O	O
9	22	(	O	O
9	23	MFS	O	O
9	24	)	O	O
9	25	.	O	O
9	26	METHODS	O	O
9	27	:	O	O
9	28	Patients	O	O
9	29	and	O	O
9	30	family	O	O
9	31	members	O	O
9	32	were	O	O
9	33	given	O	O
9	34	complete	O	O
9	35	physical	O	O
9	36	,	O	O
9	37	ophthalmic	O	O
9	38	,	O	O
9	39	and	O	O
9	40	cardiovascular	O	O
9	41	examinations	O	O
9	42	.	O	O
9	43	Genomic	O	O
9	44	DNA	O	O
9	45	was	O	O
9	46	extracted	O	O
9	47	from	O	O
9	48	leukocytes	O	O
9	49	of	O	O
9	50	venous	O	O
9	51	blood	O	O
9	52	of	O	O
9	53	six	O	O
9	54	individuals	O	O
9	55	in	O	O
9	56	the	O	O
9	57	family	O	O
9	58	and	O	O
9	59	170	O	O
9	60	healthy	O	O
9	61	Chinese	O	O
9	62	individuals	O	O
9	63	.	O	O
9	64	All	O	O
9	65	of	O	O
9	66	the	O	O
9	67	65	O	O
9	68	coding	O	O
9	69	exons	O	O
9	70	and	O	O
9	71	their	O	O
9	72	flanking	O	O
9	73	intronic	O	O
9	74	boundaries	O	O
9	75	of	O	O
9	76	FBN1	O	O
9	77	were	O	O
9	78	amplified	O	O
9	79	in	O	O
9	80	the	O	O
9	81	proband	O	O
9	82	by	O	O
9	83	polymerase	O	O
9	84	chain	O	O
9	85	reaction	O	O
9	86	and	O	O
9	87	followed	O	O
9	88	by	O	O
9	89	direct	O	O
9	90	sequencing	O	O
9	91	.	O	O
9	92	The	O	O
10	0	Absence	O	O
10	1	of	O	O
10	2	PKC	O	O
10	3	-	O	O
10	4	alpha	O	O
10	5	attenuates	O	O
10	6	lithium	B	B
10	7	-	O	O
10	8	induced	O	O
10	9	nephrogenic	O	O
10	10	diabetes	O	O
10	11	insipidus	O	O
10	12	.	O	O
11	0	Lithium	B	B
11	1	,	O	O
11	2	an	O	O
11	3	effective	O	O
11	4	antipsychotic	O	O
11	5	,	O	O
11	6	induces	O	O
11	7	nephrogenic	O	O
11	8	diabetes	O	O
11	9	insipidus	O	O
11	10	(	O	O
11	11	NDI	O	O
11	12	)	O	O
11	13	in	O	O
11	14	40	O	O
11	15	%	O	O
11	16	of	O	O
11	17	patients	O	O
11	18	.	O	O
11	19	The	O	O
11	20	decreased	O	O
11	21	capacity	O	O
11	22	to	O	O
11	23	concentrate	O	O
11	24	urine	O	O
11	25	is	O	O
11	26	likely	O	O
11	27	due	O	O
11	28	to	O	O
11	29	lithium	B	B
11	30	acutely	O	O
11	31	disrupting	O	O
11	32	the	O	O
11	33	cAMP	B	B
11	34	pathway	O	O
11	35	and	O	O
11	36	chronically	O	O
11	37	reducing	O	O
11	38	urea	O	B
11	39	transporter	O	O
11	40	(	O	O
11	41	UT	O	O
11	42	-	O	O
11	43	A1	O	O
11	44	)	O	O
11	45	and	O	O
11	46	water	O	O
11	47	channel	O	O
11	48	(	O	O
11	49	AQP2	O	O
11	50	)	O	O
11	51	expression	O	O
11	52	in	O	O
11	53	the	O	O
11	54	inner	O	O
11	55	medulla	O	O
11	56	.	O	O
11	57	Targeting	O	O
11	58	an	O	O
11	59	alternative	O	O
11	60	signaling	O	O
11	61	pathway	O	O
11	62	,	O	O
11	63	such	O	O
11	64	as	O	O
11	65	PKC	O	O
11	66	-	O	O
11	67	mediated	O	O
11	68	signaling	O	O
11	69	,	O	O
11	70	may	O	O
11	71	be	O	O
11	72	an	O	O
11	73	effective	O	O
11	74	method	O	O
11	75	of	O	O
11	76	treating	O	O
11	77	lithium	B	B
11	78	-	O	O
11	79	induced	O	O
11	80	polyuria	O	O
11	81	.	O	O
11	82	PKC	O	O
11	83	-	O	O
11	84	alpha	O	O
11	85	null	O	O
11	86	mice	O	O
11	87	(	O	O
11	88	PKCa	O	O
12	0	Decreased	O	O
12	1	Whole	O	O
12	2	-	O	O
12	3	Body	O	O
12	4	Fat	O	O
12	5	Mass	O	O
12	6	Produced	O	O
12	7	by	O	O
12	8	Chronic	O	O
12	9	Alcohol	B	O
12	10	Consumption	O	O
12	11	is	O	O
12	12	Associated	O	O
12	13	with	O	O
12	14	Activation	O	O
12	15	of	O	O
12	16	S6K1	O	O
12	17	-	O	O
12	18	Mediated	O	O
12	19	Protein	O	O
12	20	Synthesis	O	O
12	21	and	O	O
12	22	Increased	O	O
12	23	Autophagy	O	O
12	24	in	O	O
12	25	Epididymal	O	O
12	26	White	O	O
12	27	Adipose	O	O
12	28	Tissue	O	O
12	29	.	O	O
13	0	BACKGROUND	O	O
13	1	:	O	O
13	2	Chronic	O	O
13	3	alcohol	B	B
13	4	consumption	O	O
13	5	leads	O	O
13	6	to	O	O
13	7	a	O	O
13	8	loss	O	O
13	9	of	O	O
13	10	white	O	O
13	11	adipose	O	O
13	12	tissue	O	O
13	13	(	O	O
13	14	WAT	O	O
13	15	)	O	O
13	16	but	O	O
13	17	the	O	O
13	18	underlying	O	O
13	19	mechanisms	O	O
13	20	for	O	O
13	21	this	O	O
13	22	lipodystrophy	O	O
13	23	are	O	O
13	24	not	O	O
13	25	fully	O	O
13	26	elucidated	O	O
13	27	.	O	O
13	28	This	O	O
13	29	study	O	O
13	30	tested	O	O
13	31	the	O	O
13	32	hypothesis	O	O
13	33	that	O	O
13	34	the	O	O
13	35	reduction	O	O
13	36	in	O	O
13	37	WAT	O	O
13	38	mass	O	O
13	39	in	O	O
13	40	chronic	O	O
13	41	alcohol	B	B
13	42	-	O	O
13	43	fed	O	O
13	44	mice	O	O
13	45	is	O	O
13	46	associated	O	O
13	47	with	O	O
13	48	a	O	O
13	49	decreased	O	O
13	50	protein	O	O
13	51	synthesis	O	O
13	52	specifically	O	O
13	53	related	O	O
13	54	to	O	O
13	55	impaired	O	O
13	56	function	O	O
13	57	of	O	O
13	58	mammalian	O	O
13	59	target	O	O
13	60	of	O	O
13	61	rapamycin	O	B
13	62	(	O	O
13	63	mTOR	O	O
13	64	)	O	O
13	65	.	O	O
13	66	METHODS	O	O
13	67	:	O	O
13	68	Adult	O	O
13	69	male	O	O
13	70	mice	O	O
13	71	were	O	O
13	72	provided	O	O
13	73	an	O	O
13	74	alcohol	B	B
13	75	-	O	O
13	76	containing	O	O
13	77	liquid	O	O
13	78	diet	O	O
13	79	for	O	O
13	80	24	O	O
13	81	weeks	O	O
13	82	or	O	O
13	83	an	O	O
13	84	isonitrogenous	O	O
13	85	isocaloric	O	O
13	86	control	O	O
13	87	diet	O	O
13	88	.	O	O
13	89	In	O	O
13	90	vivo	O	O
13	91	protein	O	O
14	0	Nefiracetam	B	B
14	1	(	O	O
14	2	DM	B	B
14	3	-	I	I
14	4	9384	I	I
14	5	)	O	O
14	6	reverses	O	O
14	7	apomorphine	B	B
14	8	-	O	O
14	9	induced	O	O
14	10	amnesia	O	O
14	11	of	O	O
14	12	a	O	O
14	13	passive	O	O
14	14	avoidance	O	O
14	15	response	O	O
14	16	:	O	O
14	17	delayed	O	O
14	18	emergence	O	O
14	19	of	O	O
14	20	the	O	O
14	21	memory	O	O
14	22	retention	O	O
14	23	effects	O	O
14	24	.	O	O
15	0	Nefiracetam	B	B
15	1	is	O	O
15	2	a	O	O
15	3	novel	O	O
15	4	pyrrolidone	B	B
15	5	derivative	O	O
15	6	which	O	O
15	7	attenuates	O	O
15	8	scopolamine	B	B
15	9	-	O	O
15	10	induced	O	O
15	11	learning	O	O
15	12	and	O	O
15	13	post	O	O
15	14	-	O	O
15	15	training	O	O
15	16	consolidation	O	O
15	17	deficits	O	O
15	18	.	O	O
15	19	Given	O	O
15	20	that	O	O
15	21	apomorphine	B	B
15	22	inhibits	O	O
15	23	passive	O	O
15	24	avoidance	O	O
15	25	retention	O	O
15	26	when	O	O
15	27	given	O	O
15	28	during	O	O
15	29	training	O	O
15	30	or	O	O
15	31	in	O	O
15	32	a	O	O
15	33	defined	O	O
15	34	10	O	O
15	35	-	O	O
15	36	12h	O	O
15	37	post	O	O
15	38	-	O	O
15	39	training	O	O
15	40	period	O	O
15	41	,	O	O
15	42	we	O	O
15	43	evaluated	O	O
15	44	the	O	O
15	45	ability	O	O
15	46	of	O	O
15	47	nefiracetam	B	B
15	48	to	O	O
15	49	attenuate	O	O
15	50	amnesia	O	O
15	51	induced	O	O
15	52	by	O	O
15	53	dopaminergic	B	O
15	54	agonism	I	O
15	55	.	O	O
15	56	A	O	O
15	57	step	O	O
15	58	-	O	O
15	59	down	O	O
15	60	passive	O	O
15	61	avoidance	O	O
15	62	paradigm	O	O
15	63	was	O	O
15	64	employed	O	O
15	65	and	O	O
15	66	nefiracetam	B	B
15	67	(	O	O
15	68	3	O	O
15	69	mg	O	O
15	70	/	O	O
15	71	kg	O	O
15	72	)	O	O
15	73	and	O	O
15	74	apomorphine	B	B
15	75	(	O	O
15	76	0	O	O
15	77	.	O	O
15	78	5	O	O
15	79	mg	O	O
15	80	/	O	O
15	81	kg	O	O
15	82	)	O	O
15	83	were	O	O
15	84	given	O	O
16	0	Pethidine	B	B
16	1	-	O	O
16	2	associated	O	O
16	3	seizure	O	O
16	4	in	O	O
16	5	a	O	O
16	6	healthy	O	O
16	7	adolescent	O	O
16	8	receiving	O	O
16	9	pethidine	B	B
16	10	for	O	O
16	11	postoperative	O	O
16	12	pain	O	O
16	13	control	O	O
16	14	.	O	O
17	0	A	O	O
17	1	healthy	O	O
17	2	17	O	O
17	3	-	O	O
17	4	year	O	O
17	5	-	O	O
17	6	old	O	O
17	7	male	O	O
17	8	received	O	O
17	9	standard	O	O
17	10	intermittent	O	O
17	11	doses	O	O
17	12	of	O	O
17	13	pethidine	B	B
17	14	via	O	O
17	15	a	O	O
17	16	patient	O	O
17	17	-	O	O
17	18	controlled	O	O
17	19	analgesia	O	O
17	20	(	O	O
17	21	PCA	O	O
17	22	)	O	O
17	23	pump	O	O
17	24	for	O	O
17	25	management	O	O
17	26	of	O	O
17	27	postoperative	O	O
17	28	pain	O	O
17	29	control	O	O
17	30	.	O	O
17	31	Twenty	O	O
17	32	-	O	O
17	33	three	O	O
17	34	h	O	O
17	35	postoperatively	O	O
17	36	he	O	O
17	37	developed	O	O
17	38	a	O	O
17	39	brief	O	O
17	40	self	O	O
17	41	-	O	O
17	42	limited	O	O
17	43	seizure	O	O
17	44	.	O	O
17	45	Both	O	O
17	46	plasma	O	O
17	47	pethidine	B	B
17	48	and	O	O
17	49	norpethidine	B	B
17	50	were	O	O
17	51	elevated	O	O
17	52	in	O	O
17	53	the	O	O
17	54	range	O	O
17	55	associated	O	O
17	56	with	O	O
17	57	clinical	O	O
17	58	manifestations	O	O
17	59	of	O	O
17	60	central	O	O
17	61	nervous	O	O
17	62	system	O	O
17	63	excitation	O	O
17	64	.	O	O
17	65	No	O	O
17	66	other	O	O
17	67	risk	O	O
17	68	factors	O	O
17	69	for	O	O
17	70	CNS	O	O
17	71	toxicity	O	O
17	72	were	O	O
17	73	identified	O	O
17	74	.	O	O
17	75	This	O	O
17	76	method	O	O
17	77	allowed	O	O
17	78	frequent	O	O
17	79	self	O	O
17	80	-	O	O
17	81	dosing	O	O
17	82	of	O	O
17	83	pethidine	B	B
17	84	at	O	O
17	85	short	O	O
17	86	time	O	O
17	87	intervals	O	O
17	88	and	O	O
17	89	rapid	O	O
17	90	accumulation	O	O
17	91	of	O	O
17	92	pethidine	B	B
17	93	and	O	O
17	94	norpethidine	B	B
17	95	.	O	O
17	96	The	O	O
17	97	routine	O	O
17	98	use	O	O
17	99	of	O	O
18	0	Recovery	O	O
18	1	of	O	O
18	2	tacrolimus	B	B
18	3	-	O	O
18	4	associated	O	O
18	5	brachial	O	O
18	6	neuritis	O	O
18	7	after	O	O
18	8	conversion	O	O
18	9	to	O	O
18	10	everolimus	B	B
18	11	in	O	O
18	12	a	O	O
18	13	pediatric	O	O
18	14	renal	O	O
18	15	transplant	O	O
18	16	recipient	O	O
18	17	-	O	O
18	18	-	O	O
18	19	case	O	O
18	20	report	O	O
18	21	and	O	O
18	22	review	O	O
18	23	of	O	O
18	24	the	O	O
18	25	literature	O	O
18	26	.	O	O
19	0	TAC	B	B
19	1	has	O	O
19	2	been	O	O
19	3	shown	O	O
19	4	to	O	O
19	5	be	O	O
19	6	a	O	O
19	7	potent	O	O
19	8	immunosuppressive	O	O
19	9	agent	O	O
19	10	for	O	O
19	11	solid	O	O
19	12	organ	O	O
19	13	transplantation	O	O
19	14	in	O	O
19	15	pediatrics	O	O
19	16	.	O	O
19	17	Neurotoxicity	O	O
19	18	is	O	O
19	19	a	O	O
19	20	potentially	O	O
19	21	serious	O	O
19	22	toxic	O	O
19	23	effect	O	O
19	24	.	O	O
19	25	It	O	O
19	26	is	O	O
19	27	characterized	O	O
19	28	by	O	O
19	29	encephalopathy	O	O
19	30	,	O	O
19	31	headaches	O	O
19	32	,	O	O
19	33	seizures	O	O
19	34	,	O	O
19	35	or	O	O
19	36	neurological	O	O
19	37	deficits	O	O
19	38	.	O	O
19	39	Here	O	O
19	40	,	O	O
19	41	we	O	O
19	42	describe	O	O
19	43	an	O	O
19	44	eight	O	O
19	45	-	O	O
19	46	and	O	O
19	47	-	O	O
19	48	a	O	O
19	49	-	O	O
19	50	half	O	O
19	51	-	O	O
19	52	yr	O	O
19	53	-	O	O
19	54	old	O	O
19	55	male	O	O
19	56	renal	O	O
19	57	transplant	O	O
19	58	recipient	O	O
19	59	with	O	O
19	60	right	O	O
19	61	BN	O	O
19	62	.	O	O
19	63	MRI	O	O
19	64	demonstrated	O	O
19	65	hyperintense	O	O
19	66	T2	O	O
19	67	signals	O	O
19	68	in	O	O
19	69	the	O	O
19	70	cervical	O	O
19	71	cord	O	O
19	72	and	O	O
19	73	right	O	O
19	74	brachial	O	O
19	75	plexus	O	O
19	76	roots	O	O
19	77	indicative	O	O
19	78	of	O	O
19	79	both	O	O
19	80	myelitis	O	O
19	81	and	O	O
19	82	right	O	O
19	83	brachial	O	O
19	84	plexitis	O	O
20	0	Plants	O	O
20	1	maintain	O	O
20	2	pools	O	O
20	3	of	O	O
20	4	pluripotent	O	O
20	5	stem	O	O
20	6	cells	O	O
20	7	which	O	O
20	8	allow	O	O
20	9	them	O	O
20	10	to	O	O
20	11	constantly	O	O
20	12	produce	O	O
20	13	new	O	O
20	14	tissues	O	O
20	15	and	O	O
20	16	organs	O	O
20	17	.	O	O
20	18	Stem	O	O
20	19	cell	O	O
20	20	homeostasis	O	O
20	21	in	O	O
20	22	shoot	O	O
20	23	and	O	O
20	24	root	O	O
20	25	tips	O	O
20	26	depends	O	O
20	27	on	O	O
20	28	negative	O	O
20	29	regulation	O	O
20	30	by	O	O
20	31	ligand	O	O
20	32	-	O	O
20	33	receptor	O	O
20	34	pairs	O	O
20	35	of	O	O
20	36	the	O	O
20	37	CLE	O	O
20	38	peptide	O	O
20	39	and	O	O
20	40	leucine	O	B
20	41	-	O	O
20	42	rich	O	O
20	43	repeat	O	O
20	44	receptor	O	O
20	45	-	O	O
20	46	like	O	O
20	47	kinase	O	O
20	48	(	O	O
20	49	LRR	O	O
20	50	-	O	O
20	51	RLK	O	O
20	52	)	O	O
20	53	families	O	O
20	54	.	O	O
20	55	However	O	O
20	56	,	O	O
20	57	regulation	O	O
20	58	of	O	O
20	59	the	O	O
20	60	cambium	O	O
20	61	,	O	O
20	62	the	O	O
20	63	stem	O	O
20	64	cell	O	O
20	65	niche	O	O
20	66	required	O	O
20	67	for	O	O
20	68	lateral	O	O
20	69	growth	O	O
20	70	of	O	O
20	71	shoots	O	O
20	72	and	O	O
20	73	roots	O	O
20	74	,	O	O
20	75	is	O	O
20	76	poorly	O	O
20	77	characterized	O	O
20	78	.	O	O
20	79	Here	O	O
20	80	we	O	O
20	81	show	O	O
20	82	that	O	O
20	83	the	O	O
20	84	LRR	O	O
20	85	-	O	O
20	86	RLK	O	O
20	87	MOL1	O	O
20	88	is	O	O
20	89	necessary	O	O
20	90	for	O	O
20	91	cambium	O	O
20	92	homeostasis	O	O
20	93	in	O	O
20	94	Arabidopsis	O	O
21	0	In	O	O
21	1	vivo	O	O
21	2	evidences	O	O
21	3	suggesting	O	O
21	4	the	O	O
21	5	role	O	O
21	6	of	O	O
21	7	oxidative	O	O
21	8	stress	O	O
21	9	in	O	O
21	10	pathogenesis	O	O
21	11	of	O	O
21	12	vancomycin	B	B
21	13	-	O	O
21	14	induced	O	O
21	15	nephrotoxicity	O	O
21	16	:	O	O
21	17	protection	O	O
21	18	by	O	O
21	19	erdosteine	B	B
21	20	.	O	O
22	0	The	O	O
22	1	aims	O	O
22	2	of	O	O
22	3	this	O	O
22	4	study	O	O
22	5	were	O	O
22	6	to	O	O
22	7	examine	O	O
22	8	vancomycin	B	B
22	9	(	O	O
22	10	VCM	B	B
22	11	)	O	O
22	12	-	O	O
22	13	induced	O	O
22	14	oxidative	O	O
22	15	stress	O	O
22	16	that	O	O
22	17	promotes	O	O
22	18	production	O	O
22	19	of	O	O
22	20	reactive	B	O
22	21	oxygen	I	B
22	22	species	I	O
22	23	(	O	O
22	24	ROS	B	O
22	25	)	O	O
22	26	and	O	O
22	27	to	O	O
22	28	investigate	O	O
22	29	the	O	O
22	30	role	O	O
22	31	of	O	O
22	32	erdosteine	B	B
22	33	,	O	O
22	34	an	O	O
22	35	expectorant	O	O
22	36	agent	O	O
22	37	,	O	O
22	38	which	O	O
22	39	has	O	O
22	40	also	O	O
22	41	antioxidant	B	O
22	42	properties	O	O
22	43	,	O	O
22	44	on	O	O
22	45	kidney	O	O
22	46	tissue	O	O
22	47	against	O	O
22	48	the	O	O
22	49	possible	O	O
22	50	VCM	B	B
22	51	-	O	O
22	52	induced	O	O
22	53	renal	O	O
22	54	impairment	O	O
22	55	in	O	O
22	56	rats	O	O
22	57	.	O	O
22	58	Rats	O	O
22	59	were	O	O
22	60	divided	O	O
22	61	into	O	O
22	62	three	O	O
22	63	groups	O	O
22	64	:	O	O
22	65	sham	O	O
22	66	,	O	O
22	67	VCM	B	B
22	68	and	O	O
22	69	VCM	B	B
22	70	plus	O	O
22	71	erdosteine	B	B
22	72	.	O	O
22	73	VCM	B	B
22	74	was	O	O
22	75	administrated	O	O
22	76	intraperitoneally	O	O
22	77	(	O	O
22	78	i	O	O
22	79	.	O	O
22	80	p	O	O
22	81	.	O	O
22	82	)	O	O
22	83	with	O	O
22	84	200mgkg	O	O
22	85	(	O	O
23	0	Background	O	O
23	1	:	O	O
23	2	Heterozygous	O	O
23	3	mutations	O	O
23	4	in	O	O
23	5	GUCA1A	O	O
23	6	(	O	O
23	7	MIM	O	O
23	8	#	O	O
23	9	600364	O	O
23	10	)	O	O
23	11	have	O	O
23	12	been	O	O
23	13	identified	O	O
23	14	to	O	O
23	15	cause	O	O
23	16	autosomal	O	O
23	17	dominantly	O	O
23	18	inherited	O	O
23	19	cone	O	O
23	20	dystrophy	O	O
23	21	,	O	O
23	22	cone	O	O
23	23	rod	O	O
23	24	dystrophy	O	O
23	25	and	O	O
23	26	macular	O	O
23	27	dystrophy	O	O
23	28	.	O	O
23	29	However	O	O
23	30	,	O	O
23	31	the	O	O
23	32	role	O	O
23	33	of	O	O
23	34	GUCA1B	O	O
23	35	gene	O	O
23	36	mutations	O	O
23	37	in	O	O
23	38	inherited	O	O
23	39	retinal	O	O
23	40	disease	O	O
23	41	has	O	O
23	42	been	O	O
23	43	controversial	O	O
23	44	.	O	O
23	45	We	O	O
23	46	therefore	O	O
23	47	performed	O	O
23	48	a	O	O
23	49	mutation	O	O
23	50	analysis	O	O
23	51	of	O	O
23	52	the	O	O
23	53	GUCA1B	O	O
23	54	gene	O	O
23	55	in	O	O
23	56	a	O	O
23	57	clinically	O	O
23	58	well	O	O
23	59	characterized	O	O
23	60	group	O	O
23	61	of	O	O
23	62	patients	O	O
23	63	of	O	O
23	64	European	O	O
23	65	and	O	O
23	66	North	O	O
23	67	-	O	O
23	68	American	O	O
23	69	geographical	O	O
23	70	origin	O	O
23	71	with	O	O
23	72	autosomal	O	O
23	73	dominantly	O	O
23	74	inherited	O	O
23	75	cone	O	O
23	76	dystrophy	O	O
23	77	and	O	O
23	78	cone	O	O
23	79	rod	O	O
23	80	dystrophy	O	O
23	81	.	O	O
24	0	Cardioprotective	O	O
24	1	effect	O	O
24	2	of	O	O
24	3	tincture	B	B
24	4	of	I	I
24	5	Crataegus	I	I
24	6	on	O	O
24	7	isoproterenol	B	B
24	8	-	O	O
24	9	induced	O	O
24	10	myocardial	O	O
24	11	infarction	O	O
24	12	in	O	O
24	13	rats	O	O
24	14	.	O	O
25	0	Tincture	B	B
25	1	of	I	I
25	2	Crataegus	I	I
25	3	(	O	O
25	4	TCR	B	B
25	5	)	O	O
25	6	,	O	O
25	7	an	O	O
25	8	alcoholic	B	B
25	9	extract	I	I
25	10	of	I	I
25	11	the	I	I
25	12	berries	I	I
25	13	of	I	I
25	14	hawthorn	I	I
25	15	(	O	O
25	16	Crataegus	B	B
25	17	oxycantha	I	I
25	18	)	O	O
25	19	,	O	O
25	20	is	O	O
25	21	used	O	O
25	22	in	O	O
25	23	herbal	O	O
25	24	and	O	O
25	25	homeopathic	O	O
25	26	medicine	O	O
25	27	.	O	O
25	28	The	O	O
25	29	present	O	O
25	30	study	O	O
25	31	was	O	O
25	32	done	O	O
25	33	to	O	O
25	34	investigate	O	O
25	35	the	O	O
25	36	protective	O	O
25	37	effect	O	O
25	38	of	O	O
25	39	TCR	B	B
25	40	on	O	O
25	41	experimentally	O	O
25	42	induced	O	O
25	43	myocardial	O	O
25	44	infarction	O	O
25	45	in	O	O
25	46	rats	O	O
25	47	.	O	O
25	48	Pretreatment	O	O
25	49	of	O	O
25	50	TCR	B	B
25	51	,	O	O
25	52	at	O	O
25	53	a	O	O
25	54	dose	O	O
25	55	of	O	O
25	56	0	O	O
25	57	.	O	O
25	58	5	O	O
25	59	mL	O	O
25	60	/	O	O
25	61	100	O	O
25	62	g	O	O
25	63	bodyweight	O	O
25	64	per	O	O
25	65	day	O	O
25	66	,	O	O
25	67	orally	O	O
25	68	for	O	O
25	69	30	O	O
25	70	days	O	O
25	71	,	O	O
25	72	prevented	O	O
25	73	the	O	O
25	74	increase	O	O
25	75	in	O	O
25	76	lipid	B	O
25	77	peroxidation	O	O
25	78	and	O	O
25	79	activity	O	O
25	80	of	O	O
25	81	marker	O	O
25	82	enzymes	O	O
25	83	observed	O	O
25	84	in	O	O
25	85	isoproterenol	B	B
25	86	-	O	O
26	0	We	O	O
26	1	report	O	O
26	2	a	O	O
26	3	case	O	O
26	4	of	O	O
26	5	Gitelman	O	O
26	6	syndrome	O	O
26	7	(	O	O
26	8	GS	O	O
26	9	)	O	O
26	10	in	O	O
26	11	a	O	O
26	12	dizygotic	O	O
26	13	twin	O	O
26	14	who	O	O
26	15	presented	O	O
26	16	at	O	O
26	17	12	O	O
26	18	years	O	O
26	19	of	O	O
26	20	age	O	O
26	21	with	O	O
26	22	growth	O	O
26	23	delay	O	O
26	24	,	O	O
26	25	metabolic	O	O
26	26	alkalosis	O	O
26	27	,	O	O
26	28	hypomagnesemia	O	O
26	29	and	O	O
26	30	hypokalemia	O	O
26	31	with	O	O
26	32	inappropriate	O	O
26	33	kaliuresis	O	O
26	34	,	O	O
26	35	and	O	O
26	36	idiopathic	O	O
26	37	intracranial	O	O
26	38	hypertension	O	O
26	39	with	O	O
26	40	bilateral	O	O
26	41	papilledema	O	O
26	42	(	O	O
26	43	pseudotumor	O	O
26	44	cerebri	O	O
26	45	)	O	O
26	46	.	O	O
26	47	The	O	O
26	48	patient	O	O
26	49	,	O	O
26	50	her	O	O
26	51	twin	O	O
26	52	sister	O	O
26	53	,	O	O
26	54	and	O	O
26	55	her	O	O
26	56	mother	O	O
26	57	also	O	O
26	58	presented	O	O
26	59	with	O	O
26	60	cerebral	O	O
26	61	cavernous	O	O
26	62	malformations	O	O
26	63	.	O	O
26	64	Based	O	O
26	65	on	O	O
26	66	the	O	O
26	67	early	O	O
26	68	onset	O	O
26	69	and	O	O
26	70	normocalciuria	O	O
26	71	,	O	O
26	72	Bartter	O	O
26	73	syndrome	O	O
26	74	was	O	O
26	75	diagnosed	O	O
26	76	first	O	O
26	77	.	O	O
26	78	However	O	O
27	0	According	O	O
27	1	to	O	O
27	2	recent	O	O
27	3	genome	O	O
27	4	-	O	O
27	5	wide	O	O
27	6	association	O	O
27	7	studies	O	O
27	8	,	O	O
27	9	a	O	O
27	10	number	O	O
27	11	of	O	O
27	12	single	O	O
27	13	nucleotide	O	O
27	14	polymorphisms	O	O
27	15	(	O	O
27	16	SNPs	O	O
27	17	)	O	O
27	18	are	O	O
27	19	reported	O	O
27	20	to	O	O
27	21	be	O	O
27	22	associated	O	O
27	23	with	O	O
27	24	type	O	O
27	25	2	O	O
27	26	diabetes	O	O
27	27	mellitus	O	O
27	28	(	O	O
27	29	T2DM	O	O
27	30	)	O	O
27	31	.	O	O
27	32	The	O	O
27	33	aim	O	O
27	34	of	O	O
27	35	the	O	O
27	36	present	O	O
27	37	study	O	O
27	38	was	O	O
27	39	to	O	O
27	40	investigate	O	O
27	41	the	O	O
27	42	association	O	O
27	43	among	O	O
27	44	the	O	O
27	45	polymorphisms	O	O
27	46	of	O	O
27	47	SLC30A8	O	O
27	48	,	O	O
27	49	HHEX	O	O
27	50	,	O	O
27	51	CDKN2A	O	O
27	52	/	O	O
27	53	B	O	O
27	54	,	O	O
27	55	IGF2BP2	O	O
27	56	,	O	O
27	57	FTO	O	O
27	58	,	O	O
27	59	WFS1	O	O
27	60	,	O	O
27	61	CDKAL1	O	O
27	62	and	O	O
27	63	KCNQ1	O	O
27	64	and	O	O
27	65	the	O	O
27	66	risk	O	O
27	67	of	O	O
27	68	T2DM	O	O
27	69	in	O	O
27	70	the	O	O
27	71	Korean	O	O
27	72	population	O	O
27	73	.	O	O
27	74	This	O	O
27	75	study	O	O
27	76	was	O	O
27	77	based	O	O
27	78	on	O	O
27	79	a	O	O
27	80	multicenter	O	O
28	0	Serotonin	O	B
28	1	6	O	O
28	2	receptor	O	O
28	3	gene	O	O
28	4	is	O	O
28	5	associated	O	O
28	6	with	O	O
28	7	methamphetamine	B	B
28	8	-	O	O
28	9	induced	O	O
28	10	psychosis	O	O
28	11	in	O	O
28	12	a	O	O
28	13	Japanese	O	O
28	14	population	O	O
28	15	.	O	O
29	0	BACKGROUND	O	O
29	1	:	O	O
29	2	Altered	O	O
29	3	serotonergic	O	O
29	4	neural	O	O
29	5	transmission	O	O
29	6	is	O	O
29	7	hypothesized	O	O
29	8	to	O	O
29	9	be	O	O
29	10	a	O	O
29	11	susceptibility	O	O
29	12	factor	O	O
29	13	for	O	O
29	14	psychotic	O	O
29	15	disorders	O	O
29	16	such	O	O
29	17	as	O	O
29	18	schizophrenia	O	O
29	19	.	O	O
29	20	The	O	O
29	21	serotonin	O	B
29	22	6	O	O
29	23	(	O	O
29	24	5	O	O
29	25	-	O	O
29	26	HT6	O	O
29	27	)	O	O
29	28	receptor	O	O
29	29	is	O	O
29	30	therapeutically	O	O
29	31	targeted	O	O
29	32	by	O	O
29	33	several	O	O
29	34	second	O	O
29	35	generation	O	O
29	36	antipsychotics	B	O
29	37	,	O	O
29	38	such	O	O
29	39	as	O	O
29	40	clozapine	B	B
29	41	and	O	O
29	42	olanzapine	B	B
29	43	,	O	O
29	44	and	O	O
29	45	d	B	B
29	46	-	I	I
29	47	amphetamine	I	I
29	48	-	O	O
29	49	induced	O	O
29	50	hyperactivity	O	O
29	51	in	O	O
29	52	rats	O	O
29	53	is	O	O
29	54	corrected	O	O
29	55	with	O	O
29	56	the	O	O
29	57	use	O	O
29	58	of	O	O
29	59	a	O	O
29	60	selective	O	O
29	61	5	B	O
29	62	-	I	O
29	63	HT6	I	O
29	64	receptor	I	O
29	65	antagonist	I	O
29	66	.	O	O
29	67	In	O	O
29	68	addition	O	O
29	69	,	O	O
29	70	the	O	O
29	71	disrupted	O	O
29	72	prepulse	O	O
29	73	inhibition	O	O
29	74	induced	O	O
29	75	by	O	O
29	76	d	B	O
30	0	Reciprocal	O	O
30	1	effects	O	O
30	2	of	O	O
30	3	NNK	B	O
30	4	and	O	O
30	5	SLURP	O	O
30	6	-	O	O
30	7	1	O	O
30	8	on	O	O
30	9	oncogene	O	O
30	10	expression	O	O
30	11	in	O	O
30	12	target	O	O
30	13	epithelial	O	O
30	14	cells	O	O
30	15	.	O	O
31	0	AIMS	O	O
31	1	:	O	O
31	2	To	O	O
31	3	elucidate	O	O
31	4	how	O	O
31	5	the	O	O
31	6	nicotinic	O	O
31	7	acetylcholine	O	B
31	8	receptors	O	O
31	9	expressed	O	O
31	10	on	O	O
31	11	bronchial	O	O
31	12	and	O	O
31	13	oral	O	O
31	14	epithelial	O	O
31	15	cells	O	O
31	16	targeted	O	O
31	17	by	O	O
31	18	the	O	O
31	19	tobacco	O	O
31	20	nitrosamine	B	B
31	21	(	O	O
31	22	4	B	B
31	23	-	I	I
31	24	(	I	I
31	25	methylnitrosamino	I	I
31	26	)	I	I
31	27	-	I	I
31	28	1	I	I
31	29	-	I	I
31	30	(	I	I
31	31	3	I	I
31	32	-	I	I
31	33	pyridyl	I	I
31	34	)	I	I
31	35	-	I	I
31	36	1	I	I
31	37	-	I	I
31	38	butanone	I	I
31	39	)	O	O
31	40	(	O	O
31	41	NNK	B	B
31	42	)	O	O
31	43	facilitate	O	O
31	44	carcinogenic	O	O
31	45	transformation	O	O
31	46	.	O	O
31	47	MAIN	O	O
31	48	METHODS	O	O
31	49	:	O	O
31	50	Since	O	O
31	51	NNK	B	B
31	52	-	O	O
31	53	dependent	O	O
31	54	transformation	O	O
31	55	can	O	O
31	56	be	O	O
31	57	abolished	O	O
31	58	by	O	O
31	59	the	O	O
31	60	nicotinergic	O	O
31	61	secreted	O	O
31	62	mammalian	O	O
31	63	Ly	O	O
31	64	-	O	O
31	65	6	O	O
31	66	/	O	O
31	67	urokinase	O	O
31	68	plasminogen	O	O
31	69	activator	O	O
32	0	Long	O	O
32	1	-	O	O
32	2	term	O	O
32	3	exposure	O	O
32	4	of	O	O
32	5	MCF	O	O
32	6	-	O	O
32	7	7	O	O
32	8	breast	O	O
32	9	cancer	O	O
32	10	cells	O	O
32	11	to	O	O
32	12	ethanol	B	B
32	13	stimulates	O	O
32	14	oncogenic	O	O
32	15	features	O	O
32	16	.	O	O
33	0	Alcohol	B	B
33	1	consumption	O	O
33	2	is	O	O
33	3	a	O	O
33	4	risk	O	O
33	5	factor	O	O
33	6	for	O	O
33	7	breast	O	O
33	8	cancer	O	O
33	9	.	O	O
33	10	Little	O	O
33	11	is	O	O
33	12	known	O	O
33	13	regarding	O	O
33	14	the	O	O
33	15	mechanism	O	O
33	16	,	O	O
33	17	although	O	O
33	18	it	O	O
33	19	is	O	O
33	20	assumed	O	O
33	21	that	O	O
33	22	acetaldehyde	B	B
33	23	or	O	O
33	24	estrogen	B	B
33	25	mediated	O	O
33	26	pathways	O	O
33	27	play	O	O
33	28	a	O	O
33	29	role	O	O
33	30	.	O	O
33	31	We	O	O
33	32	previously	O	O
33	33	showed	O	O
33	34	that	O	O
33	35	long	O	O
33	36	-	O	O
33	37	term	O	O
33	38	exposure	O	O
33	39	to	O	O
33	40	2	O	O
33	41	.	O	O
33	42	5	O	O
33	43	mM	O	O
33	44	ethanol	B	B
33	45	(	O	O
33	46	blood	O	O
33	47	alcohol	B	B
33	48	~	O	O
33	49	0	O	O
33	50	.	O	O
33	51	012	O	O
33	52	%	O	O
33	53	)	O	O
33	54	of	O	O
33	55	MCF	O	O
33	56	-	O	O
33	57	12A	O	O
33	58	,	O	O
33	59	a	O	O
33	60	human	O	O
33	61	normal	O	O
33	62	epithelial	O	O
33	63	breast	O	O
33	64	cell	O	O
33	65	line	O	O
33	66	,	O	O
33	67	induced	O	O
33	68	epithelial	O	O
33	69	mesenchymal	O	O
33	70	transition	O	O
33	71	(	O	O
33	72	EMT	O	O
33	73	)	O	O
33	74	and	O	O
33	75	oncogenic	O	O
33	76	transformation	O	O
33	77	.	O	O
33	78	In	O	O
33	79	this	O	O
33	80	study	O	O
33	81	,	O	O
33	82	we	O	O
33	83	investigated	O	O
33	84	in	O	O
33	85	the	O	O
33	86	human	O	O
33	87	breast	O	O
33	88	cancer	O	O
33	89	cell	O	O
33	90	line	O	O
33	91	MCF	O	O
33	92	-	O	O
33	93	7	O	O
33	94	,	O	O
33	95	whether	O	O
33	96	a	O	O
33	97	similar	O	O
33	98	exposure	O	O
33	99	to	O	O
33	100	ethanol	B	B
33	101	at	O	O
34	0	Sjogren	O	O
34	1	-	O	O
34	2	Larsson	O	O
34	3	syndrome	O	O
34	4	(	O	O
34	5	SLS	O	O
34	6	)	O	O
34	7	is	O	O
34	8	an	O	O
34	9	autosomal	O	O
34	10	recessive	O	O
34	11	disorder	O	O
34	12	characterized	O	O
34	13	by	O	O
34	14	ichthyosis	O	O
34	15	,	O	O
34	16	mental	O	O
34	17	retardation	O	O
34	18	,	O	O
34	19	spasticity	O	O
34	20	and	O	O
34	21	mutations	O	O
34	22	in	O	O
34	23	the	O	O
34	24	ALDH3A2	O	O
34	25	gene	O	O
34	26	for	O	O
34	27	fatty	O	B
34	28	aldehyde	O	I
34	29	dehydrogenase	O	O
34	30	,	O	O
34	31	an	O	O
34	32	enzyme	O	O
34	33	that	O	O
34	34	catalyzes	O	O
34	35	the	O	O
34	36	oxidation	O	O
34	37	of	O	O
34	38	fatty	B	B
34	39	aldehyde	I	I
34	40	to	O	O
34	41	fatty	B	B
34	42	acid	I	I
34	43	.	O	O
34	44	More	O	O
34	45	than	O	O
34	46	70	O	O
34	47	mutations	O	O
34	48	have	O	O
34	49	been	O	O
34	50	identified	O	O
34	51	in	O	O
34	52	SLS	O	O
34	53	patients	O	O
34	54	,	O	O
34	55	including	O	O
34	56	small	O	O
34	57	deletions	O	O
34	58	or	O	O
34	59	insertions	O	O
34	60	,	O	O
34	61	missense	O	O
34	62	mutations	O	O
34	63	,	O	O
34	64	splicing	O	O
34	65	defects	O	O
34	66	and	O	O
34	67	complex	O	O
34	68	nucleotide	O	B
34	69	changes	O	O
34	70	.	O	O
34	71	We	O	O
34	72	now	O	O
34	73	describe	O	O
34	74	2	O	O
34	75	SLS	O	O
34	76	patients	O	O
34	77	whose	O	O
34	78	disease	O	O
34	79	is	O	O
34	80	caused	O	O
34	81	by	O	O
34	82	large	O	O
35	0	BACKGROUND	O	O
35	1	/	O	O
35	2	AIMS	O	O
35	3	:	O	O
35	4	Interleukin	O	O
35	5	-	O	O
35	6	12	O	O
35	7	(	O	O
35	8	IL	O	O
35	9	-	O	O
35	10	12	O	O
35	11	)	O	O
35	12	governs	O	O
35	13	the	O	O
35	14	Th1	O	O
35	15	-	O	O
35	16	type	O	O
35	17	immune	O	O
35	18	response	O	O
35	19	,	O	O
35	20	affecting	O	O
35	21	the	O	O
35	22	spontaneous	O	O
35	23	and	O	O
35	24	treatment	O	O
35	25	-	O	O
35	26	induced	O	O
35	27	recovery	O	O
35	28	from	O	O
35	29	HCV	O	O
35	30	-	O	O
35	31	infection	O	O
35	32	.	O	O
35	33	We	O	O
35	34	investigated	O	O
35	35	whether	O	O
35	36	the	O	O
35	37	IL12B	O	O
35	38	polymorphisms	O	O
35	39	within	O	O
35	40	the	O	O
35	41	promoter	O	O
35	42	region	O	O
35	43	(	O	O
35	44	4	O	O
35	45	bp	O	O
35	46	insertion	O	O
35	47	/	O	O
35	48	deletion	O	O
35	49	)	O	O
35	50	and	O	O
35	51	the	O	O
35	52	3	O	O
35	53	'	O	O
35	54	-	O	O
35	55	UTR	O	O
35	56	(	O	O
35	57	1188	O	O
35	58	-	O	O
35	59	A	O	O
35	60	/	O	O
35	61	C	O	O
35	62	)	O	O
35	63	,	O	O
35	64	which	O	O
35	65	have	O	O
35	66	been	O	O
35	67	reported	O	O
35	68	to	O	O
35	69	influence	O	O
35	70	IL	O	O
35	71	-	O	O
35	72	12	O	O
35	73	synthesis	O	O
35	74	,	O	O
35	75	are	O	O
35	76	associated	O	O
35	77	with	O	O
35	78	the	O	O
35	79	outcome	O	O
35	80	of	O	O
35	81	HCV	O	O
35	82	infection	O	O
35	83	.	O	O
35	84	METHODS	O	O
35	85	:	O	O
35	86	We	O	O
35	87	analyzed	O	O
35	88	186	O	O
35	89	individuals	O	O
35	90	with	O	O
35	91	spontaneous	O	O
35	92	HCV	O	O
35	93	clearance	O	O
35	94	,	O	O
35	95	501	O	O
36	0	PURPOSE	O	O
36	1	:	O	O
36	2	Complement	O	O
36	3	factor	O	O
36	4	I	O	O
36	5	(	O	O
36	6	CFI	O	O
36	7	)	O	O
36	8	plays	O	O
36	9	an	O	O
36	10	important	O	O
36	11	role	O	O
36	12	in	O	O
36	13	complement	O	O
36	14	activation	O	O
36	15	pathways	O	O
36	16	and	O	O
36	17	is	O	O
36	18	known	O	O
36	19	to	O	O
36	20	affect	O	O
36	21	the	O	O
36	22	development	O	O
36	23	of	O	O
36	24	uveitis	O	O
36	25	.	O	O
36	26	The	O	O
36	27	present	O	O
36	28	study	O	O
36	29	was	O	O
36	30	performed	O	O
36	31	to	O	O
36	32	investigate	O	O
36	33	the	O	O
36	34	existence	O	O
36	35	of	O	O
36	36	an	O	O
36	37	association	O	O
36	38	between	O	O
36	39	CFI	O	O
36	40	genetic	O	O
36	41	polymorphisms	O	O
36	42	and	O	O
36	43	Vogt	O	O
36	44	-	O	O
36	45	Koyanagi	O	O
36	46	-	O	O
36	47	Harada	O	O
36	48	(	O	O
36	49	VKH	O	O
36	50	)	O	O
36	51	syndrome	O	O
36	52	.	O	O
36	53	METHODS	O	O
36	54	:	O	O
36	55	A	O	O
36	56	total	O	O
36	57	of	O	O
36	58	100	O	O
36	59	patients	O	O
36	60	diagnosed	O	O
36	61	with	O	O
36	62	VKH	O	O
36	63	syndrome	O	O
36	64	and	O	O
36	65	300	O	O
36	66	healthy	O	O
36	67	controls	O	O
36	68	were	O	O
36	69	recruited	O	O
36	70	for	O	O
36	71	the	O	O
36	72	study	O	O
36	73	.	O	O
36	74	Two	O	O
36	75	milliliters	O	O
36	76	of	O	O
36	77	peripheral	O	O
36	78	blood	O	O
36	79	were	O	O
36	80	collected	O	O
36	81	in	O	O
36	82	a	O	O
36	83	sterile	O	O
36	84	anticoagulative	O	O
36	85	tube	O	O
36	86	.	O	O
36	87	CFI	O	O
36	88	-	O	O
36	89	rs7356506	O	O
37	0	Association	O	O
37	1	of	O	O
37	2	sporadic	O	O
37	3	chondrocalcinosis	O	O
37	4	with	O	O
37	5	a	O	O
37	6	-	O	O
37	7	4	O	O
37	8	-	O	O
37	9	basepair	O	O
37	10	G	O	O
37	11	-	O	O
37	12	to	O	O
37	13	-	O	O
37	14	A	O	O
37	15	transition	O	O
37	16	in	O	O
37	17	the	O	O
37	18	5	O	O
37	19	'	O	O
37	20	-	O	O
37	21	untranslated	O	O
37	22	region	O	O
37	23	of	O	O
37	24	ANKH	O	O
37	25	that	O	O
37	26	promotes	O	O
37	27	enhanced	O	O
37	28	expression	O	O
37	29	of	O	O
37	30	ANKH	O	O
37	31	protein	O	O
37	32	and	O	O
37	33	excess	O	O
37	34	generation	O	O
37	35	of	O	O
37	36	extracellular	O	O
37	37	inorganic	B	O
37	38	pyrophosphate	I	B
37	39	.	O	O
38	0	OBJECTIVE	O	O
38	1	:	O	O
38	2	Certain	O	O
38	3	mutations	O	O
38	4	in	O	O
38	5	ANKH	O	O
38	6	,	O	O
38	7	which	O	O
38	8	encodes	O	O
38	9	a	O	O
38	10	multiple	O	O
38	11	-	O	O
38	12	pass	O	O
38	13	transmembrane	O	O
38	14	protein	O	O
38	15	that	O	O
38	16	regulates	O	O
38	17	inorganic	B	O
38	18	pyrophosphate	I	B
38	19	(	O	O
38	20	PPi	B	B
38	21	)	O	O
38	22	transport	O	O
38	23	,	O	O
38	24	are	O	O
38	25	linked	O	O
38	26	to	O	O
38	27	autosomal	O	O
38	28	-	O	O
38	29	dominant	O	O
38	30	familial	O	O
38	31	chondrocalcinosis	O	O
38	32	.	O	O
38	33	This	O	O
38	34	study	O	O
38	35	investigated	O	O
38	36	the	O	O
38	37	potential	O	O
38	38	for	O	O
38	39	ANKH	O	O
38	40	sequence	O	O
38	41	variants	O	O
38	42	to	O	O
38	43	promote	O	O
38	44	sporadic	O	O
38	45	chondrocalcinosis	O	O
38	46	.	O	O
38	47	METHODS	O	O
38	48	:	O	O
38	49	ANKH	O	O
38	50	variants	O	O
38	51	identified	O	O
38	52	by	O	O
38	53	genomic	O	O
38	54	sequencing	O	O
38	55	were	O	O
38	56	screened	O	O
38	57	for	O	O
38	58	association	O	O
38	59	with	O	O
38	60	chondrocalcinosis	O	O
38	61	in	O	O
38	62	128	O	O
38	63	patients	O	O
38	64	with	O	O
38	65	severe	O	O
38	66	sporadic	O	O
38	67	chondrocalcinosis	O	O
38	68	or	O	O
38	69	pseudogout	O	O
39	0	Urinary	O	O
39	1	bladder	O	O
39	2	cancer	O	O
39	3	in	O	O
39	4	Wegener	O	O
39	5	'	O	O
39	6	s	O	O
39	7	granulomatosis	O	O
39	8	:	O	O
39	9	risks	O	O
39	10	and	O	O
39	11	relation	O	O
39	12	to	O	O
39	13	cyclophosphamide	B	B
39	14	.	O	O
40	0	OBJECTIVE	O	O
40	1	:	O	O
40	2	To	O	O
40	3	assess	O	O
40	4	and	O	O
40	5	characterise	O	O
40	6	the	O	O
40	7	risk	O	O
40	8	of	O	O
40	9	bladder	O	O
40	10	cancer	O	O
40	11	,	O	O
40	12	and	O	O
40	13	its	O	O
40	14	relation	O	O
40	15	to	O	O
40	16	cyclophosphamide	B	B
40	17	,	O	O
40	18	in	O	O
40	19	patients	O	O
40	20	with	O	O
40	21	Wegener	O	O
40	22	'	O	O
40	23	s	O	O
40	24	granulomatosis	O	O
40	25	.	O	O
40	26	METHODS	O	O
40	27	:	O	O
40	28	In	O	O
40	29	the	O	O
40	30	population	O	O
40	31	based	O	O
40	32	,	O	O
40	33	nationwide	O	O
40	34	Swedish	O	O
40	35	Inpatient	O	O
40	36	Register	O	O
40	37	a	O	O
40	38	cohort	O	O
40	39	of	O	O
40	40	1065	O	O
40	41	patients	O	O
40	42	with	O	O
40	43	Wegener	O	O
40	44	'	O	O
40	45	s	O	O
40	46	granulomatosis	O	O
40	47	,	O	O
40	48	1969	O	O
40	49	-	O	O
40	50	95	O	O
40	51	,	O	O
40	52	was	O	O
40	53	identified	O	O
40	54	.	O	O
40	55	Through	O	O
40	56	linkage	O	O
40	57	with	O	O
40	58	the	O	O
40	59	Swedish	O	O
40	60	Cancer	O	O
40	61	Register	O	O
40	62	,	O	O
40	63	all	O	O
40	64	subjects	O	O
40	65	in	O	O
40	66	this	O	O
40	67	cohort	O	O
40	68	diagnosed	O	O
40	69	with	O	O
40	70	bladder	O	O
40	71	cancer	O	O
40	72	were	O	O
40	73	identified	O	O
40	74	.	O	O
40	75	Nested	O	O
40	76	within	O	O
40	77	the	O	O
40	78	cohort	O	O
40	79	,	O	O
40	80	a	O	O
40	81	matched	O	O
40	82	case	O	O
40	83	-	O	O
40	84	control	O	O
40	85	study	O	O
40	86	was	O	O
40	87	performed	O	O
41	0	BACKGROUND	O	O
41	1	:	O	O
41	2	To	O	O
41	3	examine	O	O
41	4	the	O	O
41	5	contribution	O	O
41	6	of	O	O
41	7	mutations	O	O
41	8	within	O	O
41	9	the	O	O
41	10	Norrie	O	O
41	11	disease	O	O
41	12	(	O	O
41	13	NDP	O	O
41	14	)	O	O
41	15	gene	O	O
41	16	to	O	O
41	17	the	O	O
41	18	clinically	O	O
41	19	similar	O	O
41	20	retinal	O	O
41	21	diseases	O	O
41	22	Norrie	O	O
41	23	disease	O	O
41	24	,	O	O
41	25	X	O	O
41	26	-	O	O
41	27	linked	O	O
41	28	familial	O	O
41	29	exudative	O	O
41	30	vitreoretinopathy	O	O
41	31	(	O	O
41	32	FEVR	O	O
41	33	)	O	O
41	34	,	O	O
41	35	Coat	O	O
41	36	'	O	O
41	37	s	O	O
41	38	disease	O	O
41	39	and	O	O
41	40	retinopathy	O	O
41	41	of	O	O
41	42	prematurity	O	O
41	43	(	O	O
41	44	ROP	O	O
41	45	)	O	O
41	46	.	O	O
41	47	METHODS	O	O
41	48	:	O	O
41	49	A	O	O
41	50	dataset	O	O
41	51	comprising	O	O
41	52	13	O	O
41	53	Norrie	O	O
41	54	-	O	O
41	55	FEVR	O	O
41	56	,	O	O
41	57	one	O	O
41	58	Coat	O	O
41	59	'	O	O
41	60	s	O	O
41	61	disease	O	O
41	62	,	O	O
41	63	31	O	O
41	64	ROP	O	O
41	65	patients	O	O
41	66	and	O	O
41	67	90	O	O
41	68	ex	O	O
41	69	-	O	O
41	70	premature	O	O
41	71	babies	O	O
41	72	of	O	O
41	73	<	O	O
41	74	32	O	O
41	75	weeks	O	O
41	76	'	O	O
41	77	gestation	O	O
41	78	underwent	O	O
41	79	an	O	O
41	80	ophthalmologic	O	O
41	81	examination	O	O
42	0	In	O	O
42	1	contrast	O	O
42	2	to	O	O
42	3	disorders	O	O
42	4	of	O	O
42	5	sexual	O	O
42	6	differentiation	O	O
42	7	caused	O	O
42	8	by	O	O
42	9	lack	O	O
42	10	of	O	O
42	11	androgen	B	B
42	12	production	O	O
42	13	or	O	O
42	14	inhibited	O	O
42	15	androgen	B	B
42	16	action	O	O
42	17	,	O	O
42	18	defects	O	O
42	19	affecting	O	O
42	20	development	O	O
42	21	of	O	O
42	22	the	O	O
42	23	bipotent	O	O
42	24	genital	O	O
42	25	anlagen	O	O
42	26	have	O	O
42	27	rarely	O	O
42	28	been	O	O
42	29	investigated	O	O
42	30	in	O	O
42	31	humans	O	O
42	32	.	O	O
42	33	We	O	O
42	34	have	O	O
42	35	previously	O	O
42	36	documented	O	O
42	37	that	O	O
42	38	the	O	O
42	39	transcription	O	O
42	40	factor	O	O
42	41	FOXF2	O	O
42	42	is	O	O
42	43	highly	O	O
42	44	expressed	O	O
42	45	in	O	O
42	46	human	O	O
42	47	foreskin	O	O
42	48	.	O	O
42	49	Moreover	O	O
42	50	,	O	O
42	51	Foxf2	O	O
42	52	knockout	O	O
42	53	mice	O	O
42	54	present	O	O
42	55	with	O	O
42	56	cleft	O	O
42	57	palate	O	O
42	58	in	O	O
42	59	combination	O	O
42	60	with	O	O
42	61	hypoplasia	O	O
42	62	of	O	O
42	63	the	O	O
42	64	genital	O	O
42	65	tubercle	O	O
42	66	.	O	O
42	67	We	O	O
42	68	hypothesized	O	O
42	69	that	O	O
42	70	humans	O	O
42	71	with	O	O
42	72	disorders	O	O
42	73	of	O	O
42	74	sex	O	O
42	75	development	O	O
42	76	(	O	O
42	77	DSD	O	O
42	78	)	O	O
42	79	in	O	O
42	80	combination	O	O
42	81	with	O	O
42	82	cleft	O	O
42	83	palate	O	O
42	84	could	O	O
42	85	have	O	O
42	86	mutations	O	O
42	87	in	O	O
42	88	the	O	O
42	89	FOXF2	O	O
43	0	Developing	O	O
43	1	brain	O	O
43	2	is	O	O
43	3	highly	O	O
43	4	susceptible	O	O
43	5	to	O	O
43	6	hypoxic	O	O
43	7	-	O	O
43	8	ischemic	O	O
43	9	(	O	O
43	10	HI	O	O
43	11	)	O	O
43	12	injury	O	O
43	13	leading	O	O
43	14	to	O	O
43	15	severe	O	O
43	16	neurological	O	O
43	17	disabilities	O	O
43	18	in	O	O
43	19	surviving	O	O
43	20	infants	O	O
43	21	and	O	O
43	22	children	O	O
43	23	.	O	O
43	24	Previously	O	O
43	25	,	O	O
43	26	we	O	O
43	27	have	O	O
43	28	reported	O	O
43	29	induction	O	O
43	30	of	O	O
43	31	neuronal	O	O
43	32	pentraxin	O	O
43	33	1	O	O
43	34	(	O	O
43	35	NP1	O	O
43	36	)	O	O
43	37	,	O	O
43	38	a	O	O
43	39	novel	O	O
43	40	neuronal	O	O
43	41	protein	O	O
43	42	of	O	O
43	43	long	O	O
43	44	-	O	O
43	45	pentraxin	O	O
43	46	family	O	O
43	47	,	O	O
43	48	following	O	O
43	49	HI	O	O
43	50	neuronal	O	O
43	51	injury	O	O
43	52	.	O	O
43	53	Here	O	O
43	54	,	O	O
43	55	we	O	O
43	56	investigated	O	O
43	57	how	O	O
43	58	this	O	O
43	59	specific	O	O
43	60	signal	O	O
43	61	is	O	O
43	62	propagated	O	O
43	63	to	O	O
43	64	cause	O	O
43	65	the	O	O
43	66	HI	O	O
43	67	neuronal	O	O
43	68	death	O	O
43	69	.	O	O
43	70	We	O	O
43	71	used	O	O
43	72	wild	O	O
43	73	-	O	O
43	74	type	O	O
43	75	(	O	O
43	76	WT	O	O
43	77	)	O	O
43	78	and	O	O
43	79	NP1	O	O
43	80	knockout	O	O
43	81	(	O	O
43	82	NP1	O	O
43	83	-	O	O
43	84	KO	O	O
43	85	)	O	O
43	86	mouse	O	O
43	87	hippocampal	O	O
43	88	cultures	O	O
44	0	Neuroprotective	O	O
44	1	effect	O	O
44	2	of	O	O
44	3	neuroserpin	O	B
44	4	in	O	O
44	5	oxygen	B	B
44	6	-	O	O
44	7	glucose	B	B
44	8	deprivation	O	O
44	9	-	O	O
44	10	and	O	O
44	11	reoxygenation	O	O
44	12	-	O	O
44	13	treated	O	O
44	14	rat	O	O
44	15	astrocytes	O	O
44	16	in	O	O
44	17	vitro	O	O
44	18	.	O	O
45	0	Neuroserpin	O	O
45	1	(	O	O
45	2	NSP	O	O
45	3	)	O	O
45	4	reportedly	O	O
45	5	exerts	O	O
45	6	neuroprotective	O	O
45	7	effects	O	O
45	8	in	O	O
45	9	cerebral	O	O
45	10	ischemic	O	O
45	11	animal	O	O
45	12	models	O	O
45	13	and	O	O
45	14	patients	O	O
45	15	;	O	O
45	16	however	O	O
45	17	,	O	O
45	18	the	O	O
45	19	mechanism	O	O
45	20	of	O	O
45	21	protection	O	O
45	22	is	O	O
45	23	poorly	O	O
45	24	understood	O	O
45	25	.	O	O
45	26	We	O	O
45	27	thus	O	O
45	28	attempted	O	O
45	29	to	O	O
45	30	confirm	O	O
45	31	neuroprotective	O	O
45	32	effects	O	O
45	33	of	O	O
45	34	NSP	O	O
45	35	on	O	O
45	36	astrocytes	O	O
45	37	in	O	O
45	38	the	O	O
45	39	ischemic	O	O
45	40	state	O	O
45	41	and	O	O
45	42	then	O	O
45	43	explored	O	O
45	44	the	O	O
45	45	relative	O	O
45	46	mechanisms	O	O
45	47	.	O	O
45	48	Astrocytes	O	O
45	49	from	O	O
45	50	neonatal	O	O
45	51	rats	O	O
45	52	were	O	O
45	53	treated	O	O
45	54	with	O	O
45	55	oxygen	B	B
45	56	-	O	O
45	57	glucose	B	B
45	58	deprivation	O	O
45	59	(	O	O
45	60	OGD	O	O
45	61	)	O	O
45	62	followed	O	O
45	63	by	O	O
45	64	reoxygenation	O	O
45	65	(	O	O
45	66	OGD	O	O
45	67	/	O	O
45	68	R	O	O
45	69	)	O	O
45	70	.	O	O
45	71	To	O	O
45	72	confirm	O	O
45	73	the	O	O
45	74	neuroprotective	O	O
45	75	effects	O	O
45	76	of	O	O
45	77	NSP	O	O
45	78	,	O	O
45	79	we	O	O
45	80	measured	O	O
45	81	the	O	O
46	0	Bilateral	O	O
46	1	haemorrhagic	O	O
46	2	infarction	O	O
46	3	of	O	O
46	4	the	O	O
46	5	globus	O	O
46	6	pallidus	O	O
46	7	after	O	O
46	8	cocaine	B	B
46	9	and	O	O
46	10	alcohol	B	B
46	11	intoxication	O	O
46	12	.	O	O
47	0	Cocaine	B	B
47	1	is	O	O
47	2	a	O	O
47	3	risk	O	O
47	4	factor	O	O
47	5	for	O	O
47	6	both	O	O
47	7	ischemic	O	O
47	8	and	O	O
47	9	haemorrhagic	O	O
47	10	stroke	O	O
47	11	.	O	O
47	12	We	O	O
47	13	present	O	O
47	14	the	O	O
47	15	case	O	O
47	16	of	O	O
47	17	a	O	O
47	18	31	O	O
47	19	-	O	O
47	20	year	O	O
47	21	-	O	O
47	22	old	O	O
47	23	man	O	O
47	24	with	O	O
47	25	bilateral	O	O
47	26	ischemia	O	O
47	27	of	O	O
47	28	the	O	O
47	29	globus	O	O
47	30	pallidus	O	O
47	31	after	O	O
47	32	excessive	O	O
47	33	alcohol	B	B
47	34	and	O	O
47	35	intranasal	O	O
47	36	cocaine	B	B
47	37	use	O	O
47	38	.	O	O
47	39	Drug	O	O
47	40	-	O	O
47	41	related	O	O
47	42	globus	O	O
47	43	pallidus	O	O
47	44	infarctions	O	O
47	45	are	O	O
47	46	most	O	O
47	47	often	O	O
47	48	associated	O	O
47	49	with	O	O
47	50	heroin	B	B
47	51	.	O	O
47	52	Bilateral	O	O
47	53	basal	O	O
47	54	ganglia	O	O
47	55	infarcts	O	O
47	56	after	O	O
47	57	the	O	O
47	58	use	O	O
47	59	of	O	O
47	60	cocaine	B	B
47	61	,	O	O
47	62	without	O	O
47	63	concurrent	O	O
47	64	heroin	B	B
47	65	use	O	O
47	66	,	O	O
47	67	have	O	O
47	68	never	O	O
47	69	been	O	O
47	70	reported	O	O
47	71	.	O	O
47	72	In	O	O
47	73	our	O	O
47	74	patient	O	O
47	75	,	O	O
47	76	transient	O	O
47	77	cardiac	O	O
47	78	arrhythmia	O	O
47	79	or	O	O
47	80	respiratory	O	O
47	81	dysfunction	O	O
47	82	related	O	O
47	83	to	O	O
47	84	cocaine	B	B
47	85	and	O	O
47	86	/	O	O
47	87	or	O	O
47	88	ethanol	B	B
48	0	The	O	O
48	1	life	O	O
48	2	cycle	O	O
48	3	of	O	O
48	4	the	O	O
48	5	hepatitis	O	O
48	6	C	O	O
48	7	virus	O	O
48	8	(	O	O
48	9	HCV	O	O
48	10	)	O	O
48	11	is	O	O
48	12	closely	O	O
48	13	related	O	O
48	14	to	O	O
48	15	host	O	O
48	16	lipoprotein	O	O
48	17	metabolism	O	O
48	18	.	O	O
48	19	Serum	O	O
48	20	levels	O	O
48	21	of	O	O
48	22	lipid	B	O
48	23	are	O	O
48	24	associated	O	O
48	25	with	O	O
48	26	the	O	O
48	27	response	O	O
48	28	to	O	O
48	29	pegylated	O	B
48	30	interferon	O	I
48	31	plus	O	O
48	32	ribavirin	B	B
48	33	(	O	O
48	34	PEG	O	B
48	35	-	O	I
48	36	IFN	O	I
48	37	/	O	O
48	38	RBV	B	B
48	39	)	O	O
48	40	therapy	O	O
48	41	,	O	O
48	42	while	O	O
48	43	single	O	O
48	44	nucleotide	O	O
48	45	polymorphisms	O	O
48	46	(	O	O
48	47	SNPs	O	O
48	48	)	O	O
48	49	around	O	O
48	50	the	O	O
48	51	human	O	O
48	52	interleukin	O	O
48	53	28B	O	O
48	54	(	O	O
48	55	IL28B	O	O
48	56	)	O	O
48	57	gene	O	O
48	58	locus	O	O
48	59	and	O	O
48	60	amino	O	B
48	61	acid	O	I
48	62	substitutions	O	O
48	63	in	O	O
48	64	the	O	O
48	65	core	O	O
48	66	region	O	O
48	67	of	O	O
48	68	the	O	O
48	69	HCV	O	O
48	70	have	O	O
48	71	been	O	O
48	72	reported	O	O
48	73	to	O	O
48	74	affect	O	O
48	75	the	O	O
48	76	efficacy	O	O
48	77	of	O	O
48	78	PEG	O	B
48	79	-	O	I
48	80	IFN	O	I
48	81	/	O	O
48	82	RBV	B	B
48	83	therapy	O	O
48	84	in	O	O
48	85	chronic	O	O
48	86	hepatitis	O	O
49	0	The	O	O
49	1	type	O	O
49	2	II	O	O
49	3	phosphatidylinositol	O	B
49	4	4	O	O
49	5	-	O	O
49	6	kinase	O	O
49	7	(	O	O
49	8	PI4KII	O	O
49	9	)	O	O
49	10	enzymes	O	O
49	11	synthesize	O	O
49	12	the	O	O
49	13	lipid	B	O
49	14	phosphatidylinositol	B	B
49	15	4	I	I
49	16	-	I	I
49	17	phosphate	I	I
49	18	(	O	O
49	19	PI	B	B
49	20	(	I	I
49	21	4	I	I
49	22	)	I	I
49	23	P	I	I
49	24	)	O	O
49	25	,	O	O
49	26	which	O	O
49	27	has	O	O
49	28	been	O	O
49	29	detected	O	O
49	30	at	O	O
49	31	the	O	O
49	32	Golgi	O	O
49	33	complex	O	O
49	34	and	O	O
49	35	endosomal	O	O
49	36	compartments	O	O
49	37	and	O	O
49	38	recruits	O	O
49	39	clathrin	O	O
49	40	adaptors	O	O
49	41	.	O	O
49	42	Despite	O	O
49	43	common	O	O
49	44	mechanistic	O	O
49	45	similarities	O	O
49	46	between	O	O
49	47	the	O	O
49	48	isoforms	O	O
49	49	,	O	O
49	50	the	O	O
49	51	extent	O	O
49	52	of	O	O
49	53	their	O	O
49	54	redundancy	O	O
49	55	is	O	O
49	56	unclear	O	O
49	57	.	O	O
49	58	We	O	O
49	59	found	O	O
49	60	that	O	O
49	61	depletion	O	O
49	62	of	O	O
49	63	PI4KIIa	O	O
49	64	and	O	O
49	65	PI4KIIb	O	O
49	66	using	O	O
49	67	small	O	O
49	68	interfering	O	O
49	69	RNA	O	O
49	70	led	O	O
49	71	to	O	O
49	72	actin	O	O
50	0	Meiotic	O	O
50	1	resumption	O	O
50	2	(	O	O
50	3	G2	O	O
50	4	/	O	O
50	5	M	O	O
50	6	transition	O	O
50	7	)	O	O
50	8	and	O	O
50	9	progression	O	O
50	10	through	O	O
50	11	meiosis	O	O
50	12	I	O	O
50	13	(	O	O
50	14	MI	O	O
50	15	)	O	O
50	16	are	O	O
50	17	two	O	O
50	18	key	O	O
50	19	stages	O	O
50	20	for	O	O
50	21	producing	O	O
50	22	fertilization	O	O
50	23	-	O	O
50	24	competent	O	O
50	25	eggs	O	O
50	26	.	O	O
50	27	Here	O	O
50	28	,	O	O
50	29	we	O	O
50	30	report	O	O
50	31	that	O	O
50	32	CenpH	O	O
50	33	,	O	O
50	34	a	O	O
50	35	component	O	O
50	36	of	O	O
50	37	the	O	O
50	38	kinetochore	O	O
50	39	inner	O	O
50	40	plate	O	O
50	41	,	O	O
50	42	is	O	O
50	43	responsible	O	O
50	44	for	O	O
50	45	G2	O	O
50	46	/	O	O
50	47	M	O	O
50	48	transition	O	O
50	49	in	O	O
50	50	meiotic	O	O
50	51	mouse	O	O
50	52	oocytes	O	O
50	53	.	O	O
50	54	Depletion	O	O
50	55	of	O	O
50	56	CenpH	O	O
50	57	by	O	O
50	58	morpholino	B	O
50	59	injection	O	O
50	60	decreased	O	O
50	61	cyclin	O	O
50	62	B1	O	O
50	63	levels	O	O
50	64	,	O	O
50	65	resulting	O	O
50	66	in	O	O
50	67	attenuation	O	O
50	68	of	O	O
50	69	maturation	O	O
50	70	-	O	O
50	71	promoting	O	O
50	72	factor	O	O
50	73	(	O	O
50	74	MPF	O	O
50	75	)	O	O
50	76	activation	O	O
50	77	,	O	O
50	78	and	O	O
50	79	severely	O	O
50	80	compromised	O	O
50	81	meiotic	O	O
50	82	resumption	O	O
50	83	.	O	O
50	84	CenpH	O	O
50	85	protects	O	O
51	0	BACKGROUND	O	O
51	1	:	O	O
51	2	Vitamin	O	B
51	3	D	O	I
51	4	-	O	O
51	5	binding	O	O
51	6	protein	O	O
51	7	(	O	O
51	8	DBP	O	O
51	9	)	O	O
51	10	is	O	O
51	11	the	O	O
51	12	main	O	O
51	13	systemic	O	O
51	14	transporter	O	O
51	15	of	O	O
51	16	1	B	B
51	17	.	I	I
51	18	25	I	I
51	19	(	I	I
51	20	OH	I	I
51	21	)	I	I
51	22	2D3	I	I
51	23	and	O	O
51	24	is	O	O
51	25	essential	O	O
51	26	for	O	O
51	27	its	O	O
51	28	cellular	O	O
51	29	endocytosis	O	O
51	30	.	O	O
51	31	There	O	O
51	32	are	O	O
51	33	two	O	O
51	34	known	O	O
51	35	polymorphisms	O	O
51	36	in	O	O
51	37	exon	O	O
51	38	11	O	O
51	39	of	O	O
51	40	the	O	O
51	41	DBP	O	O
51	42	gene	O	O
51	43	resulting	O	O
51	44	in	O	O
51	45	amino	O	O
51	46	acid	O	O
51	47	variants	O	O
51	48	:	O	O
51	49	GAT	O	O
51	50	-	O	O
51	51	-	O	O
51	52	>	O	O
51	53	GAG	O	O
51	54	substitution	O	O
51	55	replaces	O	O
51	56	aspartic	O	O
51	57	acid	O	O
51	58	by	O	O
51	59	glutamic	O	O
51	60	acid	O	O
51	61	in	O	O
51	62	codon	O	O
51	63	416	O	O
51	64	;	O	O
51	65	and	O	O
51	66	ACG	O	O
51	67	-	O	O
51	68	-	O	O
51	69	>	O	O
51	70	AAG	O	O
51	71	substitution	O	O
51	72	in	O	O
51	73	codon	O	O
51	74	420	O	O
51	75	leads	O	O
51	76	to	O	O
51	77	an	O	O
51	78	exchange	O	O
51	79	of	O	O
51	80	threonine	O	O
51	81	for	O	O
51	82	lysine	O	O
51	83	.	O	O
51	84	These	O	O
51	85	DBP	O	O
51	86	variants	O	O
51	87	lead	O	O
51	88	to	O	O
52	0	An	O	O
52	1	extremely	O	O
52	2	rare	O	O
52	3	case	O	O
52	4	of	O	O
52	5	delusional	O	O
52	6	parasitosis	O	O
52	7	in	O	O
52	8	a	O	O
52	9	chronic	O	O
52	10	hepatitis	O	O
52	11	C	O	O
52	12	patient	O	O
52	13	during	O	O
52	14	pegylated	O	B
52	15	interferon	O	I
52	16	alpha	O	I
52	17	-	O	I
52	18	2b	O	I
52	19	and	O	O
52	20	ribavirin	B	B
52	21	treatment	O	O
52	22	.	O	O
53	0	During	O	O
53	1	treatment	O	O
53	2	of	O	O
53	3	chronic	O	O
53	4	hepatitis	O	O
53	5	C	O	O
53	6	patients	O	O
53	7	with	O	O
53	8	interferon	O	B
53	9	and	O	O
53	10	ribavirin	B	B
53	11	,	O	O
53	12	a	O	O
53	13	lot	O	O
53	14	of	O	O
53	15	side	O	O
53	16	effects	O	O
53	17	are	O	O
53	18	described	O	O
53	19	.	O	O
53	20	Twenty	O	O
53	21	-	O	O
53	22	three	O	O
53	23	percent	O	O
53	24	to	O	O
53	25	44	O	O
53	26	%	O	O
53	27	of	O	O
53	28	patients	O	O
53	29	develop	O	O
53	30	depression	O	O
53	31	.	O	O
53	32	A	O	O
53	33	minority	O	O
53	34	of	O	O
53	35	patients	O	O
53	36	evolve	O	O
53	37	to	O	O
53	38	psychosis	O	O
53	39	.	O	O
53	40	To	O	O
53	41	the	O	O
53	42	best	O	O
53	43	of	O	O
53	44	our	O	O
53	45	knowledge	O	O
53	46	,	O	O
53	47	no	O	O
53	48	cases	O	O
53	49	of	O	O
53	50	psychogenic	O	O
53	51	parasitosis	O	O
53	52	occurring	O	O
53	53	during	O	O
53	54	interferon	O	B
53	55	therapy	O	O
53	56	have	O	O
53	57	been	O	O
53	58	described	O	O
53	59	in	O	O
53	60	the	O	O
53	61	literature	O	O
53	62	.	O	O
53	63	We	O	O
53	64	present	O	O
53	65	a	O	O
53	66	49	O	O
53	67	-	O	O
53	68	year	O	O
53	69	-	O	O
53	70	old	O	O
53	71	woman	O	O
53	72	who	O	O
53	73	developed	O	O
53	74	a	O	O
53	75	delusional	O	O
53	76	parasitosis	O	O
53	77	during	O	O
53	78	treatment	O	O
53	79	with	O	O
53	80	pegylated	O	B
53	81	interferon	O	I
53	82	alpha	O	I
53	83	-	O	I
53	84	2b	O	I
53	85	weekly	O	O
53	86	and	O	O
53	87	ribavirin	B	B
53	88	.	O	O
53	89	She	O	O
53	90	complained	O	O
53	91	of	O	O
53	92	seeing	O	O
53	93	parasites	O	O
53	94	and	O	O
53	95	the	O	O
53	96	larvae	O	O
53	97	of	O	O
53	98	fleas	O	O
54	0	BACKGROUND	O	O
54	1	:	O	O
54	2	PIK3CA	O	O
54	3	mutations	O	O
54	4	are	O	O
54	5	expected	O	O
54	6	to	O	O
54	7	be	O	O
54	8	potential	O	O
54	9	therapeutic	O	O
54	10	targets	O	O
54	11	for	O	O
54	12	esophageal	O	O
54	13	squamous	O	O
54	14	cell	O	O
54	15	carcinoma	O	O
54	16	(	O	O
54	17	ESCC	O	O
54	18	)	O	O
54	19	.	O	O
54	20	We	O	O
54	21	aimed	O	O
54	22	to	O	O
54	23	clarify	O	O
54	24	the	O	O
54	25	concordance	O	O
54	26	between	O	O
54	27	PIK3CA	O	O
54	28	mutations	O	O
54	29	detected	O	O
54	30	in	O	O
54	31	endoscopic	O	O
54	32	biopsy	O	O
54	33	specimens	O	O
54	34	and	O	O
54	35	corresponding	O	O
54	36	surgically	O	O
54	37	resected	O	O
54	38	specimens	O	O
54	39	.	O	O
54	40	METHODS	O	O
54	41	:	O	O
54	42	We	O	O
54	43	examined	O	O
54	44	five	O	O
54	45	hotspot	O	O
54	46	mutations	O	O
54	47	in	O	O
54	48	the	O	O
54	49	PIK3CA	O	O
54	50	gene	O	O
54	51	(	O	O
54	52	E542K	O	O
54	53	,	O	O
54	54	E545K	O	O
54	55	,	O	O
54	56	E546K	O	O
54	57	,	O	O
54	58	H1047R	O	O
54	59	,	O	O
54	60	and	O	O
54	61	H1047L	O	O
54	62	)	O	O
54	63	in	O	O
54	64	formalin	B	B
54	65	-	O	O
54	66	fixed	O	O
54	67	and	O	O
55	0	Atorvastatin	B	B
55	1	prevented	O	O
55	2	and	O	O
55	3	reversed	O	O
55	4	dexamethasone	B	B
55	5	-	O	O
55	6	induced	O	O
55	7	hypertension	O	O
55	8	in	O	O
55	9	the	O	O
55	10	rat	O	O
55	11	.	O	O
56	0	To	O	O
56	1	assess	O	O
56	2	the	O	O
56	3	antioxidant	B	O
56	4	effects	O	O
56	5	of	O	O
56	6	atorvastatin	B	B
56	7	(	O	O
56	8	atorva	B	B
56	9	)	O	O
56	10	on	O	O
56	11	dexamethasone	B	B
56	12	(	O	O
56	13	dex	B	B
56	14	)	O	O
56	15	-	O	O
56	16	induced	O	O
56	17	hypertension	O	O
56	18	,	O	O
56	19	60	O	O
56	20	male	O	O
56	21	Sprague	O	O
56	22	-	O	O
56	23	Dawley	O	O
56	24	rats	O	O
56	25	were	O	O
56	26	treated	O	O
56	27	with	O	O
56	28	atorva	B	B
56	29	30	O	O
56	30	mg	O	O
56	31	/	O	O
56	32	kg	O	O
56	33	/	O	O
56	34	day	O	O
56	35	or	O	O
56	36	tap	O	O
56	37	water	O	O
56	38	for	O	O
56	39	15	O	O
56	40	days	O	O
56	41	.	O	O
56	42	Dex	B	B
56	43	increased	O	O
56	44	systolic	O	O
56	45	blood	O	O
56	46	pressure	O	O
56	47	(	O	O
56	48	SBP	O	O
56	49	)	O	O
56	50	from	O	O
56	51	109	O	O
56	52	+	O	O
56	53	/	O	O
56	54	-	O	O
56	55	1	O	O
56	56	.	O	O
56	57	8	O	O
56	58	to	O	O
56	59	135	O	O
56	60	+	O	O
56	61	/	O	O
56	62	-	O	O
56	63	0	O	O
56	64	.	O	O
56	65	6	O	O
56	66	mmHg	O	O
56	67	and	O	O
56	68	plasma	O	O
56	69	superoxide	B	B
56	70	(	O	O
56	71	5711	O	O
56	72	+	O	O
56	73	/	O	O
56	74	-	O	O
56	75	284	O	O
56	76	.	O	O
56	77	9	O	O
56	78	saline	O	O
56	79	,	O	O
56	80	7931	O	O
56	81	+	O	O
56	82	/	O	O
56	83	-	O	O
56	84	392	O	O
56	85	.	O	O
56	86	8	O	O
56	87	U	O	O
56	88	/	O	O
56	89	ml	O	O
57	0	Necrotising	O	O
57	1	fasciitis	O	O
57	2	after	O	O
57	3	bortezomib	B	B
57	4	and	O	O
57	5	dexamethasone	B	B
57	6	-	O	O
57	7	containing	O	O
57	8	regimen	O	O
57	9	in	O	O
57	10	an	O	O
57	11	elderly	O	O
57	12	patient	O	O
57	13	of	O	O
57	14	Waldenstrom	O	O
57	15	macroglobulinaemia	O	O
57	16	.	O	O
58	0	Bortezomib	B	B
58	1	and	O	O
58	2	high	O	O
58	3	-	O	O
58	4	dose	O	O
58	5	dexamethasone	B	B
58	6	-	O	O
58	7	containing	O	O
58	8	regimens	O	O
58	9	are	O	O
58	10	considered	O	O
58	11	to	O	O
58	12	be	O	O
58	13	generally	O	O
58	14	tolerable	O	O
58	15	with	O	O
58	16	few	O	O
58	17	severe	O	O
58	18	bacterial	O	O
58	19	infections	O	O
58	20	in	O	O
58	21	patients	O	O
58	22	with	O	O
58	23	B	O	O
58	24	-	O	O
58	25	cell	O	O
58	26	malignancies	O	O
58	27	.	O	O
58	28	However	O	O
58	29	,	O	O
58	30	information	O	O
58	31	is	O	O
58	32	limited	O	O
58	33	concerning	O	O
58	34	the	O	O
58	35	safety	O	O
58	36	of	O	O
58	37	the	O	O
58	38	regimen	O	O
58	39	in	O	O
58	40	elderly	O	O
58	41	patients	O	O
58	42	.	O	O
58	43	We	O	O
58	44	report	O	O
58	45	a	O	O
58	46	case	O	O
58	47	of	O	O
58	48	a	O	O
58	49	76	O	O
58	50	-	O	O
58	51	year	O	O
58	52	-	O	O
58	53	old	O	O
58	54	man	O	O
58	55	with	O	O
58	56	Waldenstrom	O	O
58	57	macroglobulinaemia	O	O
58	58	who	O	O
58	59	suffered	O	O
58	60	necrotising	O	O
58	61	fasciitis	O	O
58	62	without	O	O
58	63	neutropenia	O	O
58	64	after	O	O
58	65	the	O	O
58	66	combination	O	O
58	67	treatment	O	O
58	68	with	O	O
58	69	bortezomib	B	B
58	70	,	O	O
58	71	high	O	O
58	72	-	O	O
58	73	dose	O	O
58	74	dexamethasone	B	B
58	75	and	O	O
58	76	rituximab	B	O
58	77	.	O	O
58	78	Despite	O	O
58	79	immediate	O	O
58	80	intravenous	O	O
59	0	The	O	O
59	1	neural	O	O
59	2	mechanisms	O	O
59	3	and	O	O
59	4	circuitry	O	O
59	5	involved	O	O
59	6	in	O	O
59	7	levodopa	B	B
59	8	-	O	O
59	9	induced	O	O
59	10	dyskinesia	O	O
59	11	are	O	O
59	12	unclear	O	O
59	13	.	O	O
59	14	Using	O	O
59	15	repetitive	O	O
59	16	transcranial	O	O
59	17	magnetic	O	O
59	18	stimulation	O	O
59	19	(	O	O
59	20	rTMS	O	O
59	21	)	O	O
59	22	over	O	O
59	23	the	O	O
59	24	supplementary	O	O
59	25	motor	O	O
59	26	area	O	O
59	27	(	O	O
59	28	SMA	O	O
59	29	)	O	O
59	30	in	O	O
59	31	a	O	O
59	32	group	O	O
59	33	of	O	O
59	34	patients	O	O
59	35	with	O	O
59	36	advanced	O	O
59	37	Parkinson	O	O
59	38	disease	O	O
59	39	,	O	O
59	40	the	O	O
59	41	authors	O	O
59	42	investigated	O	O
59	43	whether	O	O
59	44	modulation	O	O
59	45	of	O	O
59	46	SMA	O	O
59	47	excitability	O	O
59	48	may	O	O
59	49	result	O	O
59	50	in	O	O
59	51	a	O	O
59	52	modification	O	O
59	53	of	O	O
59	54	a	O	O
59	55	dyskinetic	O	O
59	56	state	O	O
59	57	induced	O	O
59	58	by	O	O
59	59	continuous	O	O
59	60	apomorphine	B	B
59	61	infusion	O	O
59	62	.	O	O
59	63	rTMS	O	O
59	64	at	O	O
59	65	1	O	O
59	66	Hz	O	O
59	67	was	O	O
59	68	observed	O	O
59	69	to	O	O
59	70	markedly	O	O
59	71	reduce	O	O
59	72	drug	O	O
59	73	-	O	O
59	74	induced	O	O
59	75	dyskinesias	O	O
59	76	,	O	O
59	77	whereas	O	O
59	78	5	O	O
59	79	-	O	O
59	80	Hz	O	O
59	81	rTMS	O	O
59	82	induced	O	O
59	83	a	O	O
59	84	slight	O	O
59	85	but	O	O
59	86	not	O	O
59	87	significant	O	O
59	88	increase	O	O
60	0	BACKGROUND	O	O
60	1	:	O	O
60	2	Studies	O	O
60	3	in	O	O
60	4	mice	O	O
60	5	have	O	O
60	6	shown	O	O
60	7	that	O	O
60	8	PPARa	O	O
60	9	is	O	O
60	10	an	O	O
60	11	important	O	O
60	12	regulator	O	O
60	13	of	O	O
60	14	lipid	B	O
60	15	metabolism	O	O
60	16	in	O	O
60	17	liver	O	O
60	18	and	O	O
60	19	key	O	O
60	20	transcription	O	O
60	21	factor	O	O
60	22	involved	O	O
60	23	in	O	O
60	24	the	O	O
60	25	adaptive	O	O
60	26	response	O	O
60	27	to	O	O
60	28	fasting	O	O
60	29	.	O	O
60	30	However	O	O
60	31	,	O	O
60	32	much	O	O
60	33	less	O	O
60	34	is	O	O
60	35	known	O	O
60	36	about	O	O
60	37	the	O	O
60	38	role	O	O
60	39	of	O	O
60	40	PPARa	O	O
60	41	in	O	O
60	42	human	O	O
60	43	liver	O	O
60	44	.	O	O
60	45	METHODS	O	O
60	46	:	O	O
60	47	Here	O	O
60	48	we	O	O
60	49	set	O	O
60	50	out	O	O
60	51	to	O	O
60	52	study	O	O
60	53	the	O	O
60	54	function	O	O
60	55	of	O	O
60	56	PPARa	O	O
60	57	in	O	O
60	58	human	O	O
60	59	liver	O	O
60	60	via	O	O
60	61	analysis	O	O
60	62	of	O	O
60	63	whole	O	O
60	64	genome	O	O
60	65	gene	O	O
60	66	regulation	O	O
60	67	in	O	O
60	68	human	O	O
60	69	liver	O	O
60	70	slices	O	O
60	71	treated	O	O
60	72	with	O	O
60	73	the	O	O
60	74	PPARa	O	O
60	75	agonist	O	O
60	76	Wy14643	B	B
60	77	.	O	O
60	78	RESULTS	O	O
60	79	:	O	O
60	80	Quantitative	O	O
60	81	PCR	O	O
60	82	indicated	O	O
60	83	that	O	O
60	84	PPARa	O	O
60	85	is	O	O
60	86	well	O	O
60	87	expressed	O	O
60	88	in	O	O
60	89	human	O	O
60	90	liver	O	O
60	91	and	O	O
61	0	Enhanced	O	O
61	1	isoproterenol	B	B
61	2	-	O	O
61	3	induced	O	O
61	4	cardiac	O	O
61	5	hypertrophy	O	O
61	6	in	O	O
61	7	transgenic	O	O
61	8	rats	O	O
61	9	with	O	O
61	10	low	O	O
61	11	brain	O	O
61	12	angiotensinogen	O	O
61	13	.	O	O
62	0	We	O	O
62	1	have	O	O
62	2	previously	O	O
62	3	shown	O	O
62	4	that	O	O
62	5	a	O	O
62	6	permanent	O	O
62	7	deficiency	O	O
62	8	in	O	O
62	9	the	O	O
62	10	brain	O	O
62	11	renin	O	O
62	12	-	O	O
62	13	angiotensin	O	O
62	14	system	O	O
62	15	(	O	O
62	16	RAS	O	O
62	17	)	O	O
62	18	may	O	O
62	19	increase	O	O
62	20	the	O	O
62	21	sensitivity	O	O
62	22	of	O	O
62	23	the	O	O
62	24	baroreflex	O	O
62	25	control	O	O
62	26	of	O	O
62	27	heart	O	O
62	28	rate	O	O
62	29	.	O	O
62	30	In	O	O
62	31	this	O	O
62	32	study	O	O
62	33	we	O	O
62	34	aimed	O	O
62	35	at	O	O
62	36	studying	O	O
62	37	the	O	O
62	38	involvement	O	O
62	39	of	O	O
62	40	the	O	O
62	41	brain	O	O
62	42	RAS	O	O
62	43	in	O	O
62	44	the	O	O
62	45	cardiac	O	O
62	46	reactivity	O	O
62	47	to	O	O
62	48	the	O	O
62	49	beta	O	O
62	50	-	O	O
62	51	adrenoceptor	O	O
62	52	(	O	O
62	53	beta	O	O
62	54	-	O	O
62	55	AR	O	O
62	56	)	O	O
62	57	agonist	O	O
62	58	isoproterenol	B	B
62	59	(	O	O
62	60	Iso	B	B
62	61	)	O	O
62	62	.	O	O
62	63	Transgenic	O	O
62	64	rats	O	O
62	65	with	O	O
62	66	low	O	O
62	67	brain	O	O
62	68	angiotensinogen	O	O
62	69	(	O	O
62	70	TGR	O	O
62	71	)	O	O
62	72	were	O	O
62	73	used	O	O
62	74	.	O	O
62	75	In	O	O
62	76	isolated	O	O
62	77	hearts	O	O
62	78	,	O	O
62	79	Iso	B	B
62	80	induced	O	O
62	81	a	O	O
62	82	significantly	O	O
62	83	greater	O	O
62	84	increase	O	O
62	85	in	O	O
62	86	left	O	O
62	87	ventricular	O	O
62	88	(	O	O
62	89	LV	O	O
62	90	)	O	O
62	91	pressure	O	O
62	92	and	O	O
62	93	maximal	O	O
62	94	contraction	O	O
63	0	CONTEXT	O	O
63	1	:	O	O
63	2	Hereditary	O	O
63	3	hypophosphatemic	O	O
63	4	rickets	O	O
63	5	with	O	O
63	6	hypercalciuria	O	O
63	7	(	O	O
63	8	HHRH	O	O
63	9	)	O	O
63	10	is	O	O
63	11	a	O	O
63	12	rare	O	O
63	13	metabolic	O	O
63	14	disorder	O	O
63	15	,	O	O
63	16	characterized	O	O
63	17	by	O	O
63	18	hypophosphatemia	O	O
63	19	and	O	O
63	20	rickets	O	O
63	21	/	O	O
63	22	osteomalacia	O	O
63	23	with	O	O
63	24	increased	O	O
63	25	serum	O	O
63	26	1	B	B
63	27	,	I	I
63	28	25	I	I
63	29	-	I	I
63	30	dihydroxyvitamin	I	I
63	31	D	I	I
63	32	[	O	O
63	33	1	B	B
63	34	,	I	I
63	35	25	I	I
63	36	-	I	I
63	37	(	I	I
63	38	OH	I	I
63	39	)	I	I
63	40	(	I	I
63	41	2	I	I
63	42	)	I	I
63	43	D	I	I
63	44	]	O	O
63	45	resulting	O	O
63	46	in	O	O
63	47	hypercalciuria	O	O
63	48	.	O	O
63	49	OBJECTIVE	O	O
63	50	:	O	O
63	51	Our	O	O
63	52	objective	O	O
63	53	was	O	O
63	54	to	O	O
63	55	determine	O	O
63	56	whether	O	O
63	57	mutations	O	O
63	58	in	O	O
63	59	the	O	O
63	60	SLC34A3	O	O
63	61	gene	O	O
63	62	,	O	O
63	63	which	O	O
63	64	encodes	O	O
63	65	sodium	O	B
63	66	-	O	I
63	67	phosphate	O	I
63	68	cotransporter	O	O
63	69	type	O	O
63	70	IIc	O	O
64	0	Vitamin	B	B
64	1	D	I	I
64	2	is	O	O
64	3	associated	O	O
64	4	with	O	O
64	5	decreased	O	O
64	6	risks	O	O
64	7	of	O	O
64	8	various	O	O
64	9	cancers	O	O
64	10	,	O	O
64	11	including	O	O
64	12	colon	O	O
64	13	cancer	O	O
64	14	.	O	O
64	15	The	O	O
64	16	vitamin	O	B
64	17	D	O	I
64	18	receptor	O	O
64	19	(	O	O
64	20	VDR	O	O
64	21	)	O	O
64	22	is	O	O
64	23	a	O	O
64	24	transcription	O	O
64	25	factor	O	O
64	26	,	O	O
64	27	which	O	O
64	28	plays	O	O
64	29	an	O	O
64	30	important	O	O
64	31	role	O	O
64	32	in	O	O
64	33	cellular	O	O
64	34	differentiation	O	O
64	35	and	O	O
64	36	inhibition	O	O
64	37	of	O	O
64	38	proliferation	O	O
64	39	.	O	O
64	40	A	O	O
64	41	link	O	O
64	42	between	O	O
64	43	VDR	O	O
64	44	and	O	O
64	45	the	O	O
64	46	RAS	O	O
64	47	-	O	O
64	48	mitogen	O	O
64	49	-	O	O
64	50	activated	O	O
64	51	protein	O	O
64	52	kinase	O	O
64	53	(	O	O
64	54	MAPK	O	O
64	55	)	O	O
64	56	or	O	O
64	57	phosphatidylinositol	O	B
64	58	3	O	O
64	59	-	O	O
64	60	kinase	O	O
64	61	(	O	O
64	62	PI3K	O	O
64	63	)	O	O
64	64	-	O	O
64	65	AKT	O	O
64	66	pathway	O	O
64	67	has	O	O
64	68	been	O	O
64	69	suggested	O	O
64	70	.	O	O
64	71	However	O	O
64	72	,	O	O
64	73	the	O	O
64	74	prognostic	O	O
64	75	role	O	O
64	76	of	O	O
64	77	VDR	O	O
64	78	expression	O	O
64	79	or	O	O
64	80	its	O	O
64	81	relationship	O	O
64	82	with	O	O
64	83	PIK3CA	O	O
64	84	or	O	O
64	85	KRAS	O	O
64	86	mutation	O	O
64	87	remains	O	O
64	88	uncertain	O	O
64	89	.	O	O
64	90	Among	O	O
64	91	619	O	O
64	92	colorectal	O	O
65	0	Cultured	B	O
65	1	mycelium	I	O
65	2	Cordyceps	I	O
65	3	sinensis	I	O
65	4	protects	O	O
65	5	liver	O	O
65	6	sinusoidal	O	O
65	7	endothelial	O	O
65	8	cells	O	O
65	9	in	O	O
65	10	acute	O	O
65	11	liver	O	O
65	12	injured	O	O
65	13	mice	O	O
65	14	.	O	O
66	0	Cultured	B	O
66	1	mycelium	I	O
66	2	Cordyceps	I	O
66	3	sinensis	I	O
66	4	(	O	O
66	5	CMCS	B	O
66	6	)	O	O
66	7	was	O	O
66	8	widely	O	O
66	9	used	O	O
66	10	for	O	O
66	11	a	O	O
66	12	variety	O	O
66	13	of	O	O
66	14	diseases	O	O
66	15	including	O	O
66	16	liver	O	O
66	17	injury	O	O
66	18	,	O	O
66	19	the	O	O
66	20	current	O	O
66	21	study	O	O
66	22	aims	O	O
66	23	to	O	O
66	24	investigate	O	O
66	25	the	O	O
66	26	protective	O	O
66	27	effects	O	O
66	28	of	O	O
66	29	CMCS	B	O
66	30	on	O	O
66	31	liver	O	O
66	32	sinusoidal	O	O
66	33	endothelial	O	O
66	34	cells	O	O
66	35	(	O	O
66	36	LSECs	O	O
66	37	)	O	O
66	38	in	O	O
66	39	acute	O	O
66	40	injury	O	O
66	41	liver	O	O
66	42	and	O	O
66	43	related	O	O
66	44	action	O	O
66	45	mechanisms	O	O
66	46	.	O	O
66	47	The	O	O
66	48	mice	O	O
66	49	were	O	O
66	50	injected	O	O
66	51	intraperitoneally	O	O
66	52	with	O	O
66	53	lipopolysaccharide	B	O
66	54	(	O	O
66	55	LPS	B	O
66	56	)	O	O
66	57	and	O	O
66	58	D	B	B
66	59	-	I	I
66	60	galactosamine	I	I
66	61	(	O	O
66	62	D	B	B
66	63	-	I	I
66	64	GalN	I	I
66	65	)	O	O
66	66	.	O	O
66	67	39	O	O
66	68	male	O	O
66	69	BABL	O	O
66	70	/	O	O
66	71	c	O	O
66	72	mice	O	O
66	73	were	O	O
66	74	randomly	O	O
66	75	divided	O	O
66	76	into	O	O
66	77	four	O	O
66	78	groups	O	O
66	79	:	O	O
66	80	normal	O	O
66	81	control	O	O
66	82	,	O	O
66	83	model	O	O
66	84	control	O	O
66	85	,	O	O
66	86	CMCS	B	O
66	87	treatment	O	O
67	0	Molecular	O	O
67	1	mechanisms	O	O
67	2	remain	O	O
67	3	unknown	O	O
67	4	for	O	O
67	5	most	O	O
67	6	type	O	O
67	7	2	O	O
67	8	diabetes	O	O
67	9	genome	O	O
67	10	-	O	O
67	11	wide	O	O
67	12	association	O	O
67	13	study	O	O
67	14	identified	O	O
67	15	loci	O	O
67	16	.	O	O
67	17	Variants	O	O
67	18	associated	O	O
67	19	with	O	O
67	20	type	O	O
67	21	2	O	O
67	22	diabetes	O	O
67	23	and	O	O
67	24	fasting	O	O
67	25	glucose	B	B
67	26	levels	O	O
67	27	reside	O	O
67	28	in	O	O
67	29	introns	O	O
67	30	of	O	O
67	31	ADCY5	O	O
67	32	,	O	O
67	33	a	O	O
67	34	gene	O	O
67	35	that	O	O
67	36	encodes	O	O
67	37	adenylate	O	O
67	38	cyclase	O	O
67	39	5	O	O
67	40	.	O	O
67	41	Adenylate	O	O
67	42	cyclase	O	O
67	43	5	O	O
67	44	catalyzes	O	O
67	45	the	O	O
67	46	production	O	O
67	47	of	O	O
67	48	cyclic	B	B
67	49	AMP	I	I
67	50	,	O	O
67	51	which	O	O
67	52	is	O	O
67	53	a	O	O
67	54	second	O	O
67	55	messenger	O	O
67	56	molecule	O	O
67	57	involved	O	O
67	58	in	O	O
67	59	cell	O	O
67	60	signaling	O	O
67	61	and	O	O
67	62	pancreatic	O	O
67	63	b	O	O
67	64	-	O	O
67	65	cell	O	O
67	66	insulin	O	O
67	67	secretion	O	O
67	68	.	O	O
67	69	We	O	O
67	70	demonstrated	O	O
67	71	that	O	O
67	72	type	O	O
67	73	2	O	O
67	74	diabetes	O	O
67	75	risk	O	O
67	76	alleles	O	O
67	77	are	O	O
67	78	associated	O	O
67	79	with	O	O
67	80	decreased	O	O
67	81	ADCY5	O	O
67	82	expression	O	O
67	83	in	O	O
67	84	human	O	O
67	85	islets	O	O
67	86	and	O	O
67	87	examined	O	O
67	88	candidate	O	O
67	89	variants	O	O
67	90	for	O	O
67	91	regulatory	O	O
67	92	function	O	O
68	0	Loss	O	O
68	1	or	O	O
68	2	reduction	O	O
68	3	in	O	O
68	4	function	O	O
68	5	of	O	O
68	6	tumor	O	O
68	7	suppressor	O	O
68	8	genes	O	O
68	9	contributes	O	O
68	10	to	O	O
68	11	tumorigenesis	O	O
68	12	.	O	O
68	13	Here	O	O
68	14	,	O	O
68	15	by	O	O
68	16	allelic	O	O
68	17	DNA	O	O
68	18	copy	O	O
68	19	number	O	O
68	20	analysis	O	O
68	21	using	O	O
68	22	single	O	O
68	23	-	O	O
68	24	nucleotide	O	O
68	25	polymorphism	O	O
68	26	genotyping	O	O
68	27	array	O	O
68	28	and	O	O
68	29	mass	O	O
68	30	spectrometry	O	O
68	31	,	O	O
68	32	we	O	O
68	33	report	O	O
68	34	homozygous	O	O
68	35	deletion	O	O
68	36	in	O	O
68	37	glioblastoma	O	O
68	38	multiformes	O	O
68	39	at	O	O
68	40	chromosome	O	O
68	41	13q21	O	O
68	42	,	O	O
68	43	where	O	O
68	44	DACH1	O	O
68	45	gene	O	O
68	46	is	O	O
68	47	located	O	O
68	48	.	O	O
68	49	We	O	O
68	50	found	O	O
68	51	decreased	O	O
68	52	cell	O	O
68	53	proliferation	O	O
68	54	of	O	O
68	55	a	O	O
68	56	series	O	O
68	57	of	O	O
68	58	glioma	O	O
68	59	cell	O	O
68	60	lines	O	O
68	61	by	O	O
68	62	forced	O	O
68	63	expression	O	O
68	64	of	O	O
68	65	DACH1	O	O
68	66	.	O	O
68	67	We	O	O
68	68	then	O	O
68	69	generated	O	O
68	70	U87TR	O	O
68	71	-	O	O
68	72	Da	O	O
68	73	glioma	O	O
68	74	cells	O	O
68	75	,	O	O
68	76	where	O	O
68	77	DACH1	O	O
68	78	expression	O	O
68	79	could	O	O
68	80	be	O	O
68	81	activated	O	O
69	0	Chronic	O	O
69	1	infection	O	O
69	2	with	O	O
69	3	hepatitis	O	O
69	4	C	O	O
69	5	virus	O	O
69	6	(	O	O
69	7	HCV	O	O
69	8	)	O	O
69	9	can	O	O
69	10	progress	O	O
69	11	to	O	O
69	12	cirrhosis	O	O
69	13	,	O	O
69	14	hepatocellular	O	O
69	15	carcinoma	O	O
69	16	,	O	O
69	17	and	O	O
69	18	end	O	O
69	19	-	O	O
69	20	stage	O	O
69	21	liver	O	O
69	22	disease	O	O
69	23	.	O	O
69	24	The	O	O
69	25	current	O	O
69	26	best	O	O
69	27	treatment	O	O
69	28	for	O	O
69	29	HCV	O	O
69	30	infection	O	O
69	31	is	O	O
69	32	combination	O	O
69	33	therapy	O	O
69	34	with	O	O
69	35	pegylated	O	B
69	36	interferon	O	I
69	37	and	O	O
69	38	ribavirin	B	B
69	39	.	O	O
69	40	Although	O	O
69	41	this	O	O
69	42	regimen	O	O
69	43	produces	O	O
69	44	sustained	O	O
69	45	virologic	O	O
69	46	responses	O	O
69	47	(	O	O
69	48	SVRs	O	O
69	49	)	O	O
69	50	in	O	O
69	51	approximately	O	O
69	52	50	O	O
69	53	%	O	O
69	54	of	O	O
69	55	patients	O	O
69	56	,	O	O
69	57	it	O	O
69	58	can	O	O
69	59	be	O	O
69	60	associated	O	O
69	61	with	O	O
69	62	a	O	O
69	63	potentially	O	O
69	64	dose	O	O
69	65	-	O	O
69	66	limiting	O	O
69	67	hemolytic	O	O
69	68	anemia	O	O
69	69	.	O	O
69	70	Hemoglobin	O	O
69	71	concentrations	O	O
69	72	decrease	O	O
69	73	mainly	O	O
69	74	as	O	O
69	75	a	O	O
69	76	result	O	O
69	77	of	O	O
69	78	ribavirin	B	B
69	79	-	O	O
69	80	induced	O	O
69	81	hemolysis	O	O
69	82	,	O	O
69	83	and	O	O
69	84	this	O	O
69	85	anemia	O	O
69	86	can	O	O
70	0	Assessment	O	O
70	1	of	O	O
70	2	a	O	O
70	3	new	O	O
70	4	non	O	O
70	5	-	O	O
70	6	invasive	O	O
70	7	index	O	O
70	8	of	O	O
70	9	cardiac	O	O
70	10	performance	O	O
70	11	for	O	O
70	12	detection	O	O
70	13	of	O	O
70	14	dobutamine	B	B
70	15	-	O	O
70	16	induced	O	O
70	17	myocardial	O	O
70	18	ischemia	O	O
70	19	.	O	O
71	0	BACKGROUND	O	O
71	1	:	O	O
71	2	Electrocardiography	O	O
71	3	has	O	O
71	4	a	O	O
71	5	very	O	O
71	6	low	O	O
71	7	sensitivity	O	O
71	8	in	O	O
71	9	detecting	O	O
71	10	dobutamine	B	B
71	11	-	O	O
71	12	induced	O	O
71	13	myocardial	O	O
71	14	ischemia	O	O
71	15	.	O	O
71	16	OBJECTIVES	O	O
71	17	:	O	O
71	18	To	O	O
71	19	assess	O	O
71	20	the	O	O
71	21	added	O	O
71	22	diagnostic	O	O
71	23	value	O	O
71	24	of	O	O
71	25	a	O	O
71	26	new	O	O
71	27	cardiac	O	O
71	28	performance	O	O
71	29	index	O	O
71	30	(	O	O
71	31	dP	O	O
71	32	/	O	O
71	33	dtejc	O	O
71	34	)	O	O
71	35	measurement	O	O
71	36	,	O	O
71	37	based	O	O
71	38	on	O	O
71	39	brachial	O	O
71	40	artery	O	O
71	41	flow	O	O
71	42	changes	O	O
71	43	,	O	O
71	44	as	O	O
71	45	compared	O	O
71	46	to	O	O
71	47	standard	O	O
71	48	12	O	O
71	49	-	O	O
71	50	lead	O	O
71	51	ECG	O	O
71	52	,	O	O
71	53	for	O	O
71	54	detecting	O	O
71	55	dobutamine	B	B
71	56	-	O	O
71	57	induced	O	O
71	58	myocardial	O	O
71	59	ischemia	O	O
71	60	,	O	O
71	61	using	O	O
71	62	Tc99m	O	B
71	63	-	O	I
71	64	Sestamibi	O	I
71	65	single	O	O
71	66	-	O	O
71	67	photon	O	O
71	68	emission	O	O
71	69	computed	O	O
71	70	tomography	O	O
71	71	as	O	O
71	72	the	O	O
71	73	gold	O	O
71	74	standard	O	O
72	0	Male	O	O
72	1	11b	O	O
72	2	-	O	O
72	3	HSD1	O	O
72	4	Knockout	O	O
72	5	Mice	O	O
72	6	Fed	O	O
72	7	Trans	B	O
72	8	-	I	O
72	9	Fats	I	O
72	10	and	O	O
72	11	Fructose	B	B
72	12	Are	O	O
72	13	Not	O	O
72	14	Protected	O	O
72	15	From	O	O
72	16	Metabolic	O	O
72	17	Syndrome	O	O
72	18	or	O	O
72	19	Nonalcoholic	O	O
72	20	Fatty	O	O
72	21	Liver	O	O
72	22	Disease	O	O
72	23	.	O	O
73	0	Nonalcoholic	O	O
73	1	fatty	O	O
73	2	liver	O	O
73	3	disease	O	O
73	4	(	O	O
73	5	NAFLD	O	O
73	6	)	O	O
73	7	defines	O	O
73	8	a	O	O
73	9	spectrum	O	O
73	10	of	O	O
73	11	conditions	O	O
73	12	from	O	O
73	13	simple	O	O
73	14	steatosis	O	O
73	15	to	O	O
73	16	nonalcoholic	O	O
73	17	steatohepatitis	O	O
73	18	(	O	O
73	19	NASH	O	O
73	20	)	O	O
73	21	and	O	O
73	22	cirrhosis	O	O
73	23	and	O	O
73	24	is	O	O
73	25	regarded	O	O
73	26	as	O	O
73	27	the	O	O
73	28	hepatic	O	O
73	29	manifestation	O	O
73	30	of	O	O
73	31	the	O	O
73	32	metabolic	O	O
73	33	syndrome	O	O
73	34	.	O	O
73	35	Glucocorticoids	B	O
73	36	can	O	O
73	37	promote	O	O
73	38	steatosis	O	O
73	39	by	O	O
73	40	stimulating	O	O
73	41	lipolysis	O	O
73	42	within	O	O
73	43	adipose	O	O
73	44	tissue	O	O
73	45	,	O	O
73	46	free	B	O
73	47	fatty	I	B
73	48	acid	I	I
73	49	delivery	O	O
73	50	to	O	O
73	51	liver	O	O
73	52	and	O	O
73	53	hepatic	O	O
73	54	de	O	O
73	55	novo	O	O
73	56	lipogenesis	O	O
73	57	.	O	O
73	58	Glucocorticoids	B	O
73	59	can	O	O
73	60	be	O	O
73	61	reactivated	O	O
73	62	in	O	O
73	63	liver	O	O
73	64	through	O	O
73	65	11b	O	B
73	66	-	O	I
73	67	hydroxysteroid	O	I
73	68	dehydrogenase	O	O
74	0	Pheochromocytoma	O	O
74	1	unmasked	O	O
74	2	by	O	O
74	3	amisulpride	B	B
74	4	and	O	O
74	5	tiapride	B	B
74	6	.	O	O
75	0	OBJECTIVE	O	O
75	1	:	O	O
75	2	To	O	O
75	3	describe	O	O
75	4	the	O	O
75	5	unmasking	O	O
75	6	of	O	O
75	7	pheochromocytoma	O	O
75	8	in	O	O
75	9	a	O	O
75	10	patient	O	O
75	11	treated	O	O
75	12	with	O	O
75	13	amisulpride	B	B
75	14	and	O	O
75	15	tiapride	B	B
75	16	.	O	O
75	17	CASE	O	O
75	18	SUMMARY	O	O
75	19	:	O	O
75	20	A	O	O
75	21	42	O	O
75	22	-	O	O
75	23	year	O	O
75	24	-	O	O
75	25	old	O	O
75	26	white	O	O
75	27	man	O	O
75	28	developed	O	O
75	29	acute	O	O
75	30	hypertension	O	O
75	31	with	O	O
75	32	severe	O	O
75	33	headache	O	O
75	34	and	O	O
75	35	vomiting	O	O
75	36	2	O	O
75	37	hours	O	O
75	38	after	O	O
75	39	the	O	O
75	40	first	O	O
75	41	doses	O	O
75	42	of	O	O
75	43	amisulpride	B	B
75	44	100	O	O
75	45	mg	O	O
75	46	and	O	O
75	47	tiapride	B	B
75	48	100	O	O
75	49	mg	O	O
75	50	.	O	O
75	51	Both	O	O
75	52	drugs	O	O
75	53	were	O	O
75	54	immediately	O	O
75	55	discontinued	O	O
75	56	,	O	O
75	57	and	O	O
75	58	the	O	O
75	59	patient	O	O
75	60	recovered	O	O
75	61	after	O	O
75	62	subsequent	O	O
75	63	nicardipine	B	B
75	64	and	O	O
75	65	verapamil	B	B
75	66	treatment	O	O
75	67	.	O	O
75	68	Abdominal	O	O
75	69	ultrasound	O	O
75	70	showed	O	O
75	71	an	O	O
75	72	adrenal	O	O
75	73	mass	O	O
75	74	,	O	O
75	75	and	O	O
75	76	postoperative	O	O
75	77	histologic	O	O
76	0	Phenylephrine	B	B
76	1	but	O	O
76	2	not	O	O
76	3	ephedrine	B	B
76	4	reduces	O	O
76	5	frontal	O	O
76	6	lobe	O	O
76	7	oxygenation	O	O
76	8	following	O	O
76	9	anesthesia	O	O
76	10	-	O	O
76	11	induced	O	O
76	12	hypotension	O	O
76	13	.	O	O
77	0	BACKGROUND	O	O
77	1	:	O	O
77	2	Vasopressor	O	O
77	3	agents	O	O
77	4	are	O	O
77	5	used	O	O
77	6	to	O	O
77	7	correct	O	O
77	8	anesthesia	O	O
77	9	-	O	O
77	10	induced	O	O
77	11	hypotension	O	O
77	12	.	O	O
77	13	We	O	O
77	14	describe	O	O
77	15	the	O	O
77	16	effect	O	O
77	17	of	O	O
77	18	phenylephrine	B	B
77	19	and	O	O
77	20	ephedrine	B	B
77	21	on	O	O
77	22	frontal	O	O
77	23	lobe	O	O
77	24	oxygenation	O	O
77	25	(	O	O
77	26	S	O	O
77	27	(	O	O
77	28	c	O	O
77	29	)	O	O
77	30	O	O	O
77	31	(	O	O
77	32	2	O	O
77	33	)	O	O
77	34	)	O	O
77	35	following	O	O
77	36	anesthesia	O	O
77	37	-	O	O
77	38	induced	O	O
77	39	hypotension	O	O
77	40	.	O	O
77	41	METHODS	O	O
77	42	:	O	O
77	43	Following	O	O
77	44	induction	O	O
77	45	of	O	O
77	46	anesthesia	O	O
77	47	by	O	O
77	48	fentanyl	B	B
77	49	(	O	O
77	50	0	O	O
77	51	.	O	O
77	52	15	O	O
77	53	mg	O	O
77	54	kg	O	O
77	55	(	O	O
77	56	-	O	O
77	57	1	O	O
77	58	)	O	O
77	59	)	O	O
77	60	and	O	O
77	61	propofol	B	B
77	62	(	O	O
77	63	2	O	O
77	64	.	O	O
77	65	0	O	O
77	66	mg	O	O
77	67	kg	O	O
77	68	(	O	O
77	69	-	O	O
77	70	1	O	O
77	71	)	O	O
77	72	)	O	O
77	73	,	O	O
77	74	13	O	O
77	75	patients	O	O
77	76	received	O	O
77	77	phenylephrine	B	B
77	78	(	O	O
77	79	0	O	O
77	80	.	O	O
77	81	1	O	O
78	0	Complete	O	O
78	1	atrioventricular	O	O
78	2	block	O	O
78	3	secondary	O	O
78	4	to	O	O
78	5	lithium	B	B
78	6	therapy	O	O
78	7	.	O	O
79	0	Sinus	O	O
79	1	node	O	O
79	2	dysfunction	O	O
79	3	has	O	O
79	4	been	O	O
79	5	reported	O	O
79	6	most	O	O
79	7	frequently	O	O
79	8	among	O	O
79	9	the	O	O
79	10	adverse	O	O
79	11	cardiovascular	O	O
79	12	effects	O	O
79	13	of	O	O
79	14	lithium	B	B
79	15	.	O	O
79	16	In	O	O
79	17	the	O	O
79	18	present	O	O
79	19	case	O	O
79	20	,	O	O
79	21	complete	O	O
79	22	atrioventricular	O	O
79	23	(	O	O
79	24	AV	O	O
79	25	)	O	O
79	26	block	O	O
79	27	with	O	O
79	28	syncopal	O	O
79	29	attacks	O	O
79	30	developed	O	O
79	31	secondary	O	O
79	32	to	O	O
79	33	lithium	B	B
79	34	therapy	O	O
79	35	,	O	O
79	36	necessitating	O	O
79	37	permanent	O	O
79	38	pacemaker	O	O
79	39	implantation	O	O
79	40	.	O	O
79	41	Serum	O	O
79	42	lithium	B	B
79	43	levels	O	O
79	44	remained	O	O
79	45	under	O	O
79	46	or	O	O
79	47	within	O	O
79	48	the	O	O
79	49	therapeutic	O	O
79	50	range	O	O
79	51	during	O	O
79	52	the	O	O
79	53	syncopal	O	O
79	54	attacks	O	O
79	55	.	O	O
79	56	Lithium	B	B
79	57	should	O	O
79	58	be	O	O
79	59	used	O	O
79	60	with	O	O
79	61	extreme	O	O
79	62	caution	O	O
79	63	,	O	O
79	64	especially	O	O
79	65	in	O	O
79	66	patients	O	O
79	67	with	O	O
79	68	mild	O	O
79	69	disturbance	O	O
79	70	of	O	O
79	71	AV	O	O
79	72	conduction	O	O
79	73	.	O	O
80	0	Organophosphate	B	B
80	1	-	O	O
80	2	induced	O	O
80	3	convulsions	O	O
80	4	and	O	O
80	5	prevention	O	O
80	6	of	O	O
80	7	neuropathological	O	O
80	8	damages	O	O
80	9	.	O	O
81	0	Such	O	O
81	1	organophosphorus	B	B
81	2	(	O	O
81	3	OP	B	B
81	4	)	O	O
81	5	compounds	O	O
81	6	as	O	O
81	7	diisopropylfluorophosphate	B	B
81	8	(	O	O
81	9	DFP	B	B
81	10	)	O	O
81	11	,	O	O
81	12	sarin	B	B
81	13	and	O	O
81	14	soman	B	B
81	15	are	O	O
81	16	potent	O	O
81	17	inhibitors	O	O
81	18	of	O	O
81	19	acetylcholinesterases	O	O
81	20	(	O	O
81	21	AChEs	O	O
81	22	)	O	O
81	23	and	O	O
81	24	butyrylcholinesterases	O	O
81	25	(	O	O
81	26	BChEs	O	O
81	27	)	O	O
81	28	.	O	O
81	29	The	O	O
81	30	acute	O	O
81	31	toxicity	O	O
81	32	of	O	O
81	33	OPs	B	B
81	34	is	O	O
81	35	the	O	O
81	36	result	O	O
81	37	of	O	O
81	38	their	O	O
81	39	irreversible	O	O
81	40	binding	O	O
81	41	with	O	O
81	42	AChEs	O	O
81	43	in	O	O
81	44	the	O	O
81	45	central	O	O
81	46	nervous	O	O
81	47	system	O	O
81	48	(	O	O
81	49	CNS	O	O
81	50	)	O	O
81	51	,	O	O
81	52	which	O	O
81	53	elevates	O	O
81	54	acetylcholine	B	B
81	55	(	O	O
81	56	ACh	B	B
81	57	)	O	O
81	58	levels	O	O
81	59	.	O	O
81	60	The	O	O
81	61	protective	O	O
81	62	action	O	O
81	63	of	O	O
81	64	subcutaneously	O	O
81	65	(	O	O
81	66	SC	O	O
81	67	)	O	O
81	68	administered	O	O
81	69	antidotes	O	O
81	70	or	O	O
81	71	their	O	O
81	72	combinations	O	O
81	73	in	O	O
82	0	The	O	O
82	1	activation	O	O
82	2	of	O	O
82	3	spinal	O	O
82	4	N	O	B
82	5	-	O	I
82	6	methyl	O	I
82	7	-	O	I
82	8	D	O	I
82	9	-	O	I
82	10	aspartate	O	I
82	11	receptors	O	O
82	12	may	O	O
82	13	contribute	O	O
82	14	to	O	O
82	15	degeneration	O	O
82	16	of	O	O
82	17	spinal	O	O
82	18	motor	O	O
82	19	neurons	O	O
82	20	induced	O	O
82	21	by	O	O
82	22	neuraxial	O	O
82	23	morphine	B	B
82	24	after	O	O
82	25	a	O	O
82	26	noninjurious	O	O
82	27	interval	O	O
82	28	of	O	O
82	29	spinal	O	O
82	30	cord	O	O
82	31	ischemia	O	O
82	32	.	O	O
83	0	We	O	O
83	1	investigated	O	O
83	2	the	O	O
83	3	relationship	O	O
83	4	between	O	O
83	5	the	O	O
83	6	degeneration	O	O
83	7	of	O	O
83	8	spinal	O	O
83	9	motor	O	O
83	10	neurons	O	O
83	11	and	O	O
83	12	activation	O	O
83	13	of	O	O
83	14	N	O	B
83	15	-	O	I
83	16	methyl	O	I
83	17	-	O	I
83	18	d	O	I
83	19	-	O	I
83	20	aspartate	O	I
83	21	(	O	O
83	22	NMDA	O	B
83	23	)	O	O
83	24	receptors	O	O
83	25	after	O	O
83	26	neuraxial	O	O
83	27	morphine	B	B
83	28	following	O	O
83	29	a	O	O
83	30	noninjurious	O	O
83	31	interval	O	O
83	32	of	O	O
83	33	aortic	O	O
83	34	occlusion	O	O
83	35	in	O	O
83	36	rats	O	O
83	37	.	O	O
83	38	Spinal	O	O
83	39	cord	O	O
83	40	ischemia	O	O
83	41	was	O	O
83	42	induced	O	O
83	43	by	O	O
83	44	aortic	O	O
83	45	occlusion	O	O
83	46	for	O	O
83	47	6	O	O
83	48	min	O	O
83	49	with	O	O
83	50	a	O	O
83	51	balloon	O	O
83	52	catheter	O	O
83	53	.	O	O
83	54	In	O	O
83	55	a	O	O
83	56	microdialysis	O	O
83	57	study	O	O
83	58	,	O	O
83	59	10	O	O
83	60	muL	O	O
83	61	of	O	O
83	62	saline	O	O
83	63	(	O	O
83	64	group	O	O
83	65	C	O	O
83	66	;	O	O
83	67	n	O	O
83	68	=	O	O
83	69	8	O	O
83	70	)	O	O
83	71	or	O	O
83	72	30	O	O
83	73	mug	O	O
83	74	of	O	O
83	75	morphine	B	B
83	76	(	O	O
83	77	group	O	O
83	78	M	O	O
83	79	;	O	O
83	80	n	O	O
83	81	=	O	O
83	82	8	O	O
83	83	)	O	O
83	84	was	O	O
83	85	injected	O	O
83	86	intrathecally	O	O
84	0	Growth	O	O
84	1	-	O	O
84	2	associated	O	O
84	3	protein	O	O
84	4	43	O	O
84	5	expression	O	O
84	6	in	O	O
84	7	hippocampal	O	O
84	8	molecular	O	O
84	9	layer	O	O
84	10	of	O	O
84	11	chronic	O	O
84	12	epileptic	O	O
84	13	rats	O	O
84	14	treated	O	O
84	15	with	O	O
84	16	cycloheximide	B	B
84	17	.	O	O
85	0	PURPOSE	O	O
85	1	:	O	O
85	2	GAP43	O	O
85	3	has	O	O
85	4	been	O	O
85	5	thought	O	O
85	6	to	O	O
85	7	be	O	O
85	8	linked	O	O
85	9	with	O	O
85	10	mossy	O	O
85	11	fiber	O	O
85	12	sprouting	O	O
85	13	(	O	O
85	14	MFS	O	O
85	15	)	O	O
85	16	in	O	O
85	17	various	O	O
85	18	experimental	O	O
85	19	models	O	O
85	20	of	O	O
85	21	epilepsy	O	O
85	22	.	O	O
85	23	To	O	O
85	24	investigate	O	O
85	25	how	O	O
85	26	GAP43	O	O
85	27	expression	O	O
85	28	(	O	O
85	29	GAP43	O	O
85	30	-	O	O
85	31	ir	O	O
85	32	)	O	O
85	33	correlates	O	O
85	34	with	O	O
85	35	MFS	O	O
85	36	,	O	O
85	37	we	O	O
85	38	assessed	O	O
85	39	the	O	O
85	40	intensity	O	O
85	41	(	O	O
85	42	densitometry	O	O
85	43	)	O	O
85	44	and	O	O
85	45	extension	O	O
85	46	(	O	O
85	47	width	O	O
85	48	)	O	O
85	49	of	O	O
85	50	GAP43	O	O
85	51	-	O	O
85	52	ir	O	O
85	53	in	O	O
85	54	the	O	O
85	55	inner	O	O
85	56	molecular	O	O
85	57	layer	O	O
85	58	of	O	O
85	59	the	O	O
85	60	dentate	O	O
85	61	gyrus	O	O
85	62	(	O	O
85	63	IML	O	O
85	64	)	O	O
85	65	of	O	O
85	66	rats	O	O
85	67	subject	O	O
85	68	to	O	O
85	69	status	O	O
85	70	epilepticus	O	O
85	71	induced	O	O
85	72	by	O	O
85	73	pilocarpine	B	B
85	74	(	O	O
85	75	Pilo	B	B
85	76	)	O	O
85	77	,	O	O
85	78	previously	O	O
85	79	injected	O	O
85	80	or	O	O
85	81	not	O	O
85	82	with	O	O
85	83	cycloheximide	B	B
86	0	Daidzein	B	B
86	1	activates	O	O
86	2	choline	O	B
86	3	acetyltransferase	O	O
86	4	from	O	O
86	5	MC	O	O
86	6	-	O	O
86	7	IXC	O	O
86	8	cells	O	O
86	9	and	O	O
86	10	improves	O	O
86	11	drug	O	O
86	12	-	O	O
86	13	induced	O	O
86	14	amnesia	O	O
86	15	.	O	O
87	0	The	O	O
87	1	choline	O	B
87	2	acetyltransferase	O	O
87	3	(	O	O
87	4	ChAT	O	O
87	5	)	O	O
87	6	activator	O	O
87	7	,	O	O
87	8	which	O	O
87	9	enhances	O	O
87	10	cholinergic	O	O
87	11	transmission	O	O
87	12	via	O	O
87	13	an	O	O
87	14	augmentation	O	O
87	15	of	O	O
87	16	the	O	O
87	17	enzymatic	O	O
87	18	production	O	O
87	19	of	O	O
87	20	acetylcholine	B	B
87	21	(	O	O
87	22	ACh	B	B
87	23	)	O	O
87	24	,	O	O
87	25	is	O	O
87	26	an	O	O
87	27	important	O	O
87	28	factor	O	O
87	29	in	O	O
87	30	the	O	O
87	31	treatment	O	O
87	32	of	O	O
87	33	Alzheimer	O	O
87	34	'	O	O
87	35	s	O	O
87	36	disease	O	O
87	37	(	O	O
87	38	AD	O	O
87	39	)	O	O
87	40	.	O	O
87	41	Methanolic	B	O
87	42	extracts	O	O
87	43	from	O	O
87	44	Pueraria	O	O
87	45	thunbergiana	O	O
87	46	exhibited	O	O
87	47	an	O	O
87	48	activation	O	O
87	49	effect	O	O
87	50	(	O	O
87	51	46	O	O
87	52	%	O	O
87	53	)	O	O
87	54	on	O	O
87	55	ChAT	O	O
87	56	in	O	O
87	57	vitro	O	O
87	58	.	O	O
87	59	Via	O	O
87	60	the	O	O
87	61	sequential	O	O
87	62	isolation	O	O
87	63	of	O	O
87	64	Pueraria	O	O
87	65	thunbergiana	O	O
87	66	,	O	O
87	67	the	O	O
87	68	active	O	O
87	69	component	O	O
87	70	was	O	O
87	71	ultimately	O	O
87	72	identified	O	O
87	73	as	O	O
87	74	daidzein	B	B
87	75	(	O	O
87	76	4	B	B
87	77	'	I	I
87	78	,	I	I
87	79	7	I	I
87	80	-	I	I
87	81	dihydroxy	I	I
88	0	Effect	O	O
88	1	of	O	O
88	2	alpha	B	B
88	3	-	I	I
88	4	tocopherol	I	I
88	5	and	O	O
88	6	deferoxamine	B	B
88	7	on	O	O
88	8	methamphetamine	B	B
88	9	-	O	O
88	10	induced	O	O
88	11	neurotoxicity	O	O
88	12	.	O	O
89	0	Methamphetamine	B	B
89	1	(	O	O
89	2	MA	B	O
89	3	)	O	O
89	4	-	O	O
89	5	induced	O	O
89	6	dopaminergic	B	O
89	7	neurotoxicity	O	O
89	8	is	O	O
89	9	believed	O	O
89	10	to	O	O
89	11	be	O	O
89	12	associated	O	O
89	13	with	O	O
89	14	the	O	O
89	15	increased	O	O
89	16	formation	O	O
89	17	of	O	O
89	18	free	O	O
89	19	radicals	O	O
89	20	.	O	O
89	21	This	O	O
89	22	study	O	O
89	23	examined	O	O
89	24	the	O	O
89	25	effect	O	O
89	26	of	O	O
89	27	alpha	B	B
89	28	-	I	I
89	29	tocopherol	I	I
89	30	(	O	O
89	31	alpha	B	B
89	32	-	I	I
89	33	TC	I	I
89	34	)	O	O
89	35	,	O	O
89	36	a	O	O
89	37	scavenger	O	O
89	38	of	O	O
89	39	reactive	B	O
89	40	oxygen	I	B
89	41	species	I	O
89	42	,	O	O
89	43	and	O	O
89	44	deferoxamine	B	B
89	45	(	O	O
89	46	DFO	B	B
89	47	)	O	O
89	48	,	O	O
89	49	an	O	O
89	50	iron	B	B
89	51	chelator	O	O
89	52	,	O	O
89	53	on	O	O
89	54	the	O	O
89	55	MA	B	O
89	56	-	O	O
89	57	induced	O	O
89	58	neurotoxicity	O	O
89	59	.	O	O
89	60	Male	O	O
89	61	rats	O	O
89	62	were	O	O
89	63	treated	O	O
89	64	with	O	O
89	65	MA	B	O
89	66	(	O	O
89	67	10	O	O
89	68	mg	O	O
89	69	/	O	O
89	70	kg	O	O
89	71	,	O	O
89	72	every	O	O
89	73	2	O	O
89	74	h	O	O
89	75	for	O	O
89	76	four	O	O
89	77	injections	O	O
89	78	)	O	O
89	79	.	O	O
89	80	The	O	O
89	81	rat	O	O
89	82	received	O	O
89	83	either	O	O
89	84	alpha	B	B
89	85	-	I	I
89	86	TC	I	I
89	87	(	O	O
89	88	20	O	O
89	89	mg	O	O
89	90	/	O	O
89	91	kg	O	O
89	92	)	O	O
89	93	intraperitoneally	O	O
90	0	Cardiac	O	O
90	1	Angiography	O	O
90	2	in	O	O
90	3	Renally	O	O
90	4	Impaired	O	O
90	5	Patients	O	O
90	6	(	O	O
90	7	CARE	O	O
90	8	)	O	O
90	9	study	O	O
90	10	:	O	O
90	11	a	O	O
90	12	randomized	O	O
90	13	double	O	O
90	14	-	O	O
90	15	blind	O	O
90	16	trial	O	O
90	17	of	O	O
90	18	contrast	B	O
90	19	-	O	O
90	20	induced	O	O
90	21	nephropathy	O	O
90	22	in	O	O
90	23	patients	O	O
90	24	with	O	O
90	25	chronic	O	O
90	26	kidney	O	O
90	27	disease	O	O
90	28	.	O	O
91	0	BACKGROUND	O	O
91	1	:	O	O
91	2	No	O	O
91	3	direct	O	O
91	4	comparisons	O	O
91	5	exist	O	O
91	6	of	O	O
91	7	the	O	O
91	8	renal	O	O
91	9	tolerability	O	O
91	10	of	O	O
91	11	the	O	O
91	12	low	O	O
91	13	-	O	O
91	14	osmolality	O	O
91	15	contrast	B	B
91	16	medium	I	I
91	17	iopamidol	B	B
91	18	with	O	O
91	19	that	O	O
91	20	of	O	O
91	21	the	O	O
91	22	iso	O	O
91	23	-	O	O
91	24	osmolality	O	O
91	25	contrast	B	B
91	26	medium	I	I
91	27	iodixanol	B	B
91	28	in	O	O
91	29	high	O	O
91	30	-	O	O
91	31	risk	O	O
91	32	patients	O	O
91	33	.	O	O
91	34	METHODS	O	O
91	35	AND	O	O
91	36	RESULTS	O	O
91	37	:	O	O
91	38	The	O	O
91	39	present	O	O
91	40	study	O	O
91	41	is	O	O
91	42	a	O	O
91	43	multicenter	O	O
91	44	,	O	O
91	45	randomized	O	O
91	46	,	O	O
91	47	double	O	O
91	48	-	O	O
91	49	blind	O	O
91	50	comparison	O	O
91	51	of	O	O
91	52	iopamidol	B	B
91	53	and	O	O
91	54	iodixanol	B	B
91	55	in	O	O
91	56	patients	O	O
91	57	with	O	O
91	58	chronic	O	O
91	59	kidney	O	O
91	60	disease	O	O
91	61	(	O	O
91	62	estimated	O	O
91	63	glomerular	O	O
91	64	filtration	O	O
91	65	rate	O	O
91	66	,	O	O
91	67	20	O	O
91	68	to	O	O
91	69	59	O	O
91	70	mL	O	O
91	71	/	O	O
91	72	min	O	O
91	73	)	O	O
91	74	who	O	O
91	75	underwent	O	O
91	76	cardiac	O	O
91	77	angiography	O	O
92	0	Estrogen	B	B
92	1	prevents	O	O
92	2	cholesteryl	B	B
92	3	ester	I	I
92	4	accumulation	O	O
92	5	in	O	O
92	6	macrophages	O	O
92	7	induced	O	O
92	8	by	O	O
92	9	the	O	O
92	10	HIV	O	O
92	11	protease	O	O
92	12	inhibitor	O	O
92	13	ritonavir	B	B
92	14	.	O	O
93	0	Individuals	O	O
93	1	with	O	O
93	2	HIV	O	O
93	3	can	O	O
93	4	now	O	O
93	5	live	O	O
93	6	long	O	O
93	7	lives	O	O
93	8	with	O	O
93	9	drug	O	O
93	10	therapy	O	O
93	11	that	O	O
93	12	often	O	O
93	13	includes	O	O
93	14	protease	O	O
93	15	inhibitors	O	O
93	16	such	O	O
93	17	as	O	O
93	18	ritonavir	B	B
93	19	.	O	O
93	20	Many	O	O
93	21	patients	O	O
93	22	,	O	O
93	23	however	O	O
93	24	,	O	O
93	25	develop	O	O
93	26	negative	O	O
93	27	long	O	O
93	28	-	O	O
93	29	term	O	O
93	30	side	O	O
93	31	effects	O	O
93	32	such	O	O
93	33	as	O	O
93	34	premature	O	O
93	35	atherosclerosis	O	O
93	36	.	O	O
93	37	We	O	O
93	38	have	O	O
93	39	previously	O	O
93	40	demonstrated	O	O
93	41	that	O	O
93	42	ritonavir	B	B
93	43	treatment	O	O
93	44	increases	O	O
93	45	atherosclerotic	O	O
93	46	lesion	O	O
93	47	formation	O	O
93	48	in	O	O
93	49	male	O	O
93	50	mice	O	O
93	51	to	O	O
93	52	a	O	O
93	53	greater	O	O
93	54	extent	O	O
93	55	than	O	O
93	56	in	O	O
93	57	female	O	O
93	58	mice	O	O
93	59	.	O	O
93	60	Furthermore	O	O
93	61	,	O	O
93	62	peripheral	O	O
93	63	blood	O	O
93	64	monocytes	O	O
93	65	isolated	O	O
93	66	from	O	O
93	67	ritonavir	B	B
93	68	-	O	O
93	69	treated	O	O
93	70	females	O	O
93	71	had	O	O
93	72	less	O	O
93	73	cholesteryl	B	B
93	74	ester	I	I
93	75	accumulation	O	O
93	76	.	O	O
93	77	In	O	O
93	78	the	O	O
93	79	present	O	O
93	80	study	O	O
93	81	,	O	O
93	82	we	O	O
93	83	have	O	O
93	84	investigated	O	O
93	85	the	O	O
93	86	molecular	O	O
93	87	mechanisms	O	O
93	88	by	O	O
93	89	which	O	O
93	90	female	O	O
93	91	hormones	O	O
93	92	influence	O	O
93	93	cholesterol	B	B
93	94	metabolism	O	O
93	95	in	O	O
94	0	BACKGROUND	O	O
94	1	:	O	O
94	2	Spinal	O	O
94	3	anaesthesia	O	O
94	4	is	O	O
94	5	widely	O	O
94	6	employed	O	O
94	7	in	O	O
94	8	clinical	O	O
94	9	practice	O	O
94	10	but	O	O
94	11	has	O	O
94	12	the	O	O
94	13	main	O	O
94	14	drawback	O	O
94	15	of	O	O
94	16	post	O	O
94	17	-	O	O
94	18	spinal	O	O
94	19	block	O	O
94	20	hypotension	O	O
94	21	.	O	O
94	22	Efforts	O	O
94	23	must	O	O
94	24	therefore	O	O
94	25	continue	O	O
94	26	to	O	O
94	27	be	O	O
94	28	made	O	O
94	29	to	O	O
94	30	obviate	O	O
94	31	this	O	O
94	32	setback	O	O
94	33	OBJECTIVE	O	O
94	34	:	O	O
94	35	To	O	O
94	36	evaluate	O	O
94	37	the	O	O
94	38	cardiovascular	O	O
94	39	and	O	O
94	40	respiratory	O	O
94	41	changes	O	O
94	42	during	O	O
94	43	unilateral	O	O
94	44	and	O	O
94	45	conventional	O	O
94	46	spinal	O	O
94	47	anaesthesia	O	O
94	48	.	O	O
94	49	METHODS	O	O
94	50	:	O	O
94	51	With	O	O
94	52	ethical	O	O
94	53	approval	O	O
94	54	,	O	O
94	55	we	O	O
94	56	studied	O	O
94	57	74	O	O
94	58	American	O	O
94	59	Society	O	O
94	60	of	O	O
94	61	Anesthesiologists	O	O
94	62	(	O	O
94	63	ASA	O	O
94	64	)	O	O
94	65	,	O	O
94	66	physical	O	O
94	67	status	O	O
94	68	class	O	O
94	69	1	O	O
94	70	and	O	O
94	71	2	O	O
94	72	patients	O	O
94	73	scheduled	O	O
94	74	for	O	O
94	75	elective	O	O
94	76	unilateral	O	O
94	77	lower	O	O
94	78	limb	O	O
94	79	surgery	O	O
94	80	.	O	O
95	0	Acute	O	O
95	1	effects	O	O
95	2	of	O	O
95	3	N	B	B
95	4	-	I	I
95	5	(	I	I
95	6	2	I	I
95	7	-	I	I
95	8	propylpentanoyl	I	I
95	9	)	I	I
95	10	urea	I	I
95	11	on	O	O
95	12	hippocampal	O	O
95	13	amino	O	B
95	14	acid	O	I
95	15	neurotransmitters	O	O
95	16	in	O	O
95	17	pilocarpine	B	B
95	18	-	O	O
95	19	induced	O	O
95	20	seizure	O	O
95	21	in	O	O
95	22	rats	O	O
95	23	.	O	O
96	0	The	O	O
96	1	present	O	O
96	2	study	O	O
96	3	aimed	O	O
96	4	to	O	O
96	5	investigate	O	O
96	6	the	O	O
96	7	anticonvulsant	O	O
96	8	activity	O	O
96	9	as	O	O
96	10	well	O	O
96	11	as	O	O
96	12	the	O	O
96	13	effects	O	O
96	14	on	O	O
96	15	the	O	O
96	16	level	O	O
96	17	of	O	O
96	18	hippocampal	O	O
96	19	amino	O	B
96	20	acid	O	I
96	21	neurotransmitters	O	O
96	22	(	O	O
96	23	glutamate	B	B
96	24	,	O	O
96	25	aspartate	B	B
96	26	,	O	O
96	27	glycine	B	B
96	28	and	O	O
96	29	GABA	B	B
96	30	)	O	O
96	31	of	O	O
96	32	N	B	B
96	33	-	I	I
96	34	(	I	I
96	35	2	I	I
96	36	-	I	I
96	37	propylpentanoyl	I	I
96	38	)	I	I
96	39	urea	I	I
96	40	(	O	O
96	41	VPU	B	B
96	42	)	O	O
96	43	in	O	O
96	44	comparison	O	O
96	45	to	O	O
96	46	its	O	O
96	47	parent	O	O
96	48	compound	O	O
96	49	,	O	O
96	50	valproic	B	B
96	51	acid	I	I
96	52	(	O	O
96	53	VPA	B	B
96	54	)	O	O
96	55	.	O	O
96	56	VPU	B	B
96	57	was	O	O
96	58	more	O	O
96	59	potent	O	O
96	60	than	O	O
96	61	VPA	B	B
96	62	,	O	O
96	63	exhibiting	O	O
96	64	the	O	O
96	65	median	O	O
96	66	effective	O	O
96	67	dose	O	O
96	68	(	O	O
96	69	ED	O	O
96	70	(	O	O
96	71	50	O	O
96	72	)	O	O
96	73	)	O	O
96	74	of	O	O
96	75	49	O	O
96	76	mg	O	O
96	77	/	O	O
96	78	kg	O	O
96	79	in	O	O
96	80	protecting	O	O
96	81	rats	O	O
96	82	against	O	O
96	83	pilocarpine	B	B
96	84	-	O	O
96	85	induced	O	O
96	86	seizure	O	O
96	87	whereas	O	O
96	88	the	O	O
97	0	Delirium	O	O
97	1	in	O	O
97	2	a	O	O
97	3	patient	O	O
97	4	with	O	O
97	5	toxic	O	O
97	6	flecainide	B	B
97	7	plasma	O	O
97	8	concentrations	O	O
97	9	:	O	O
97	10	the	O	O
97	11	role	O	O
97	12	of	O	O
97	13	a	O	O
97	14	pharmacokinetic	O	O
97	15	drug	O	O
97	16	interaction	O	O
97	17	with	O	O
97	18	paroxetine	B	B
97	19	.	O	O
98	0	OBJECTIVE	O	O
98	1	:	O	O
98	2	To	O	O
98	3	describe	O	O
98	4	a	O	O
98	5	case	O	O
98	6	of	O	O
98	7	flecainide	B	B
98	8	-	O	O
98	9	induced	O	O
98	10	delirium	O	O
98	11	associated	O	O
98	12	with	O	O
98	13	a	O	O
98	14	pharmacokinetic	O	O
98	15	drug	O	O
98	16	interaction	O	O
98	17	with	O	O
98	18	paroxetine	B	B
98	19	.	O	O
98	20	CASE	O	O
98	21	SUMMARY	O	O
98	22	:	O	O
98	23	A	O	O
98	24	69	O	O
98	25	-	O	O
98	26	year	O	O
98	27	-	O	O
98	28	old	O	O
98	29	white	O	O
98	30	female	O	O
98	31	presented	O	O
98	32	to	O	O
98	33	the	O	O
98	34	emergency	O	O
98	35	department	O	O
98	36	with	O	O
98	37	a	O	O
98	38	history	O	O
98	39	of	O	O
98	40	confusion	O	O
98	41	and	O	O
98	42	paranoia	O	O
98	43	over	O	O
98	44	the	O	O
98	45	past	O	O
98	46	several	O	O
98	47	days	O	O
98	48	.	O	O
98	49	On	O	O
98	50	admission	O	O
98	51	the	O	O
98	52	patient	O	O
98	53	was	O	O
98	54	taking	O	O
98	55	carvedilol	B	B
98	56	12	O	O
98	57	mg	O	O
98	58	twice	O	O
98	59	daily	O	O
98	60	,	O	O
98	61	warfarin	B	B
98	62	2	O	O
98	63	mg	O	O
98	64	/	O	O
98	65	day	O	O
98	66	,	O	O
98	67	folic	B	B
98	68	acid	I	I
98	69	1	O	O
98	70	mg	O	O
98	71	/	O	O
98	72	day	O	O
98	73	,	O	O
98	74	levothyroxine	B	B
98	75	100	O	O
98	76	microg	O	O
98	77	/	O	O
98	78	day	O	O
98	79	,	O	O
98	80	pantoprazole	B	B
98	81	40	O	O
98	82	mg	O	O
98	83	/	O	O
98	84	day	O	O
98	85	,	O	O
98	86	paroxetine	B	O
99	0	Depression	O	O
99	1	,	O	O
99	2	impulsiveness	O	O
99	3	,	O	O
99	4	sleep	O	O
99	5	,	O	O
99	6	and	O	O
99	7	memory	O	O
99	8	in	O	O
99	9	past	O	O
99	10	and	O	O
99	11	present	O	O
99	12	polydrug	O	O
99	13	users	O	O
99	14	of	O	O
99	15	3	B	B
99	16	,	I	I
99	17	4	I	I
99	18	-	I	I
99	19	methylenedioxymethamphetamine	I	I
99	20	(	O	O
99	21	MDMA	B	B
99	22	,	O	O
99	23	ecstasy	B	B
99	24	)	O	O
99	25	.	O	O
100	0	RATIONALE	O	O
100	1	:	O	O
100	2	Ecstasy	B	B
100	3	(	O	O
100	4	3	B	B
100	5	,	I	I
100	6	4	I	I
100	7	-	I	I
100	8	methylenedioxymethamphetamine	I	I
100	9	,	O	O
100	10	MDMA	B	B
100	11	)	O	O
100	12	is	O	O
100	13	a	O	O
100	14	worldwide	O	O
100	15	recreational	O	O
100	16	drug	O	O
100	17	of	O	O
100	18	abuse	O	O
100	19	.	O	O
100	20	Unfortunately	O	O
100	21	,	O	O
100	22	the	O	O
100	23	results	O	O
100	24	from	O	O
100	25	human	O	O
100	26	research	O	O
100	27	investigating	O	O
100	28	its	O	O
100	29	psychological	O	O
100	30	effects	O	O
100	31	have	O	O
100	32	been	O	O
100	33	inconsistent	O	O
100	34	.	O	O
100	35	OBJECTIVES	O	O
100	36	:	O	O
100	37	The	O	O
100	38	present	O	O
100	39	study	O	O
100	40	aimed	O	O
100	41	to	O	O
100	42	be	O	O
100	43	the	O	O
100	44	largest	O	O
100	45	to	O	O
100	46	date	O	O
100	47	in	O	O
100	48	sample	O	O
100	49	size	O	O
100	50	and	O	O
100	51	5HT	B	B
100	52	-	O	O
100	53	related	O	O
100	54	behaviors	O	O
100	55	;	O	O
100	56	the	O	O
100	57	first	O	O
100	58	to	O	O
100	59	compare	O	O
100	60	present	O	O
100	61	ecstasy	B	B
100	62	users	O	O
100	63	with	O	O
100	64	past	O	O
100	65	users	O	O
100	66	after	O	O
100	67	an	O	O
100	68	abstinence	O	O
100	69	of	O	O
100	70	4	O	O
100	71	or	O	O
100	72	more	O	O
100	73	years	O	O
100	74	,	O	O
100	75	and	O	O
100	76	the	O	O
100	77	first	O	O
100	78	to	O	O
100	79	include	O	O
100	80	robust	O	O
100	81	controls	O	O
100	82	for	O	O
100	83	other	O	O
100	84	recreational	O	O
100	85	substances	O	O
100	86	.	O	O
100	87	METHODS	O	O
100	88	:	O	O
100	89	A	O	O
100	90	sample	O	O
100	91	of	O	O
100	92	997	O	O
100	93	participants	O	O
100	94	(	O	O
100	95	52	O	O
101	0	A	O	O
101	1	comparison	O	O
101	2	of	O	O
101	3	severe	O	O
101	4	hemodynamic	O	O
101	5	disturbances	O	O
101	6	between	O	O
101	7	dexmedetomidine	B	B
101	8	and	O	O
101	9	propofol	B	B
101	10	for	O	O
101	11	sedation	O	O
101	12	in	O	O
101	13	neurocritical	O	O
101	14	care	O	O
101	15	patients	O	O
101	16	.	O	O
102	0	OBJECTIVE	O	O
102	1	:	O	O
102	2	Dexmedetomidine	B	B
102	3	and	O	O
102	4	propofol	B	B
102	5	are	O	O
102	6	commonly	O	O
102	7	used	O	O
102	8	sedatives	O	O
102	9	in	O	O
102	10	neurocritical	O	O
102	11	care	O	O
102	12	as	O	O
102	13	they	O	O
102	14	allow	O	O
102	15	for	O	O
102	16	frequent	O	O
102	17	neurologic	O	O
102	18	examinations	O	O
102	19	.	O	O
102	20	However	O	O
102	21	,	O	O
102	22	both	O	O
102	23	agents	O	O
102	24	are	O	O
102	25	associated	O	O
102	26	with	O	O
102	27	significant	O	O
102	28	hemodynamic	O	O
102	29	side	O	O
102	30	effects	O	O
102	31	.	O	O
102	32	The	O	O
102	33	primary	O	O
102	34	objective	O	O
102	35	of	O	O
102	36	this	O	O
102	37	study	O	O
102	38	is	O	O
102	39	to	O	O
102	40	compare	O	O
102	41	the	O	O
102	42	prevalence	O	O
102	43	of	O	O
102	44	severe	O	O
102	45	hemodynamic	O	O
102	46	effects	O	O
102	47	in	O	O
102	48	neurocritical	O	O
102	49	care	O	O
102	50	patients	O	O
102	51	receiving	O	O
102	52	dexmedetomidine	B	B
102	53	and	O	O
102	54	propofol	B	B
102	55	.	O	O
102	56	DESIGN	O	O
102	57	:	O	O
102	58	Multicenter	O	O
102	59	,	O	O
102	60	retrospective	O	O
102	61	,	O	O
102	62	propensity	O	O
102	63	-	O	O
102	64	matched	O	O
102	65	cohort	O	O
102	66	study	O	O
102	67	.	O	O
102	68	SETTING	O	O
102	69	:	O	O
102	70	Neurocritical	O	O
102	71	care	O	O
102	72	units	O	O
102	73	at	O	O
103	0	Effects	O	O
103	1	of	O	O
103	2	dehydroepiandrosterone	B	B
103	3	in	O	O
103	4	amphetamine	B	B
103	5	-	O	O
103	6	induced	O	O
103	7	schizophrenia	O	O
103	8	models	O	O
103	9	in	O	O
103	10	mice	O	O
103	11	.	O	O
104	0	OBJECTIVE	O	O
104	1	:	O	O
104	2	To	O	O
104	3	examine	O	O
104	4	the	O	O
104	5	effects	O	O
104	6	of	O	O
104	7	dehydroepiandrosterone	B	B
104	8	(	O	O
104	9	DHEA	B	B
104	10	)	O	O
104	11	on	O	O
104	12	animal	O	O
104	13	models	O	O
104	14	of	O	O
104	15	schizophrenia	O	O
104	16	.	O	O
104	17	METHODS	O	O
104	18	:	O	O
104	19	Seventy	O	O
104	20	Swiss	O	O
104	21	albino	O	O
104	22	female	O	O
104	23	mice	O	O
104	24	(	O	O
104	25	25	O	O
104	26	-	O	O
104	27	35	O	O
104	28	g	O	O
104	29	)	O	O
104	30	were	O	O
104	31	divided	O	O
104	32	into	O	O
104	33	4	O	O
104	34	groups	O	O
104	35	:	O	O
104	36	amphetamine	B	B
104	37	-	O	O
104	38	free	O	O
104	39	(	O	O
104	40	control	O	O
104	41	)	O	O
104	42	,	O	O
104	43	amphetamine	B	B
104	44	,	O	O
104	45	50	O	O
104	46	,	O	O
104	47	and	O	O
104	48	100	O	O
104	49	mg	O	O
104	50	/	O	O
104	51	kg	O	O
104	52	DHEA	B	B
104	53	.	O	O
104	54	The	O	O
104	55	DHEA	B	B
104	56	was	O	O
104	57	administered	O	O
104	58	intraperitoneally	O	O
104	59	(	O	O
104	60	ip	O	O
104	61	)	O	O
104	62	for	O	O
104	63	5	O	O
104	64	days	O	O
104	65	.	O	O
104	66	Amphetamine	B	B
104	67	(	O	O
104	68	3	O	O
104	69	mg	O	O
104	70	/	O	O
104	71	kg	O	O
104	72	ip	O	O
104	73	)	O	O
104	74	induced	O	O
104	75	hyper	O	O
104	76	locomotion	O	O
104	77	,	O	O
104	78	apomorphine	B	B
104	79	(	O	O
104	80	1	O	O
104	81	.	O	O
104	82	5	O	O
105	0	Aconitine	B	B
105	1	-	O	O
105	2	induced	O	O
105	3	Ca2	B	B
105	4	+	I	I
105	5	overload	O	O
105	6	causes	O	O
105	7	arrhythmia	O	O
105	8	and	O	O
105	9	triggers	O	O
105	10	apoptosis	O	O
105	11	through	O	O
105	12	p38	O	O
105	13	MAPK	O	O
105	14	signaling	O	O
105	15	pathway	O	O
105	16	in	O	O
105	17	rats	O	O
105	18	.	O	O
106	0	Aconitine	B	B
106	1	is	O	O
106	2	a	O	O
106	3	major	O	O
106	4	bioactive	O	O
106	5	diterpenoid	B	B
106	6	alkaloid	I	I
106	7	with	O	O
106	8	high	O	O
106	9	content	O	O
106	10	derived	O	O
106	11	from	O	O
106	12	herbal	O	O
106	13	aconitum	O	B
106	14	plants	O	O
106	15	.	O	O
106	16	Emerging	O	O
106	17	evidence	O	O
106	18	indicates	O	O
106	19	that	O	O
106	20	voltage	O	O
106	21	-	O	O
106	22	dependent	O	O
106	23	Na	B	B
106	24	(	I	I
106	25	+	I	I
106	26	)	I	I
106	27	channels	O	O
106	28	have	O	O
106	29	pivotal	O	O
106	30	roles	O	O
106	31	in	O	O
106	32	the	O	O
106	33	cardiotoxicity	O	O
106	34	of	O	O
106	35	aconitine	B	B
106	36	.	O	O
106	37	However	O	O
106	38	,	O	O
106	39	no	O	O
106	40	reports	O	O
106	41	are	O	O
106	42	available	O	O
106	43	on	O	O
106	44	the	O	O
106	45	role	O	O
106	46	of	O	O
106	47	Ca	B	B
106	48	(	I	I
106	49	2	I	I
106	50	+	I	I
106	51	)	I	I
106	52	in	O	O
106	53	aconitine	B	B
106	54	poisoning	O	O
106	55	.	O	O
106	56	In	O	O
106	57	this	O	O
106	58	study	O	O
106	59	,	O	O
106	60	we	O	O
106	61	explored	O	O
106	62	the	O	O
106	63	importance	O	O
106	64	of	O	O
106	65	pathological	O	O
106	66	Ca	B	B
106	67	(	I	I
106	68	2	I	I
106	69	+	I	I
106	70	)	I	I
106	71	signaling	O	O
106	72	in	O	O
106	73	aconitine	B	B
106	74	poisoning	O	O
106	75	in	O	O
106	76	vitro	O	O
106	77	and	O	O
106	78	in	O	O
106	79	vivo	O	O
106	80	.	O	O
106	81	We	O	O
106	82	found	O	O
106	83	that	O	O
106	84	Ca	B	B
106	85	(	I	I
106	86	2	I	I
106	87	+	I	I
106	88	)	I	I
106	89	overload	O	O
106	90	lead	O	O
